"cycle","year","meanG","gain","varG","varGpct","varGenic","varGenicPct","bridgePoolY","donorPoolY","nElig","nGeno","nPheno","nCross","nBridgeIn","strategy","scenario","axis","level","rep","seed","donorImprove","group","donorMeanObs","donorGapObs","burnInUsed","eliteVarObs","h2","cycleYears","nBridge","bridgeBar","bridgeLag","varGxERatio"
1,3,6.50998057601991,0.509980576019915,0.405265419324506,87.9737643950735,0.402719841551022,95.1275882877641,NA,NA,0,1260,260,30,0,"GSRS","GSRS_base","baseline","baseline",1,8001,0,"core",NA,NA,9,0.460666224881017,0.3,3,2,"poolMean",0,0
2,6,7.14859912734064,1.14859912734064,0.242608811314648,52.6647707626731,0.357882367832722,84.5364023076776,NA,NA,0,2460,460,60,0,"GSRS","GSRS_base","baseline","baseline",1,8001,0,"core",NA,NA,9,0.460666224881017,0.3,3,2,"poolMean",0,0
3,9,7.66825055880475,1.66825055880475,0.28195447648327,61.2058061248346,0.31745896274529,74.9878759139028,NA,NA,0,3660,660,90,0,"GSRS","GSRS_base","baseline","baseline",1,8001,0,"core",NA,NA,9,0.460666224881017,0.3,3,2,"poolMean",0,0
4,12,8.28462207288182,2.28462207288182,0.199722314713556,43.3551026592281,0.262840007580727,62.0861786456688,NA,NA,0,4860,860,120,0,"GSRS","GSRS_base","baseline","baseline",1,8001,0,"core",NA,NA,9,0.460666224881017,0.3,3,2,"poolMean",0,0
5,15,9.02250649672616,3.02250649672616,0.154496449993548,33.5376117564191,0.217675798687946,51.4178136295619,NA,NA,0,6060,1060,150,0,"GSRS","GSRS_base","baseline","baseline",1,8001,0,"core",NA,NA,9,0.460666224881017,0.3,3,2,"poolMean",0,0
6,18,9.43884467758639,3.43884467758639,0.165329925349675,35.8893090962718,0.188903920774651,44.6215272934813,NA,NA,0,7260,1260,180,0,"GSRS","GSRS_base","baseline","baseline",1,8001,0,"core",NA,NA,9,0.460666224881017,0.3,3,2,"poolMean",0,0
7,21,9.85117946709018,3.85117946709018,0.157933536356575,34.2837238387439,0.174726653161359,41.2726749713099,NA,NA,0,8460,1460,210,0,"GSRS","GSRS_base","baseline","baseline",1,8001,0,"core",NA,NA,9,0.460666224881017,0.3,3,2,"poolMean",0,0
8,24,10.2639083425426,4.26390834254259,0.121309813036025,26.3335591983886,0.126948662567123,29.9869012161339,NA,NA,0,9660,1660,240,0,"GSRS","GSRS_base","baseline","baseline",1,8001,0,"core",NA,NA,9,0.460666224881017,0.3,3,2,"poolMean",0,0
9,27,10.5925989920747,4.59259899207471,0.0956392566237357,20.7610741700106,0.11170928665551,26.3871653007166,NA,NA,0,10860,1860,270,0,"GSRS","GSRS_base","baseline","baseline",1,8001,0,"core",NA,NA,9,0.460666224881017,0.3,3,2,"poolMean",0,0
10,30,11.0661097025136,5.06610970251361,0.0742433289344992,16.1165123303049,0.0861841882238344,20.357809892596,NA,NA,0,12060,2060,300,0,"GSRS","GSRS_base","baseline","baseline",1,8001,0,"core",NA,NA,9,0.460666224881017,0.3,3,2,"poolMean",0,0
11,33,11.3620584925383,5.36205849253826,0.0755787576261742,16.406403062368,0.0778281237178615,18.3840003555025,NA,NA,0,13260,2260,330,0,"GSRS","GSRS_base","baseline","baseline",1,8001,0,"core",NA,NA,9,0.460666224881017,0.3,3,2,"poolMean",0,0
12,36,11.6753916479326,5.67539164793256,0.041347290770841,8.97554206009358,0.0659397153500311,15.5758059237203,NA,NA,0,14460,2460,360,0,"GSRS","GSRS_base","baseline","baseline",1,8001,0,"core",NA,NA,9,0.460666224881017,0.3,3,2,"poolMean",0,0
13,39,11.8606104522031,5.86061045220313,0.0309521826933187,6.71900413391781,0.055715699132532,13.1607622505805,NA,NA,0,15660,2660,390,0,"GSRS","GSRS_base","baseline","baseline",1,8001,0,"core",NA,NA,9,0.460666224881017,0.3,3,2,"poolMean",0,0
14,42,11.952212435994,5.952212435994,0.039873953233022,8.65571450203904,0.0352822310796228,8.33411519802382,NA,NA,0,16860,2860,420,0,"GSRS","GSRS_base","baseline","baseline",1,8001,0,"core",NA,NA,9,0.460666224881017,0.3,3,2,"poolMean",0,0
15,45,12.0126131863593,6.0126131863593,0.0337204682411847,7.31993500280907,0.0319244400290163,7.54096191461906,NA,NA,0,18060,3060,450,0,"GSRS","GSRS_base","baseline","baseline",1,8001,0,"core",NA,NA,9,0.460666224881017,0.3,3,2,"poolMean",0,0
16,48,12.2279048580063,6.2279048580063,0.0236674981788549,5.13766733929057,0.0301393387872953,7.11929812144611,NA,NA,0,19260,3260,480,0,"GSRS","GSRS_base","baseline","baseline",1,8001,0,"core",NA,NA,9,0.460666224881017,0.3,3,2,"poolMean",0,0
17,51,12.3036066879771,6.30360668797708,0.0172739400281848,3.7497735009,0.0273759607142482,6.46655280201056,NA,NA,0,20460,3460,510,0,"GSRS","GSRS_base","baseline","baseline",1,8001,0,"core",NA,NA,9,0.460666224881017,0.3,3,2,"poolMean",0,0
18,54,12.3407076132006,6.3407076132006,0.0186423791129267,4.04683002704218,0.0224509897062855,5.30321152592572,NA,NA,0,21660,3660,540,0,"GSRS","GSRS_base","baseline","baseline",1,8001,0,"core",NA,NA,9,0.460666224881017,0.3,3,2,"poolMean",0,0
19,57,12.5509022511406,6.55090225114064,0.0127397087494611,2.76549659197429,0.017507422775443,4.13547765451027,NA,NA,0,22860,3860,570,0,"GSRS","GSRS_base","baseline","baseline",1,8001,0,"core",NA,NA,9,0.460666224881017,0.3,3,2,"poolMean",0,0
20,60,12.6276638199442,6.6276638199442,0.0143489546700518,3.11482672161561,0.0163798453047938,3.86912940363352,NA,NA,0,24060,4060,600,0,"GSRS","GSRS_base","baseline","baseline",1,8001,0,"core",NA,NA,9,0.460666224881017,0.3,3,2,"poolMean",0,0
1,3,6.50998057601991,0.509980576019915,0.405265419324506,87.9737643950735,0.402719841551022,95.1275882877641,5.42532255231778,3.27777244456281,6,1460,360,40,1,"CB","CB_base","baseline","2 bridge lines per cycle (as specified)",1,8001,0,"core",3.2124001599447,2.7875998400553,9,0.460666224881017,0.3,3,2,"poolMean",0,0
2,6,7.07002707914168,1.07002707914168,0.296706364677212,64.4081004101931,0.378993241996996,89.5230613661421,6.46011315360268,3.23730708049219,83,3160,660,90,3,"CB","CB_base","baseline","2 bridge lines per cycle (as specified)",1,8001,0,"core",3.2124001599447,2.7875998400553,9,0.460666224881017,0.3,3,2,"poolMean",0,0
3,9,7.81077058643614,1.81077058643614,0.267296113914011,58.0238140929583,0.261056515358011,61.664894923408,6.94039329850874,3.31921614731885,147,4860,960,140,5,"CB","CB_base","baseline","2 bridge lines per cycle (as specified)",1,8001,0,"core",3.2124001599447,2.7875998400553,9,0.460666224881017,0.3,3,2,"poolMean",0,0
4,12,8.46900406129348,2.46900406129348,0.119307320009751,25.8988642027243,0.17221079956096,40.6783981048677,7.34124685561157,3.14550271770382,58,6560,1260,190,7,"CB","CB_base","baseline","2 bridge lines per cycle (as specified)",1,8001,0,"core",3.2124001599447,2.7875998400553,9,0.460666224881017,0.3,3,2,"poolMean",0,0
5,15,8.97074412426014,2.97074412426014,0.0899721939958368,19.530885733825,0.147266522214696,34.7862400815819,7.4469945419186,3.20174791751376,26,8260,1560,240,9,"CB","CB_base","baseline","2 bridge lines per cycle (as specified)",1,8001,0,"core",3.2124001599447,2.7875998400553,9,0.460666224881017,0.3,3,2,"poolMean",0,0
6,18,9.25984952527867,3.25984952527867,0.0964970583098484,20.9472831082357,0.146239215653938,34.543577104807,7.68498797220645,3.14345332562828,53,9960,1860,290,11,"CB","CB_base","baseline","2 bridge lines per cycle (as specified)",1,8001,0,"core",3.2124001599447,2.7875998400553,9,0.460666224881017,0.3,3,2,"poolMean",0,0
7,21,9.76073648868038,3.76073648868038,0.115584585586177,25.0907445224643,0.130831198304174,30.9040059201989,8.45295594292516,3.23452821691596,113,11660,2160,340,13,"CB","CB_base","baseline","2 bridge lines per cycle (as specified)",1,8001,0,"core",3.2124001599447,2.7875998400553,9,0.460666224881017,0.3,3,2,"poolMean",0,0
8,24,10.1818274143564,4.18182741435636,0.0887103075459211,19.2569593242555,0.10548113575224,24.9159962303312,8.45571886769053,3.18332053314593,59,13360,2460,390,15,"CB","CB_base","baseline","2 bridge lines per cycle (as specified)",1,8001,0,"core",3.2124001599447,2.7875998400553,9,0.460666224881017,0.3,3,2,"poolMean",0,0
9,27,10.5707891919393,4.57078919193928,0.0725851694360218,15.7565641923867,0.0689621345553995,16.2897400787746,8.44063319443016,3.17388435343758,85,15060,2760,440,17,"CB","CB_base","baseline","2 bridge lines per cycle (as specified)",1,8001,0,"core",3.2124001599447,2.7875998400553,9,0.460666224881017,0.3,3,2,"poolMean",0,0
10,30,10.7495573525499,4.74955735254994,0.0401980134199617,8.72606048562475,0.0579447843472214,13.6873007487698,8.76275409034665,3.22616871046499,29,16760,3060,490,19,"CB","CB_base","baseline","2 bridge lines per cycle (as specified)",1,8001,0,"core",3.2124001599447,2.7875998400553,9,0.460666224881017,0.3,3,2,"poolMean",0,0
11,33,10.9316638882292,4.93166388822925,0.033969241379412,7.37393790660162,0.0573053717584483,13.536263299866,8.8017225829103,3.41056791144535,74,18460,3360,540,21,"CB","CB_base","baseline","2 bridge lines per cycle (as specified)",1,8001,0,"core",3.2124001599447,2.7875998400553,9,0.460666224881017,0.3,3,2,"poolMean",0,0
12,36,11.0733497359175,5.07334973591751,0.0254200731938848,5.51811090566721,0.0450224411951354,10.6348776688677,9.08684715404769,3.27118086211231,50,20160,3660,590,23,"CB","CB_base","baseline","2 bridge lines per cycle (as specified)",1,8001,0,"core",3.2124001599447,2.7875998400553,9,0.460666224881017,0.3,3,2,"poolMean",0,0
13,39,11.3308429838769,5.33084298387693,0.0177119502083233,3.84485539674587,0.0471553446930611,11.1386968127837,9.18904160161255,3.15569791781516,74,21860,3960,640,25,"CB","CB_base","baseline","2 bridge lines per cycle (as specified)",1,8001,0,"core",3.2124001599447,2.7875998400553,9,0.460666224881017,0.3,3,2,"poolMean",0,0
14,42,11.3975201247015,5.39752012470148,0.0249778295348744,5.42211001931512,0.0423885697746295,10.0127234806663,9.316334601853,3.09360047775429,63,23560,4260,690,27,"CB","CB_base","baseline","2 bridge lines per cycle (as specified)",1,8001,0,"core",3.2124001599447,2.7875998400553,9,0.460666224881017,0.3,3,2,"poolMean",0,0
15,45,11.60467505936,5.60467505936002,0.0281791390318582,6.11704038843665,0.0330892939005353,7.81611532915781,9.15527603677698,3.14817543747414,41,25260,4560,740,29,"CB","CB_base","baseline","2 bridge lines per cycle (as specified)",1,8001,0,"core",3.2124001599447,2.7875998400553,9,0.460666224881017,0.3,3,2,"poolMean",0,0
16,48,11.7489680687054,5.74896806870545,0.0209885339300115,4.55612606186453,0.0298978108940986,7.06224613737814,9.40156130637209,3.06842515604273,36,26960,4860,790,31,"CB","CB_base","baseline","2 bridge lines per cycle (as specified)",1,8001,0,"core",3.2124001599447,2.7875998400553,9,0.460666224881017,0.3,3,2,"poolMean",0,0
17,51,11.7456683044898,5.74566830448976,0.0207920454763846,4.51347295577288,0.0272361910535024,6.43353741669619,9.32154096883798,3.11739853811572,46,28660,5160,840,33,"CB","CB_base","baseline","2 bridge lines per cycle (as specified)",1,8001,0,"core",3.2124001599447,2.7875998400553,9,0.460666224881017,0.3,3,2,"poolMean",0,0
18,54,11.8542724258227,5.85427242582267,0.0142911738510192,3.10228384004284,0.0281417220647499,6.64743544786344,9.37542996719939,3.12318185710249,49,30360,5460,890,35,"CB","CB_base","baseline","2 bridge lines per cycle (as specified)",1,8001,0,"core",3.2124001599447,2.7875998400553,9,0.460666224881017,0.3,3,2,"poolMean",0,0
19,57,11.9156163083562,5.91561630835616,0.0137251566574329,2.97941457743683,0.0166018839655466,3.92157778120218,9.24521593293261,3.07005848892815,20,32060,5760,940,36,"CB","CB_base","baseline","2 bridge lines per cycle (as specified)",1,8001,0,"core",3.2124001599447,2.7875998400553,9,0.460666224881017,0.3,3,2,"poolMean",0,0
20,60,11.8647550192432,5.86475501924321,0.0103835917141385,2.25403798961393,0.0130948112086877,3.09316224541726,9.27684187005299,3.04782908450834,7,33760,6060,990,37,"CB","CB_base","baseline","2 bridge lines per cycle (as specified)",1,8001,0,"core",3.2124001599447,2.7875998400553,9,0.460666224881017,0.3,3,2,"poolMean",0,0
1,3,6.50998057601991,0.509980576019915,0.405265419324506,87.9737643950735,0.402719841551022,95.1275882877641,5.46419550944991,3.25876496511358,1,1460,360,40,1,"CB","CB_nB1","inflow_rate","1 bridge line per cycle",1,8001,0,"core",3.27044046774256,2.72955953225744,9,0.460666224881017,0.3,3,1,"poolMean",0,0
2,6,7.32059914727163,1.32059914727163,0.246318995517565,53.4701660798303,0.371287908873306,87.7029629220541,6.43922450200505,3.2232843554428,64,3160,660,90,2,"CB","CB_nB1","inflow_rate","1 bridge line per cycle",1,8001,0,"core",3.27044046774256,2.72955953225744,9,0.460666224881017,0.3,3,1,"poolMean",0,0
3,9,7.74859890736327,1.74859890736327,0.245563950495193,53.3062632405095,0.329688594964593,77.8766717929139,6.86300971427476,3.22859968751937,148,4860,960,140,3,"CB","CB_nB1","inflow_rate","1 bridge line per cycle",1,8001,0,"core",3.27044046774256,2.72955953225744,9,0.460666224881017,0.3,3,1,"poolMean",0,0
4,12,8.11165708713729,2.11165708713729,0.208750413621505,45.3148944608261,0.308956307734899,72.9794398207958,7.06613738147711,3.2489744611468,74,6560,1260,190,4,"CB","CB_nB1","inflow_rate","1 bridge line per cycle",1,8001,0,"core",3.27044046774256,2.72955953225744,9,0.460666224881017,0.3,3,1,"poolMean",0,0
5,15,8.59827063067366,2.59827063067366,0.196944196950525,42.7520374434642,0.291614339574105,68.8830446669193,7.43024070190031,3.28058412477858,13,8260,1560,240,5,"CB","CB_nB1","inflow_rate","1 bridge line per cycle",1,8001,0,"core",3.27044046774256,2.72955953225744,9,0.460666224881017,0.3,3,1,"poolMean",0,0
6,18,9.07612064342763,3.07612064342763,0.230259171515567,49.9839491325935,0.264050284618542,62.3720615942815,7.78354471985523,3.24875265362909,53,9960,1860,290,6,"CB","CB_nB1","inflow_rate","1 bridge line per cycle",1,8001,0,"core",3.27044046774256,2.72955953225744,9,0.460666224881017,0.3,3,1,"poolMean",0,0
7,21,9.79327444253441,3.79327444253441,0.13700173221466,29.7399125039057,0.216335249064387,51.1011586264756,8.49216721351503,3.34014545343397,89,11660,2160,340,7,"CB","CB_nB1","inflow_rate","1 bridge line per cycle",1,8001,0,"core",3.27044046774256,2.72955953225744,9,0.460666224881017,0.3,3,1,"poolMean",0,0
8,24,10.0646821904825,4.06468219048245,0.167482155787659,36.3565086263741,0.208930668635403,49.3521018236641,8.60002592700526,3.51152598740448,70,13360,2460,390,8,"CB","CB_nB1","inflow_rate","1 bridge line per cycle",1,8001,0,"core",3.27044046774256,2.72955953225744,9,0.460666224881017,0.3,3,1,"poolMean",0,0
9,27,10.5972980514997,4.59729805149969,0.11795470055667,25.6052417533184,0.1776737686547,41.9688214244056,8.83679707473374,3.52750469889287,89,15060,2760,440,9,"CB","CB_nB1","inflow_rate","1 bridge line per cycle",1,8001,0,"core",3.27044046774256,2.72955953225744,9,0.460666224881017,0.3,3,1,"poolMean",0,0
10,30,11.0988041537757,5.09880415377571,0.118386582440994,25.6989933376538,0.156975050286581,37.0795188476481,9.0678142647097,3.59827165217483,33,16760,3060,490,10,"CB","CB_nB1","inflow_rate","1 bridge line per cycle",1,8001,0,"core",3.27044046774256,2.72955953225744,9,0.460666224881017,0.3,3,1,"poolMean",0,0
11,33,11.3649260772612,5.36492607726118,0.0816987598021962,17.7349142154491,0.149483003244657,35.3098013097888,9.3392754396899,3.69015711848904,54,18460,3360,540,11,"CB","CB_nB1","inflow_rate","1 bridge line per cycle",1,8001,0,"core",3.27044046774256,2.72955953225744,9,0.460666224881017,0.3,3,1,"poolMean",0,0
12,36,11.4965660826846,5.49656608268458,0.0746522504538584,16.2052797495931,0.131754347890692,31.1220656846645,9.55315787068879,3.67814165416986,108,20160,3660,590,12,"CB","CB_nB1","inflow_rate","1 bridge line per cycle",1,8001,0,"core",3.27044046774256,2.72955953225744,9,0.460666224881017,0.3,3,1,"poolMean",0,0
13,39,11.7159668647487,5.71596686474869,0.107434157328774,23.3214747524681,0.119478024148256,28.222240669438,9.70012448033086,3.7121140908392,135,21860,3960,640,13,"CB","CB_nB1","inflow_rate","1 bridge line per cycle",1,8001,0,"core",3.27044046774256,2.72955953225744,9,0.460666224881017,0.3,3,1,"poolMean",0,0
14,42,12.0178031937633,6.01780319376329,0.039694830653375,8.61683112618632,0.0966657182434228,22.8336816263778,9.64005876955927,3.70779564238692,76,23560,4260,690,14,"CB","CB_nB1","inflow_rate","1 bridge line per cycle",1,8001,0,"core",3.27044046774256,2.72955953225744,9,0.460666224881017,0.3,3,1,"poolMean",0,0
15,45,12.1513899850899,6.15138998508992,0.0476252479392567,10.3383415946237,0.0777101835665088,18.3561413800985,9.64216206199157,3.70802463059944,37,25260,4560,740,15,"CB","CB_nB1","inflow_rate","1 bridge line per cycle",1,8001,0,"core",3.27044046774256,2.72955953225744,9,0.460666224881017,0.3,3,1,"poolMean",0,0
16,48,12.2513288067365,6.25132880673646,0.0356386509323387,7.73632817156143,0.0620222671673457,14.6504544525191,9.88481711733241,3.68231205262612,29,26960,4860,790,16,"CB","CB_nB1","inflow_rate","1 bridge line per cycle",1,8001,0,"core",3.27044046774256,2.72955953225744,9,0.460666224881017,0.3,3,1,"poolMean",0,0
17,51,12.2948732016553,6.29487320165528,0.0338687460954821,7.35212270103583,0.0629575555116365,14.8713815471549,10.1003181758596,3.58621318290721,32,28660,5160,840,17,"CB","CB_nB1","inflow_rate","1 bridge line per cycle",1,8001,0,"core",3.27044046774256,2.72955953225744,9,0.460666224881017,0.3,3,1,"poolMean",0,0
18,54,12.4809543708363,6.48095437083632,0.0286099812044871,6.21056627537141,0.0462214064690001,10.9180886338509,10.1921565893446,3.60311205739286,47,30360,5460,890,18,"CB","CB_nB1","inflow_rate","1 bridge line per cycle",1,8001,0,"core",3.27044046774256,2.72955953225744,9,0.460666224881017,0.3,3,1,"poolMean",0,0
19,57,12.689975131151,6.68997513115098,0.0327753252965113,7.11476629418114,0.0388754311255142,9.18287510338305,10.1703991020773,3.55729677295949,79,32060,5760,940,19,"CB","CB_nB1","inflow_rate","1 bridge line per cycle",1,8001,0,"core",3.27044046774256,2.72955953225744,9,0.460666224881017,0.3,3,1,"poolMean",0,0
20,60,12.8216895756962,6.82168957569617,0.0302006434326604,6.55586231451215,0.0305671059652761,7.22034221163361,10.0709703093326,3.48072796547868,14,33760,6060,990,20,"CB","CB_nB1","inflow_rate","1 bridge line per cycle",1,8001,0,"core",3.27044046774256,2.72955953225744,9,0.460666224881017,0.3,3,1,"poolMean",0,0
1,3,6.50998057601991,0.509980576019915,0.405265419324506,87.9737643950735,0.402719841551022,95.1275882877641,5.46419550944991,3.25876496511358,1,1460,360,40,1,"CB","CB_nB4","inflow_rate","4 bridge lines per cycle",1,8001,0,"core",3.27044046774256,2.72955953225744,9,0.460666224881017,0.3,3,4,"poolMean",0,0
2,6,7.32059914727163,1.32059914727163,0.246318995517565,53.4701660798303,0.371287908873306,87.7029629220541,6.43922450200505,3.2232843554428,64,3160,660,90,5,"CB","CB_nB4","inflow_rate","4 bridge lines per cycle",1,8001,0,"core",3.27044046774256,2.72955953225744,9,0.460666224881017,0.3,3,4,"poolMean",0,0
3,9,7.68443840505247,1.68443840505247,0.295465515753912,64.1387407618663,0.359586257865203,84.9388829723332,6.86568287364942,3.22859968751937,154,4860,960,140,9,"CB","CB_nB4","inflow_rate","4 bridge lines per cycle",1,8001,0,"core",3.27044046774256,2.72955953225744,9,0.460666224881017,0.3,3,4,"poolMean",0,0
4,12,8.27087313860884,2.27087313860884,0.235637301410767,51.1514169443675,0.307515481119261,72.6390981069171,7.05603561209229,3.2489744611468,61,6560,1260,190,12,"CB","CB_nB4","inflow_rate","4 bridge lines per cycle",1,8001,0,"core",3.27044046774256,2.72955953225744,9,0.460666224881017,0.3,3,4,"poolMean",0,0
5,15,9.01393812314407,3.01393812314407,0.240724302955606,52.2556875138353,0.275814397189813,65.1508957658006,7.60837931130844,3.28058412477858,14,8260,1560,240,15,"CB","CB_nB4","inflow_rate","4 bridge lines per cycle",1,8001,0,"core",3.27044046774256,2.72955953225744,9,0.460666224881017,0.3,3,4,"poolMean",0,0
6,18,9.66869657760291,3.66869657760291,0.216646046460095,47.0288540289775,0.252939922583092,59.7476516785303,8.17549239322092,3.24875265362909,42,9960,1860,290,18,"CB","CB_nB4","inflow_rate","4 bridge lines per cycle",1,8001,0,"core",3.27044046774256,2.72955953225744,9,0.460666224881017,0.3,3,4,"poolMean",0,0
7,21,10.3031873044446,4.30318730444461,0.127799358522036,27.7422896708011,0.203326310533555,48.0282806082095,8.92938749950898,3.34014545343397,106,11660,2160,340,22,"CB","CB_nB4","inflow_rate","4 bridge lines per cycle",1,8001,0,"core",3.27044046774256,2.72955953225744,9,0.460666224881017,0.3,3,4,"poolMean",0,0
8,24,10.7203174176419,4.72031741764191,0.159678086592983,34.6624254109849,0.212011556164364,50.0798469461471,9.16926966654504,3.51152598740448,90,13360,2460,390,26,"CB","CB_nB4","inflow_rate","4 bridge lines per cycle",1,8001,0,"core",3.27044046774256,2.72955953225744,9,0.460666224881017,0.3,3,4,"poolMean",0,0
9,27,11.5026714596768,5.50267145967679,0.138037873793338,29.9648349146914,0.203650427894673,48.1048412831605,9.4719949020978,3.52750469889287,90,15060,2760,440,30,"CB","CB_nB4","inflow_rate","4 bridge lines per cycle",1,8001,0,"core",3.27044046774256,2.72955953225744,9,0.460666224881017,0.3,3,4,"poolMean",0,0
10,30,12.0506027256754,6.05060272567542,0.0840569083284919,18.2468138075897,0.13508891120402,31.9097322788111,9.68510935579515,3.59827165217483,31,16760,3060,490,33,"CB","CB_nB4","inflow_rate","4 bridge lines per cycle",1,8001,0,"core",3.27044046774256,2.72955953225744,9,0.460666224881017,0.3,3,4,"poolMean",0,0
11,33,12.3262080200438,6.32620802004377,0.0822512483617737,17.8548467240067,0.109937376845845,25.9686174928715,10.0921560949995,3.69015711848904,53,18460,3360,540,37,"CB","CB_nB4","inflow_rate","4 bridge lines per cycle",1,8001,0,"core",3.27044046774256,2.72955953225744,9,0.460666224881017,0.3,3,4,"poolMean",0,0
12,36,12.632559375818,6.63255937581796,0.0547759251928406,11.8905885073273,0.0959038373757822,22.6537156003133,10.2504423634138,3.67814165416986,74,20160,3660,590,41,"CB","CB_nB4","inflow_rate","4 bridge lines per cycle",1,8001,0,"core",3.27044046774256,2.72955953225744,9,0.460666224881017,0.3,3,4,"poolMean",0,0
13,39,12.7582564773453,6.7582564773453,0.0612907688050301,13.3048106187643,0.0895547322017065,21.1539755808768,10.1550429893317,3.7121140908392,123,21860,3960,640,45,"CB","CB_nB4","inflow_rate","4 bridge lines per cycle",1,8001,0,"core",3.27044046774256,2.72955953225744,9,0.460666224881017,0.3,3,4,"poolMean",0,0
14,42,12.9356715221404,6.93567152214042,0.0716976319373812,15.5639002959029,0.0723295458722781,17.085165792377,10.5374649632232,3.70779564238692,69,23560,4260,690,48,"CB","CB_nB4","inflow_rate","4 bridge lines per cycle",1,8001,0,"core",3.27044046774256,2.72955953225744,9,0.460666224881017,0.3,3,4,"poolMean",0,0
15,45,13.2960705374868,7.29607053748676,0.044581667430429,9.67765054664985,0.0559912201776973,13.2258438528382,10.4398765832286,3.70802463059944,45,25260,4560,740,51,"CB","CB_nB4","inflow_rate","4 bridge lines per cycle",1,8001,0,"core",3.27044046774256,2.72955953225744,9,0.460666224881017,0.3,3,4,"poolMean",0,0
16,48,13.4776486110795,7.47764861107954,0.0392218443464599,8.51415672086451,0.0529528974681192,12.5081530862522,10.8762933027645,3.68231205262612,33,26960,4860,790,53,"CB","CB_nB4","inflow_rate","4 bridge lines per cycle",1,8001,0,"core",3.27044046774256,2.72955953225744,9,0.460666224881017,0.3,3,4,"poolMean",0,0
17,51,13.5038979969394,7.50389799693945,0.0307381246926894,6.67253708487714,0.0420079868322802,9.92282491170152,10.9260308347317,3.58621318290721,18,28660,5160,840,57,"CB","CB_nB4","inflow_rate","4 bridge lines per cycle",1,8001,0,"core",3.27044046774256,2.72955953225744,9,0.460666224881017,0.3,3,4,"poolMean",0,0
18,54,13.5380630343963,7.53806303439632,0.0282917948016365,6.14149535467763,0.0322561584085422,7.61931804754138,10.9513898953331,3.60311205739286,27,30360,5460,890,59,"CB","CB_nB4","inflow_rate","4 bridge lines per cycle",1,8001,0,"core",3.27044046774256,2.72955953225744,9,0.460666224881017,0.3,3,4,"poolMean",0,0
19,57,13.799633503764,7.79963350376397,0.0223998689497818,4.86249430497479,0.0210217836139959,4.96561472860362,10.8234364172076,3.55729677295949,44,32060,5760,940,62,"CB","CB_nB4","inflow_rate","4 bridge lines per cycle",1,8001,0,"core",3.27044046774256,2.72955953225744,9,0.460666224881017,0.3,3,4,"poolMean",0,0
20,60,13.9761576212078,7.97615762120783,0.0145605298610666,3.1607548100205,0.0159582444108735,3.76954186877519,10.9245782432079,3.48072796547868,11,33760,6060,990,63,"CB","CB_nB4","inflow_rate","4 bridge lines per cycle",1,8001,0,"core",3.27044046774256,2.72955953225744,9,0.460666224881017,0.3,3,4,"poolMean",0,0
1,3,6.50998057601991,0.509980576019915,0.405265419324506,87.9737643950735,0.402719841551022,95.1275882877641,5.46419550944991,3.25876496511358,1,1460,360,40,1,"CB","CB_nB8","inflow_rate","8 bridge lines per cycle",1,8001,0,"core",3.27044046774256,2.72955953225744,9,0.460666224881017,0.3,3,8,"poolMean",0,0
2,6,7.32059914727163,1.32059914727163,0.246318995517565,53.4701660798303,0.371287908873306,87.7029629220541,6.43922450200505,3.2232843554428,64,3160,660,90,9,"CB","CB_nB8","inflow_rate","8 bridge lines per cycle",1,8001,0,"core",3.27044046774256,2.72955953225744,9,0.460666224881017,0.3,3,8,"poolMean",0,0
3,9,7.61862487215409,1.61862487215409,0.321998061215035,69.8983437082244,0.38947061516469,91.9979511982276,6.79223964906,3.22859968751937,146,4860,960,140,17,"CB","CB_nB8","inflow_rate","8 bridge lines per cycle",1,8001,0,"core",3.27044046774256,2.72955953225744,9,0.460666224881017,0.3,3,8,"poolMean",0,0
4,12,7.97451527396292,1.97451527396292,0.298761756851937,64.8542785894717,0.355387807600037,83.9471552076093,6.94868916166371,3.2489744611468,104,6560,1260,190,23,"CB","CB_nB8","inflow_rate","8 bridge lines per cycle",1,8001,0,"core",3.27044046774256,2.72955953225744,9,0.460666224881017,0.3,3,8,"poolMean",0,0
5,15,8.65917140069271,2.65917140069271,0.371772154924774,80.7031500997924,0.342642405553774,80.9365278847802,7.74692387700676,3.28058412477858,79,8260,1560,240,31,"CB","CB_nB8","inflow_rate","8 bridge lines per cycle",1,8001,0,"core",3.27044046774256,2.72955953225744,9,0.460666224881017,0.3,3,8,"poolMean",0,0
6,18,9.4418190704035,3.4418190704035,0.259665467220212,56.3673768979438,0.295066060534502,69.6983853989286,8.10706555710501,3.24875265362909,89,9960,1860,290,38,"CB","CB_nB8","inflow_rate","8 bridge lines per cycle",1,8001,0,"core",3.27044046774256,2.72955953225744,9,0.460666224881017,0.3,3,8,"poolMean",0,0
7,21,10.0967164063931,4.0967164063931,0.3917962315065,85.049914742001,0.275079306840952,64.9772580036495,8.77655657796641,3.34014545343397,162,11660,2160,340,45,"CB","CB_nB8","inflow_rate","8 bridge lines per cycle",1,8001,0,"core",3.27044046774256,2.72955953225744,9,0.460666224881017,0.3,3,8,"poolMean",0,0
8,24,10.7956818564676,4.79568185646764,0.189468749997403,41.1292905283732,0.223651106469244,52.8292579138138,8.92645336017047,3.51152598740448,55,13360,2460,390,49,"CB","CB_nB8","inflow_rate","8 bridge lines per cycle",1,8001,0,"core",3.27044046774256,2.72955953225744,9,0.460666224881017,0.3,3,8,"poolMean",0,0
9,27,11.0727965501073,5.07279655010729,0.105201347277713,22.8367832490618,0.183415847147612,43.3251739614101,9.34228986354303,3.52750469889287,99,15060,2760,440,54,"CB","CB_nB8","inflow_rate","8 bridge lines per cycle",1,8001,0,"core",3.27044046774256,2.72955953225744,9,0.460666224881017,0.3,3,8,"poolMean",0,0
10,30,11.5895523840389,5.5895523840389,0.122923925375722,26.6839457152456,0.181608732916725,42.8983104180526,9.60731132912085,3.59827165217483,45,16760,3060,490,59,"CB","CB_nB8","inflow_rate","8 bridge lines per cycle",1,8001,0,"core",3.27044046774256,2.72955953225744,9,0.460666224881017,0.3,3,8,"poolMean",0,0
11,33,11.9770893718578,5.97708937185783,0.255523606859433,55.4682746549155,0.184131018376718,43.4941065721689,9.91738996352506,3.69015711848904,84,18460,3360,540,64,"CB","CB_nB8","inflow_rate","8 bridge lines per cycle",1,8001,0,"core",3.27044046774256,2.72955953225744,9,0.460666224881017,0.3,3,8,"poolMean",0,0
12,36,12.4684851611424,6.46848516114237,0.129025597980752,28.0084779417195,0.135953167278906,32.1138806409834,10.3907901722483,3.67814165416986,73,20160,3660,590,70,"CB","CB_nB8","inflow_rate","8 bridge lines per cycle",1,8001,0,"core",3.27044046774256,2.72955953225744,9,0.460666224881017,0.3,3,8,"poolMean",0,0
13,39,12.7506293593756,6.75062935937555,0.156988270647071,34.0785284807062,0.112234446524805,26.5112147928873,10.5755045716854,3.7121140908392,125,21860,3960,640,76,"CB","CB_nB8","inflow_rate","8 bridge lines per cycle",1,8001,0,"core",3.27044046774256,2.72955953225744,9,0.460666224881017,0.3,3,8,"poolMean",0,0
14,42,13.1603139022073,7.16031390220732,0.0639254616680291,13.8767416006112,0.0674993699958757,15.9442163413685,10.6424382113493,3.70779564238692,65,23560,4260,690,79,"CB","CB_nB8","inflow_rate","8 bridge lines per cycle",1,8001,0,"core",3.27044046774256,2.72955953225744,9,0.460666224881017,0.3,3,8,"poolMean",0,0
15,45,13.3967056786149,7.39670567861489,0.0373417547921895,8.10603269250623,0.0495340113267944,11.700568359356,10.5040021969848,3.70802463059944,36,25260,4560,740,81,"CB","CB_nB8","inflow_rate","8 bridge lines per cycle",1,8001,0,"core",3.27044046774256,2.72955953225744,9,0.460666224881017,0.3,3,8,"poolMean",0,0
16,48,13.497508040638,7.49750804063796,0.0374635862873912,8.13247949685642,0.0451480153270769,10.6645398883325,10.9107347691646,3.68231205262612,22,26960,4860,790,83,"CB","CB_nB8","inflow_rate","8 bridge lines per cycle",1,8001,0,"core",3.27044046774256,2.72955953225744,9,0.460666224881017,0.3,3,8,"poolMean",0,0
17,51,13.6718080750616,7.67180807506164,0.0269315872775915,5.84622571028459,0.035852040475901,8.46871148074704,10.9797790495845,3.58621318290721,15,28660,5160,840,86,"CB","CB_nB8","inflow_rate","8 bridge lines per cycle",1,8001,0,"core",3.27044046774256,2.72955953225744,9,0.460666224881017,0.3,3,8,"poolMean",0,0
18,54,13.8151752090152,7.81517520901517,0.0286388693447422,6.2168372235536,0.0292193233483678,6.90197868281201,11.1496019117343,3.60311205739286,35,30360,5460,890,90,"CB","CB_nB8","inflow_rate","8 bridge lines per cycle",1,8001,0,"core",3.27044046774256,2.72955953225744,9,0.460666224881017,0.3,3,8,"poolMean",0,0
19,57,14.0024112216712,8.00241122167122,0.0184354914634283,4.00191949565868,0.0234353681901456,5.53573434072255,10.9646255389701,3.55729677295949,70,32060,5760,940,93,"CB","CB_nB8","inflow_rate","8 bridge lines per cycle",1,8001,0,"core",3.27044046774256,2.72955953225744,9,0.460666224881017,0.3,3,8,"poolMean",0,0
20,60,14.2088779187791,8.20887791877907,0.0102614933194843,2.22753324755569,0.014950012054832,3.53138446363088,11.0422630374823,3.48072796547868,13,33760,6060,990,94,"CB","CB_nB8","inflow_rate","8 bridge lines per cycle",1,8001,0,"core",3.27044046774256,2.72955953225744,9,0.460666224881017,0.3,3,8,"poolMean",0,0
1,3,6.50998057601991,0.509980576019915,0.405265419324506,87.9737643950735,0.402719841551022,95.1275882877641,7.07381583005481,3.15790896523652,208,1760,360,50,2,"CB","CB_noRecurrent","mechanism","bridge pool rebuilt each cycle (not recurrent)",1,8001,0,"core",3.27044046774256,2.72955953225744,9,0.460666224881017,0.3,3,2,"poolMean",0,0
2,6,7.18875736982866,1.18875736982866,0.248763301208684,54.0007684029659,0.379010277508458,89.5270853722959,7.42145275153194,3.06090648874885,66,3460,660,100,4,"CB","CB_noRecurrent","mechanism","bridge pool rebuilt each cycle (not recurrent)",1,8001,0,"core",3.27044046774256,2.72955953225744,9,0.460666224881017,0.3,3,2,"poolMean",0,0
3,9,7.78124951072338,1.78124951072338,0.240271142471509,52.1573168368415,0.373091896880053,88.1290880112002,7.87416720475137,3.03194901503781,9,5160,960,150,6,"CB","CB_noRecurrent","mechanism","bridge pool rebuilt each cycle (not recurrent)",1,8001,0,"core",3.27044046774256,2.72955953225744,9,0.460666224881017,0.3,3,2,"poolMean",0,0
4,12,8.23520392155987,2.23520392155987,0.305639137433431,66.3471991054634,0.36756034926758,86.8224655665577,8.73862839043775,3.00133586757282,51,6860,1260,200,8,"CB","CB_noRecurrent","mechanism","bridge pool rebuilt each cycle (not recurrent)",1,8001,0,"core",3.27044046774256,2.72955953225744,9,0.460666224881017,0.3,3,2,"poolMean",0,0
5,15,8.9324651473847,2.9324651473847,0.243886006932558,52.9420204391042,0.307186394781533,72.5613636960026,9.14967726180548,2.81264353269047,15,8560,1560,250,10,"CB","CB_noRecurrent","mechanism","bridge pool rebuilt each cycle (not recurrent)",1,8001,0,"core",3.27044046774256,2.72955953225744,9,0.460666224881017,0.3,3,2,"poolMean",0,0
6,18,9.6073350286852,3.6073350286852,0.217434678109771,47.2000477495243,0.275617844156967,65.1044674201962,9.77399886944465,2.76383278928437,19,10260,1860,300,12,"CB","CB_noRecurrent","mechanism","bridge pool rebuilt each cycle (not recurrent)",1,8001,0,"core",3.27044046774256,2.72955953225744,9,0.460666224881017,0.3,3,2,"poolMean",0,0
7,21,10.3135373565478,4.31353735654783,0.106995891582392,23.2263373790921,0.200839997069989,47.440981500707,9.9522618592145,2.66564246573153,0,11960,2160,350,14,"CB","CB_noRecurrent","mechanism","bridge pool rebuilt each cycle (not recurrent)",1,8001,0,"core",3.27044046774256,2.72955953225744,9,0.460666224881017,0.3,3,2,"poolMean",0,0
8,24,10.718097356426,4.71809735642598,0.148481795681084,32.2319691918881,0.183932271977986,43.4471601254297,10.2416514648684,2.68892403415227,0,13660,2460,400,16,"CB","CB_noRecurrent","mechanism","bridge pool rebuilt each cycle (not recurrent)",1,8001,0,"core",3.27044046774256,2.72955953225744,9,0.460666224881017,0.3,3,2,"poolMean",0,0
9,27,11.1131343178941,5.11313431789414,0.131480202066765,28.5413158085823,0.163479734575462,38.6160086480796,10.5514082017238,2.72599037950808,0,15360,2760,450,18,"CB","CB_noRecurrent","mechanism","bridge pool rebuilt each cycle (not recurrent)",1,8001,0,"core",3.27044046774256,2.72955953225744,9,0.460666224881017,0.3,3,2,"poolMean",0,0
10,30,11.523309375266,5.52330937526598,0.131349610673074,28.5129674325482,0.143521917813384,33.9017165269027,10.8076597265837,2.8643534892693,0,17060,3060,500,20,"CB","CB_noRecurrent","mechanism","bridge pool rebuilt each cycle (not recurrent)",1,8001,0,"core",3.27044046774256,2.72955953225744,9,0.460666224881017,0.3,3,2,"poolMean",0,0
11,33,11.7374198447199,5.73741984471989,0.236721801170538,51.3868367996111,0.150611646479458,35.5764013078184,11.0328925729644,3.01088168167689,0,18760,3360,550,22,"CB","CB_noRecurrent","mechanism","bridge pool rebuilt each cycle (not recurrent)",1,8001,0,"core",3.27044046774256,2.72955953225744,9,0.460666224881017,0.3,3,2,"poolMean",0,0
12,36,11.8709421505171,5.87094215051714,0.430134974500637,93.3723705513104,0.147388859350534,34.815137681078,11.3203620912656,2.98203200691085,0,20460,3660,600,24,"CB","CB_noRecurrent","mechanism","bridge pool rebuilt each cycle (not recurrent)",1,8001,0,"core",3.27044046774256,2.72955953225744,9,0.460666224881017,0.3,3,2,"poolMean",0,0
13,39,12.2998243096525,6.29982430965248,0.209784406050877,45.5393503409243,0.114880739242566,27.136303050706,11.1607353057642,3.00744885250861,0,22160,3960,650,26,"CB","CB_noRecurrent","mechanism","bridge pool rebuilt each cycle (not recurrent)",1,8001,0,"core",3.27044046774256,2.72955953225744,9,0.460666224881017,0.3,3,2,"poolMean",0,0
14,42,12.2504231854776,6.25042318547763,0.376210806951621,81.6666789601931,0.128434446806599,30.3378624969909,11.2859047140891,3.03118958225357,1,23860,4260,700,27,"CB","CB_noRecurrent","mechanism","bridge pool rebuilt each cycle (not recurrent)",1,8001,0,"core",3.27044046774256,2.72955953225744,9,0.460666224881017,0.3,3,2,"poolMean",0,0
15,45,12.6508644543016,6.65086445430163,0.1142244757218,24.79549607773,0.0818097788268121,19.3245183256362,11.562970009629,2.8850677655767,0,25560,4560,750,28,"CB","CB_noRecurrent","mechanism","bridge pool rebuilt each cycle (not recurrent)",1,8001,0,"core",3.27044046774256,2.72955953225744,9,0.460666224881017,0.3,3,2,"poolMean",0,0
16,48,12.8514229794663,6.85142297946626,0.0559988510636538,12.1560574748273,0.0612394820692694,14.4655505792935,11.4385454297345,3.0581021773082,0,27260,4860,800,29,"CB","CB_noRecurrent","mechanism","bridge pool rebuilt each cycle (not recurrent)",1,8001,0,"core",3.27044046774256,2.72955953225744,9,0.460666224881017,0.3,3,2,"poolMean",0,0
17,51,12.9587079006369,6.95870790063688,0.13476040453664,29.2533720203704,0.057545469562477,13.5929774785428,12.1469096848221,3.04916740392296,1,28960,5160,850,30,"CB","CB_noRecurrent","mechanism","bridge pool rebuilt each cycle (not recurrent)",1,8001,0,"core",3.27044046774256,2.72955953225744,9,0.460666224881017,0.3,3,2,"poolMean",0,0
18,54,13.1530035784682,7.15300357846815,0.0665942488450844,14.4560736707547,0.0488791676008298,11.5458858780646,12.0664586026435,3.00581774145349,0,30660,5460,900,31,"CB","CB_noRecurrent","mechanism","bridge pool rebuilt each cycle (not recurrent)",1,8001,0,"core",3.27044046774256,2.72955953225744,9,0.460666224881017,0.3,3,2,"poolMean",0,0
19,57,13.3711941564816,7.37119415648155,0.0437752135071191,9.50258802203819,0.0384296873015393,9.07758469900269,12.3940316913006,2.99158578126536,0,32360,5760,950,32,"CB","CB_noRecurrent","mechanism","bridge pool rebuilt each cycle (not recurrent)",1,8001,0,"core",3.27044046774256,2.72955953225744,9,0.460666224881017,0.3,3,2,"poolMean",0,0
20,60,13.4464262695174,7.44642626951743,0.0454215811663541,9.85997642394682,0.0346871313539392,8.19354501534555,12.0456155076694,3.0875846098876,0,34060,6060,1000,33,"CB","CB_noRecurrent","mechanism","bridge pool rebuilt each cycle (not recurrent)",1,8001,0,"core",3.27044046774256,2.72955953225744,9,0.460666224881017,0.3,3,2,"poolMean",0,0
1,3,6.50998057601991,0.509980576019915,0.405265419324506,87.9737643950735,0.402719841551022,95.1275882877641,5.44187327079474,3.38393195527251,0,1460,360,40,0,"CB","CB_noWithinFam","mechanism","bridge pool selected across families",1,8001,0,"core",3.3405395156137,2.6594604843863,9,0.460666224881017,0.3,3,2,"poolMean",0,0
2,6,7.35124043203738,1.35124043203738,0.233799659225444,50.7525072596391,0.346190032237092,81.7745227777798,7.17563250319922,3.43667072796909,60,3160,660,90,2,"CB","CB_noWithinFam","mechanism","bridge pool selected across families",1,8001,0,"core",3.3405395156137,2.6594604843863,9,0.460666224881017,0.3,3,2,"poolMean",0,0
3,9,8.05176746468796,2.05176746468796,0.220611253068304,47.8896088215029,0.306069275430575,72.2974857870401,8.11188788966741,3.52666900808525,150,4860,960,140,4,"CB","CB_noWithinFam","mechanism","bridge pool selected across families",1,8001,0,"core",3.3405395156137,2.6594604843863,9,0.460666224881017,0.3,3,2,"poolMean",0,0
4,12,8.73452674732596,2.73452674732596,0.15099975751806,32.7785605634668,0.215406080875961,50.8816771910979,9.04106637060112,3.66296754929936,115,6560,1260,190,6,"CB","CB_noWithinFam","mechanism","bridge pool selected across families",1,8001,0,"core",3.3405395156137,2.6594604843863,9,0.460666224881017,0.3,3,2,"poolMean",0,0
5,15,9.23378062640778,3.23378062640778,0.139527976887113,30.2883018878041,0.198725262414683,46.9414540702903,9.48480595992418,3.59966090125315,239,8260,1560,240,8,"CB","CB_noWithinFam","mechanism","bridge pool selected across families",1,8001,0,"core",3.3405395156137,2.6594604843863,9,0.460666224881017,0.3,3,2,"poolMean",0,0
6,18,9.6073524344373,3.6073524344373,0.133230114649486,28.9211814223838,0.152096516979235,35.927146751647,10.0463705432868,3.60771820970427,261,9960,1860,290,10,"CB","CB_noWithinFam","mechanism","bridge pool selected across families",1,8001,0,"core",3.3405395156137,2.6594604843863,9,0.460666224881017,0.3,3,2,"poolMean",0,0
7,21,10.1090246533776,4.10902465337762,0.106928490384185,23.2117061353483,0.145010162278121,34.2532589444994,10.3572215095303,3.67676091137965,208,11660,2160,340,12,"CB","CB_noWithinFam","mechanism","bridge pool selected across families",1,8001,0,"core",3.3405395156137,2.6594604843863,9,0.460666224881017,0.3,3,2,"poolMean",0,0
8,24,10.5317526607885,4.53175266078852,0.0864525320727374,18.7668484041926,0.12373583329644,29.2279897631412,10.9626962955224,3.68877917907432,261,13360,2460,390,14,"CB","CB_noWithinFam","mechanism","bridge pool selected across families",1,8001,0,"core",3.3405395156137,2.6594604843863,9,0.460666224881017,0.3,3,2,"poolMean",0,0
9,27,10.8638656420358,4.86386564203582,0.103554994375802,22.4793980506272,0.105236937633867,24.858313504852,11.4335914780875,3.68244303280116,274,15060,2760,440,16,"CB","CB_noWithinFam","mechanism","bridge pool selected across families",1,8001,0,"core",3.3405395156137,2.6594604843863,9,0.460666224881017,0.3,3,2,"poolMean",0,0
10,30,11.2872691058737,5.28726910587369,0.0941213441125373,20.4315704145333,0.0979186544541845,23.1296412184086,11.6022541464203,3.58420814851845,284,16760,3060,490,18,"CB","CB_noWithinFam","mechanism","bridge pool selected across families",1,8001,0,"core",3.3405395156137,2.6594604843863,9,0.460666224881017,0.3,3,2,"poolMean",0,0
11,33,11.6425807556909,5.64258075569091,0.0574937667387223,12.4805691482097,0.0773833148893241,18.2789308090284,11.8633479412727,3.51937047360322,204,18460,3360,540,20,"CB","CB_noWithinFam","mechanism","bridge pool selected across families",1,8001,0,"core",3.3405395156137,2.6594604843863,9,0.460666224881017,0.3,3,2,"poolMean",0,0
12,36,11.8024505367855,5.80245053678555,0.0381863735090895,8.28937991252829,0.0664057196283295,15.6858821070928,11.9937685997177,3.43713077100207,256,20160,3660,590,22,"CB","CB_noWithinFam","mechanism","bridge pool selected across families",1,8001,0,"core",3.3405395156137,2.6594604843863,9,0.460666224881017,0.3,3,2,"poolMean",0,0
13,39,12.0068859553313,6.00688595533126,0.03920438237824,8.51036613078501,0.0565846620510627,13.36602242955,12.1319422933537,3.39157064842012,274,21860,3960,640,24,"CB","CB_noWithinFam","mechanism","bridge pool selected across families",1,8001,0,"core",3.3405395156137,2.6594604843863,9,0.460666224881017,0.3,3,2,"poolMean",0,0
14,42,12.2338197214401,6.2338197214401,0.0284641749729744,6.17891510937799,0.0464041631652199,10.9612581079147,12.3020051442019,3.44328764496388,249,23560,4260,690,26,"CB","CB_noWithinFam","mechanism","bridge pool selected across families",1,8001,0,"core",3.3405395156137,2.6594604843863,9,0.460666224881017,0.3,3,2,"poolMean",0,0
15,45,12.3819673751453,6.38196737514531,0.0312369719561134,6.78082530669173,0.0356694522158064,8.42558179345484,12.4718890711955,3.32947569314485,232,25260,4560,740,28,"CB","CB_noWithinFam","mechanism","bridge pool selected across families",1,8001,0,"core",3.3405395156137,2.6594604843863,9,0.460666224881017,0.3,3,2,"poolMean",0,0
16,48,12.4752223626392,6.47522236263924,0.026059175801517,5.65684532401906,0.0348047398558332,8.22132565089662,12.4843549424309,3.50513030779361,297,26960,4860,790,30,"CB","CB_noWithinFam","mechanism","bridge pool selected across families",1,8001,0,"core",3.3405395156137,2.6594604843863,9,0.460666224881017,0.3,3,2,"poolMean",0,0
17,51,12.4715155692077,6.47151556920766,0.0204911023408702,4.44814515024684,0.0300288757686779,7.09320534062959,12.5667905040962,3.50657126506191,286,28660,5160,840,32,"CB","CB_noWithinFam","mechanism","bridge pool selected across families",1,8001,0,"core",3.3405395156137,2.6594604843863,9,0.460666224881017,0.3,3,2,"poolMean",0,0
18,54,12.5532048223754,6.55320482237541,0.0150744397324564,3.27231277620796,0.0306246300160413,7.23393012971772,12.5833413147616,3.53443339342608,287,30360,5460,890,34,"CB","CB_noWithinFam","mechanism","bridge pool selected across families",1,8001,0,"core",3.3405395156137,2.6594604843863,9,0.460666224881017,0.3,3,2,"poolMean",0,0
19,57,12.517033814158,6.51703381415796,0.01705483064473,3.70220991329134,0.0336152032915147,7.94034186795728,12.6564438316784,3.50538712832515,277,32060,5760,940,36,"CB","CB_noWithinFam","mechanism","bridge pool selected across families",1,8001,0,"core",3.3405395156137,2.6594604843863,9,0.460666224881017,0.3,3,2,"poolMean",0,0
20,60,12.6614244527607,6.66142445276075,0.0145438539394037,3.15713485249762,0.0279920536978604,6.61208186128493,12.7066854247792,3.47490694847846,287,33760,6060,990,38,"CB","CB_noWithinFam","mechanism","bridge pool selected across families",1,8001,0,"core",3.3405395156137,2.6594604843863,9,0.460666224881017,0.3,3,2,"poolMean",0,0
1,3,6.50998057601991,0.509980576019915,0.405265419324506,87.9737643950735,0.402719841551022,95.1275882877641,5.46019137803622,3.33352314126952,0,1460,360,40,0,"CB","CB_noDistinctFam","mechanism","highest-ranking eligible lines admitted",1,8001,0,"core",3.28991783864463,2.71008216135537,9,0.460666224881017,0.3,3,2,"poolMean",0,0
2,6,7.03664006325257,1.03664006325257,0.307899710586415,66.8379173372088,0.356687200435801,84.2540884499064,6.4783753238935,3.32107617932246,42,3160,660,90,2,"CB","CB_noDistinctFam","mechanism","highest-ranking eligible lines admitted",1,8001,0,"core",3.28991783864463,2.71008216135537,9,0.460666224881017,0.3,3,2,"poolMean",0,0
3,9,7.80217522335979,1.80217522335979,0.343696146417764,74.6084969668734,0.29143554116689,68.8408101914522,7.34243967975669,3.26008574008124,185,4860,960,140,4,"CB","CB_noDistinctFam","mechanism","highest-ranking eligible lines admitted",1,8001,0,"core",3.28991783864463,2.71008216135537,9,0.460666224881017,0.3,3,2,"poolMean",0,0
4,12,9.00194993141814,3.00194993141814,0.195360664269619,42.408289064404,0.216438343162597,51.1255107738435,7.81607348115482,3.24113942045309,65,6560,1260,190,6,"CB","CB_noDistinctFam","mechanism","highest-ranking eligible lines admitted",1,8001,0,"core",3.28991783864463,2.71008216135537,9,0.460666224881017,0.3,3,2,"poolMean",0,0
5,15,9.55379026289408,3.55379026289408,0.14451474371199,31.3708138141266,0.183893326428412,43.43796068745,8.04055756718368,3.26443661879607,16,8260,1560,240,8,"CB","CB_noDistinctFam","mechanism","highest-ranking eligible lines admitted",1,8001,0,"core",3.28991783864463,2.71008216135537,9,0.460666224881017,0.3,3,2,"poolMean",0,0
6,18,9.85439607896124,3.85439607896124,0.132238084764145,28.7058346416215,0.156138153365837,36.8818330683499,8.35277281118505,3.25623796057011,47,9960,1860,290,10,"CB","CB_noDistinctFam","mechanism","highest-ranking eligible lines admitted",1,8001,0,"core",3.28991783864463,2.71008216135537,9,0.460666224881017,0.3,3,2,"poolMean",0,0
7,21,10.3507030130384,4.35070301303839,0.101563578077754,22.0471075568838,0.13902733010431,32.840037302295,8.65175964990964,3.22587649129709,90,11660,2160,340,12,"CB","CB_noDistinctFam","mechanism","highest-ranking eligible lines admitted",1,8001,0,"core",3.28991783864463,2.71008216135537,9,0.460666224881017,0.3,3,2,"poolMean",0,0
8,24,10.6594442661089,4.65944426610887,0.112183092453679,24.3523589085902,0.134201639924755,31.7001474303756,8.76220659658237,3.39851848710287,58,13360,2460,390,14,"CB","CB_noDistinctFam","mechanism","highest-ranking eligible lines admitted",1,8001,0,"core",3.28991783864463,2.71008216135537,9,0.460666224881017,0.3,3,2,"poolMean",0,0
9,27,11.1078841775253,5.10788417752529,0.0853192141872769,18.52083126114,0.11741465551805,27.7348465525149,9.25046736650322,3.45652109082773,86,15060,2760,440,16,"CB","CB_noDistinctFam","mechanism","highest-ranking eligible lines admitted",1,8001,0,"core",3.28991783864463,2.71008216135537,9,0.460666224881017,0.3,3,2,"poolMean",0,0
10,30,11.4641625053464,5.46416250534641,0.0985959053695109,21.4028943396006,0.10703603615415,25.2832836346262,9.47430680657969,3.45817476718416,45,16760,3060,490,18,"CB","CB_noDistinctFam","mechanism","highest-ranking eligible lines admitted",1,8001,0,"core",3.28991783864463,2.71008216135537,9,0.460666224881017,0.3,3,2,"poolMean",0,0
11,33,11.6891031714403,5.68910317144034,0.108573441977682,23.5687871420841,0.0907032652908676,21.425273817437,9.65999861046173,3.42602842007286,79,18460,3360,540,20,"CB","CB_noDistinctFam","mechanism","highest-ranking eligible lines admitted",1,8001,0,"core",3.28991783864463,2.71008216135537,9,0.460666224881017,0.3,3,2,"poolMean",0,0
12,36,12.1712573896306,6.17125738963061,0.043650903533847,9.47560319733042,0.0566846772562808,13.3896473029306,9.86915905387097,3.58754663261602,56,20160,3660,590,22,"CB","CB_noDistinctFam","mechanism","highest-ranking eligible lines admitted",1,8001,0,"core",3.28991783864463,2.71008216135537,9,0.460666224881017,0.3,3,2,"poolMean",0,0
13,39,12.3547699760677,6.3547699760677,0.0373357098832482,8.1047204823604,0.0474746135801001,11.2141122160138,9.82370804089085,3.55287392318787,111,21860,3960,640,24,"CB","CB_noDistinctFam","mechanism","highest-ranking eligible lines admitted",1,8001,0,"core",3.28991783864463,2.71008216135537,9,0.460666224881017,0.3,3,2,"poolMean",0,0
14,42,12.5418419192172,6.54184191921717,0.0265857407280457,5.77115041045442,0.0390765838550561,9.23038995630195,9.8350188793329,3.60631967270728,66,23560,4260,690,26,"CB","CB_noDistinctFam","mechanism","highest-ranking eligible lines admitted",1,8001,0,"core",3.28991783864463,2.71008216135537,9,0.460666224881017,0.3,3,2,"poolMean",0,0
15,45,12.6260143899862,6.62601438998619,0.0242269897028466,5.25912002971436,0.0407681275181703,9.62995425026812,9.99172785156113,3.54854347068568,53,25260,4560,740,28,"CB","CB_noDistinctFam","mechanism","highest-ranking eligible lines admitted",1,8001,0,"core",3.28991783864463,2.71008216135537,9,0.460666224881017,0.3,3,2,"poolMean",0,0
16,48,12.5916057419768,6.59160574197676,0.0266659965035036,5.78857208608922,0.0348659065389606,8.23577400543276,10.1215512653421,3.41763624547856,48,26960,4860,790,30,"CB","CB_noDistinctFam","mechanism","highest-ranking eligible lines admitted",1,8001,0,"core",3.28991783864463,2.71008216135537,9,0.460666224881017,0.3,3,2,"poolMean",0,0
17,51,12.8024595486639,6.8024595486639,0.0184857280780536,4.01282470466077,0.028396725985869,6.70767064245074,10.1735150692585,3.31190121263903,35,28660,5160,840,32,"CB","CB_noDistinctFam","mechanism","highest-ranking eligible lines admitted",1,8001,0,"core",3.28991783864463,2.71008216135537,9,0.460666224881017,0.3,3,2,"poolMean",0,0
18,54,12.8999636242114,6.89996362421137,0.0286474490141359,6.2186996716625,0.0267748605342559,6.32456523511597,10.2777742554101,3.26550840932637,19,30360,5460,890,34,"CB","CB_noDistinctFam","mechanism","highest-ranking eligible lines admitted",1,8001,0,"core",3.28991783864463,2.71008216135537,9,0.460666224881017,0.3,3,2,"poolMean",0,0
19,57,12.8800838860361,6.88008388603614,0.0210527093681039,4.57005706757457,0.0224657393873803,5.30669558964891,9.95062489242217,3.3069891964995,24,32060,5760,940,36,"CB","CB_noDistinctFam","mechanism","highest-ranking eligible lines admitted",1,8001,0,"core",3.28991783864463,2.71008216135537,9,0.460666224881017,0.3,3,2,"poolMean",0,0
20,60,12.9938170233067,6.99381702330674,0.0258172317215987,5.60432485109298,0.0173587280875007,4.10035406337883,10.3124878548419,3.43380124163125,26,33760,6060,990,38,"CB","CB_noDistinctFam","mechanism","highest-ranking eligible lines admitted",1,8001,0,"core",3.28991783864463,2.71008216135537,9,0.460666224881017,0.3,3,2,"poolMean",0,0
1,3,6.49910632005696,0.499106320056956,0.403386776573267,70.6367622938846,0.458613497657112,98.1490433825248,NA,NA,0,1260,260,30,0,"GSRS","GSRS_base","baseline","baseline",2,8002,0,"core",NA,NA,7,0.571072007653712,0.3,3,2,"poolMean",0,0
2,6,7.44126534639444,1.44126534639444,0.425698614383752,74.543771832341,0.378110301510252,80.9203492175798,NA,NA,0,2460,460,60,0,"GSRS","GSRS_base","baseline","baseline",2,8002,0,"core",NA,NA,7,0.571072007653712,0.3,3,2,"poolMean",0,0
3,9,8.44751075423538,2.44751075423538,0.300160511545491,52.5608868098299,0.307213896396255,65.7476288839074,NA,NA,0,3660,660,90,0,"GSRS","GSRS_base","baseline","baseline",2,8002,0,"core",NA,NA,7,0.571072007653712,0.3,3,2,"poolMean",0,0
4,12,9.29697461525839,3.29697461525839,0.202742503624066,35.5020909634579,0.258896058537476,55.4070052686451,NA,NA,0,4860,860,120,0,"GSRS","GSRS_base","baseline","baseline",2,8002,0,"core",NA,NA,7,0.571072007653712,0.3,3,2,"poolMean",0,0
5,15,9.79642474896061,3.79642474896061,0.198776418932654,34.8075927848995,0.244006420594632,52.2204359071501,NA,NA,0,6060,1060,150,0,"GSRS","GSRS_base","baseline","baseline",2,8002,0,"core",NA,NA,7,0.571072007653712,0.3,3,2,"poolMean",0,0
6,18,10.6059168658507,4.60591686585066,0.126996641045981,22.2382885772593,0.197618887513428,42.2929217366024,NA,NA,0,7260,1260,180,0,"GSRS","GSRS_base","baseline","baseline",2,8002,0,"core",NA,NA,7,0.571072007653712,0.3,3,2,"poolMean",0,0
7,21,10.8813773299823,4.88137732998235,0.11834292157941,20.7229421147134,0.16630718228921,35.5918239055692,NA,NA,0,8460,1460,210,0,"GSRS","GSRS_base","baseline","baseline",2,8002,0,"core",NA,NA,7,0.571072007653712,0.3,3,2,"poolMean",0,0
8,24,11.2519357226182,5.25193572261821,0.0983013193161907,17.2134718562145,0.136393365799216,29.1898918049828,NA,NA,0,9660,1660,240,0,"GSRS","GSRS_base","baseline","baseline",2,8002,0,"core",NA,NA,7,0.571072007653712,0.3,3,2,"poolMean",0,0
9,27,11.564830864181,5.56483086418099,0.0780591789142942,13.6688855114797,0.108551000851493,23.2312763279275,NA,NA,0,10860,1860,270,0,"GSRS","GSRS_base","baseline","baseline",2,8002,0,"core",NA,NA,7,0.571072007653712,0.3,3,2,"poolMean",0,0
10,30,11.9131542829314,5.91315428293142,0.0627683350789986,10.9913170734609,0.0901423337732007,19.2915905731208,NA,NA,0,12060,2060,300,0,"GSRS","GSRS_base","baseline","baseline",2,8002,0,"core",NA,NA,7,0.571072007653712,0.3,3,2,"poolMean",0,0
11,33,12.0852039758571,6.08520397585714,0.064162670786741,11.2354781755733,0.0875116987638194,18.7286016707479,NA,NA,0,13260,2260,330,0,"GSRS","GSRS_base","baseline","baseline",2,8002,0,"core",NA,NA,7,0.571072007653712,0.3,3,2,"poolMean",0,0
12,36,12.1316264776839,6.1316264776839,0.0503154367405325,8.81069918787595,0.068826181179066,14.7296664335167,NA,NA,0,14460,2460,360,0,"GSRS","GSRS_base","baseline","baseline",2,8002,0,"core",NA,NA,7,0.571072007653712,0.3,3,2,"poolMean",0,0
13,39,12.2737242215452,6.27372422154521,0.0599296991983421,10.4942456284221,0.0650711561222005,13.9260439516413,NA,NA,0,15660,2660,390,0,"GSRS","GSRS_base","baseline","baseline",2,8002,0,"core",NA,NA,7,0.571072007653712,0.3,3,2,"poolMean",0,0
14,42,12.5110412982815,6.51104129828151,0.0311408398582383,5.45304960510717,0.0489685427965553,10.479882637278,NA,NA,0,16860,2860,420,0,"GSRS","GSRS_base","baseline","baseline",2,8002,0,"core",NA,NA,7,0.571072007653712,0.3,3,2,"poolMean",0,0
15,45,12.4572724574665,6.45727245746649,0.0322287719262259,5.64355659081243,0.0503445957956675,10.7743752464064,NA,NA,0,18060,3060,450,0,"GSRS","GSRS_base","baseline","baseline",2,8002,0,"core",NA,NA,7,0.571072007653712,0.3,3,2,"poolMean",0,0
16,48,12.5862714158295,6.58627141582948,0.0430383557125442,7.53641487163242,0.0397273581435881,8.50215315909304,NA,NA,0,19260,3260,480,0,"GSRS","GSRS_base","baseline","baseline",2,8002,0,"core",NA,NA,7,0.571072007653712,0.3,3,2,"poolMean",0,0
17,51,12.6526838897015,6.65268388970151,0.0259672973044014,4.54711436673105,0.0355106798192522,7.59973108495073,NA,NA,0,20460,3460,510,0,"GSRS","GSRS_base","baseline","baseline",2,8002,0,"core",NA,NA,7,0.571072007653712,0.3,3,2,"poolMean",0,0
18,54,12.8088953005857,6.80889530058568,0.0168580836284074,2.95200664758021,0.0229558494211126,4.91283983621442,NA,NA,0,21660,3660,540,0,"GSRS","GSRS_base","baseline","baseline",2,8002,0,"core",NA,NA,7,0.571072007653712,0.3,3,2,"poolMean",0,0
19,57,12.830487301535,6.83048730153501,0.0118497164074159,2.07499514047296,0.0165867153109624,3.54976521394582,NA,NA,0,22860,3860,570,0,"GSRS","GSRS_base","baseline","baseline",2,8002,0,"core",NA,NA,7,0.571072007653712,0.3,3,2,"poolMean",0,0
20,60,12.8555627056418,6.85556270564183,0.0105321728730946,1.84428105947037,0.0128624405219993,2.75272367526943,NA,NA,0,24060,4060,600,0,"GSRS","GSRS_base","baseline","baseline",2,8002,0,"core",NA,NA,7,0.571072007653712,0.3,3,2,"poolMean",0,0
1,3,6.49910632005696,0.499106320056956,0.403386776573267,70.6367622938846,0.458613497657112,98.1490433825248,6.15037367953109,3.40149597720065,10,1460,360,40,2,"CB","CB_base","baseline","2 bridge lines per cycle (as specified)",2,8002,0,"core",3.35584806879569,2.64415193120431,7,0.571072007653712,0.3,3,2,"poolMean",0,0
2,6,7.55540235360771,1.55540235360771,0.453408343949294,79.3960022330902,0.408883499883865,87.5061998251626,6.98716497881345,3.5908913173706,122,3160,660,90,4,"CB","CB_base","baseline","2 bridge lines per cycle (as specified)",2,8002,0,"core",3.35584806879569,2.64415193120431,7,0.571072007653712,0.3,3,2,"poolMean",0,0
3,9,8.71812577168266,2.71812577168266,0.301356056935253,52.7702378853053,0.347132246041057,74.2906566209055,7.74250321613797,3.59508147815755,101,4860,960,140,6,"CB","CB_base","baseline","2 bridge lines per cycle (as specified)",2,8002,0,"core",3.35584806879569,2.64415193120431,7,0.571072007653712,0.3,3,2,"poolMean",0,0
4,12,9.25920945237514,3.25920945237514,0.254516782740663,44.5682469687776,0.309150001980223,66.1619797739811,8.18483592926443,3.60949457919918,54,6560,1260,190,8,"CB","CB_base","baseline","2 bridge lines per cycle (as specified)",2,8002,0,"core",3.35584806879569,2.64415193120431,7,0.571072007653712,0.3,3,2,"poolMean",0,0
5,15,10.1931589788034,4.19315897880335,0.156585689072609,27.4196050540022,0.228030790777278,48.8014506570061,8.63349366001928,3.4655256025321,26,8260,1560,240,10,"CB","CB_base","baseline","2 bridge lines per cycle (as specified)",2,8002,0,"core",3.35584806879569,2.64415193120431,7,0.571072007653712,0.3,3,2,"poolMean",0,0
6,18,10.5439515491602,4.54395154916018,0.153968146744072,26.9612491385563,0.200828715395684,42.9798651817373,8.66182309663213,3.48152651892132,72,9960,1860,290,12,"CB","CB_base","baseline","2 bridge lines per cycle (as specified)",2,8002,0,"core",3.35584806879569,2.64415193120431,7,0.571072007653712,0.3,3,2,"poolMean",0,0
7,21,11.0453408589156,5.04534085891557,0.135005358775822,23.6406892592233,0.168866123110553,36.1394693520516,9.36212069621953,3.47296913190155,115,11660,2160,340,14,"CB","CB_base","baseline","2 bridge lines per cycle (as specified)",2,8002,0,"core",3.35584806879569,2.64415193120431,7,0.571072007653712,0.3,3,2,"poolMean",0,0
8,24,11.4526747138445,5.45267471384451,0.106414084589815,18.6340922271825,0.128664865997425,27.5358958667844,9.2044073392431,3.43359810056699,57,13360,2460,390,16,"CB","CB_base","baseline","2 bridge lines per cycle (as specified)",2,8002,0,"core",3.35584806879569,2.64415193120431,7,0.571072007653712,0.3,3,2,"poolMean",0,0
9,27,11.9417893116649,5.94178931166492,0.107533635336768,18.830135936548,0.109560545732793,23.4473316007388,9.59408957800526,3.5458176800157,77,15060,2760,440,18,"CB","CB_base","baseline","2 bridge lines per cycle (as specified)",2,8002,0,"core",3.35584806879569,2.64415193120431,7,0.571072007653712,0.3,3,2,"poolMean",0,0
10,30,12.2937739567791,6.29377395677914,0.0713835298129197,12.4999174983561,0.0975014422768468,20.8665321382317,9.7052811204769,3.37948708038365,1,16760,3060,490,19,"CB","CB_base","baseline","2 bridge lines per cycle (as specified)",2,8002,0,"core",3.35584806879569,2.64415193120431,7,0.571072007653712,0.3,3,2,"poolMean",0,0
11,33,12.6191997583726,6.61919975837256,0.0494847376470763,8.66523607948982,0.0942801099249708,20.1771265922349,9.87761848633207,3.32854909480149,19,18460,3360,540,21,"CB","CB_base","baseline","2 bridge lines per cycle (as specified)",2,8002,0,"core",3.35584806879569,2.64415193120431,7,0.571072007653712,0.3,3,2,"poolMean",0,0
12,36,12.8433223283747,6.84332232837472,0.0380048957984711,6.65500940146179,0.0608757836921698,13.028181606236,10.0293609342584,3.22667873644838,12,20160,3660,590,23,"CB","CB_base","baseline","2 bridge lines per cycle (as specified)",2,8002,0,"core",3.35584806879569,2.64415193120431,7,0.571072007653712,0.3,3,2,"poolMean",0,0
13,39,12.9319448041766,6.93194480417659,0.0401741134441619,7.03485951083822,0.0421257148395932,9.01543158767294,10.4087693037423,3.30316020287081,37,21860,3960,640,25,"CB","CB_base","baseline","2 bridge lines per cycle (as specified)",2,8002,0,"core",3.35584806879569,2.64415193120431,7,0.571072007653712,0.3,3,2,"poolMean",0,0
14,42,13.0519526927831,7.0519526927831,0.0384917039571614,6.74025402073326,0.0285145059134944,6.10246207805092,10.1830660305262,3.3801761957967,79,23560,4260,690,27,"CB","CB_base","baseline","2 bridge lines per cycle (as specified)",2,8002,0,"core",3.35584806879569,2.64415193120431,7,0.571072007653712,0.3,3,2,"poolMean",0,0
15,45,13.1555528048803,7.15555280488034,0.0295106780977982,5.16759317604181,0.0274096917195674,5.86601797685605,10.3224562447278,3.38258426332459,48,25260,4560,740,29,"CB","CB_base","baseline","2 bridge lines per cycle (as specified)",2,8002,0,"core",3.35584806879569,2.64415193120431,7,0.571072007653712,0.3,3,2,"poolMean",0,0
16,48,13.3170566426585,7.31705664265853,0.0152773671976414,2.67520855389314,0.0217441179634924,4.65351409894434,10.4980498161721,3.39654586772207,51,26960,4860,790,31,"CB","CB_base","baseline","2 bridge lines per cycle (as specified)",2,8002,0,"core",3.35584806879569,2.64415193120431,7,0.571072007653712,0.3,3,2,"poolMean",0,0
17,51,13.39697046074,7.39697046074,0.0193915862047627,3.3956464237206,0.0212018117144212,4.53745375654574,10.469378150088,3.37501271201385,22,28660,5160,840,33,"CB","CB_base","baseline","2 bridge lines per cycle (as specified)",2,8002,0,"core",3.35584806879569,2.64415193120431,7,0.571072007653712,0.3,3,2,"poolMean",0,0
18,54,13.4618675164266,7.46186751642662,0.0120170235792421,2.10429217650063,0.0160365897449796,3.4320314396079,10.4778941750075,3.38037262601976,3,30360,5460,890,35,"CB","CB_base","baseline","2 bridge lines per cycle (as specified)",2,8002,0,"core",3.35584806879569,2.64415193120431,7,0.571072007653712,0.3,3,2,"poolMean",0,0
19,57,13.5035955422649,7.50359554226486,0.01674563513381,2.93231587424686,0.017622914854853,3.77152491902609,10.7846807104926,3.51424257410214,32,32060,5760,940,37,"CB","CB_base","baseline","2 bridge lines per cycle (as specified)",2,8002,0,"core",3.35584806879569,2.64415193120431,7,0.571072007653712,0.3,3,2,"poolMean",0,0
20,60,13.6349652935137,7.63496529351366,0.0169380906621052,2.9660166205128,0.016484737691531,3.52794072372747,10.8266402130073,3.52788840660434,87,33760,6060,990,39,"CB","CB_base","baseline","2 bridge lines per cycle (as specified)",2,8002,0,"core",3.35584806879569,2.64415193120431,7,0.571072007653712,0.3,3,2,"poolMean",0,0
1,3,6.49910632005696,0.499106320056956,0.403386776573267,70.6367622938846,0.458613497657112,98.1490433825248,5.93880960777924,3.47102884665681,1,1460,360,40,1,"CB","CB_nB1","inflow_rate","1 bridge line per cycle",2,8002,0,"core",3.55870029691963,2.44129970308037,7,0.571072007653712,0.3,3,1,"poolMean",0,0
2,6,7.35116512692627,1.35116512692627,0.516235921313933,90.397693179696,0.399783248286597,85.5586317893874,7.07973517583308,3.52282722156198,114,3160,660,90,2,"CB","CB_nB1","inflow_rate","1 bridge line per cycle",2,8002,0,"core",3.55870029691963,2.44129970308037,7,0.571072007653712,0.3,3,1,"poolMean",0,0
3,9,8.62384205961493,2.62384205961493,0.249728193104293,43.7297205531608,0.304590778845964,65.1862488121123,7.78819296158971,3.64989121269869,117,4860,960,140,3,"CB","CB_nB1","inflow_rate","1 bridge line per cycle",2,8002,0,"core",3.55870029691963,2.44129970308037,7,0.571072007653712,0.3,3,1,"poolMean",0,0
4,12,9.24428846366285,3.24428846366285,0.196044503472367,34.3292090743213,0.245038244144167,52.4412590945264,8.04578843631807,3.55652127322823,66,6560,1260,190,4,"CB","CB_nB1","inflow_rate","1 bridge line per cycle",2,8002,0,"core",3.55870029691963,2.44129970308037,7,0.571072007653712,0.3,3,1,"poolMean",0,0
5,15,9.82444441012494,3.82444441012494,0.151951646811947,26.6081413158825,0.210613453410492,45.0739219001031,8.44795178306841,3.64970795885417,65,8260,1560,240,5,"CB","CB_nB1","inflow_rate","1 bridge line per cycle",2,8002,0,"core",3.55870029691963,2.44129970308037,7,0.571072007653712,0.3,3,1,"poolMean",0,0
6,18,10.537224230026,4.53722423002598,0.173857385632315,30.4440391583225,0.181285093504618,38.7972848550849,8.96765715815025,3.78212881365227,69,9960,1860,290,6,"CB","CB_nB1","inflow_rate","1 bridge line per cycle",2,8002,0,"core",3.55870029691963,2.44129970308037,7,0.571072007653712,0.3,3,1,"poolMean",0,0
7,21,10.9775104282649,4.97751042826488,0.104018967223623,18.2146849835964,0.149787564387187,32.0564183791044,9.32362766486631,3.6550569524175,83,11660,2160,340,7,"CB","CB_nB1","inflow_rate","1 bridge line per cycle",2,8002,0,"core",3.55870029691963,2.44129970308037,7,0.571072007653712,0.3,3,1,"poolMean",0,0
8,24,11.4267249381217,5.42672493812174,0.0865245051380766,15.1512425715924,0.124356400875402,26.6138302661559,9.29028765881847,3.60138633048866,67,13360,2460,390,8,"CB","CB_nB1","inflow_rate","1 bridge line per cycle",2,8002,0,"core",3.55870029691963,2.44129970308037,7,0.571072007653712,0.3,3,1,"poolMean",0,0
9,27,11.7524311735624,5.75243117356241,0.0798620652087711,13.9845876068921,0.103977104491021,22.252405111523,9.60471243853974,3.48850566531456,46,15060,2760,440,9,"CB","CB_nB1","inflow_rate","1 bridge line per cycle",2,8002,0,"core",3.55870029691963,2.44129970308037,7,0.571072007653712,0.3,3,1,"poolMean",0,0
10,30,12.0794516889328,6.07945168893279,0.0459392782852722,8.04439329359126,0.074889014331932,16.0271888073274,9.57702956931827,3.55754514567343,2,16760,3060,490,10,"CB","CB_nB1","inflow_rate","1 bridge line per cycle",2,8002,0,"core",3.55870029691963,2.44129970308037,7,0.571072007653712,0.3,3,1,"poolMean",0,0
11,33,12.2538579570013,6.25385795700135,0.0521973219604351,9.14023472712159,0.0653702630930595,13.990056596731,9.756514569367,3.58881448716036,12,18460,3360,540,11,"CB","CB_nB1","inflow_rate","1 bridge line per cycle",2,8002,0,"core",3.55870029691963,2.44129970308037,7,0.571072007653712,0.3,3,1,"poolMean",0,0
12,36,12.5205140602015,6.52051406020152,0.0442941407329813,7.7563144646096,0.0489006180539426,10.4653458900094,9.90634669512542,3.65980502457124,8,20160,3660,590,12,"CB","CB_nB1","inflow_rate","1 bridge line per cycle",2,8002,0,"core",3.55870029691963,2.44129970308037,7,0.571072007653712,0.3,3,1,"poolMean",0,0
13,39,12.5643894230523,6.56438942305235,0.0317589908533428,5.56129357203599,0.0418443186935563,8.95520928133843,10.26834015586,3.76736520869777,14,21860,3960,640,13,"CB","CB_nB1","inflow_rate","1 bridge line per cycle",2,8002,0,"core",3.55870029691963,2.44129970308037,7,0.571072007653712,0.3,3,1,"poolMean",0,0
14,42,12.5865298915835,6.58652989158348,0.0247312673481073,4.33067406853252,0.0374380399152162,8.01221033084931,10.1221850878222,3.83447311322068,91,23560,4260,690,14,"CB","CB_nB1","inflow_rate","1 bridge line per cycle",2,8002,0,"core",3.55870029691963,2.44129970308037,7,0.571072007653712,0.3,3,1,"poolMean",0,0
15,45,12.6353437812809,6.63534378128088,0.0227339251060803,3.98092093490699,0.0337028773091911,7.21283866269654,10.0208371902514,3.81218967985255,54,25260,4560,740,15,"CB","CB_nB1","inflow_rate","1 bridge line per cycle",2,8002,0,"core",3.55870029691963,2.44129970308037,7,0.571072007653712,0.3,3,1,"poolMean",0,0
16,48,12.7220487652402,6.72204876524017,0.0310299246404663,5.43362732275301,0.0343911104665445,7.36012919462256,10.2655820681425,3.73627828795939,48,26960,4860,790,16,"CB","CB_nB1","inflow_rate","1 bridge line per cycle",2,8002,0,"core",3.55870029691963,2.44129970308037,7,0.571072007653712,0.3,3,1,"poolMean",0,0
17,51,12.7684400533936,6.76844005339358,0.0233474405368637,4.08835317157082,0.0319097147738268,6.82907937873631,10.2025208008253,3.72674695363176,33,28660,5160,840,17,"CB","CB_nB1","inflow_rate","1 bridge line per cycle",2,8002,0,"core",3.55870029691963,2.44129970308037,7,0.571072007653712,0.3,3,1,"poolMean",0,0
18,54,12.8810497550757,6.88104975507571,0.0146903717302344,2.57242020854616,0.0223248983797675,4.77780839591536,10.2017172689985,3.62139938775611,3,30360,5460,890,18,"CB","CB_nB1","inflow_rate","1 bridge line per cycle",2,8002,0,"core",3.55870029691963,2.44129970308037,7,0.571072007653712,0.3,3,1,"poolMean",0,0
19,57,12.8774891999832,6.87748919998315,0.014804319020594,2.59237343490508,0.0209375936950283,4.48090778487175,10.5232166701218,3.66604289452966,39,32060,5760,940,19,"CB","CB_nB1","inflow_rate","1 bridge line per cycle",2,8002,0,"core",3.55870029691963,2.44129970308037,7,0.571072007653712,0.3,3,1,"poolMean",0,0
20,60,12.8560422088497,6.85604220884973,0.0114059385874568,1.99728553222541,0.0187180028448882,4.00588749053942,10.3832079876547,3.76492265741825,62,33760,6060,990,20,"CB","CB_nB1","inflow_rate","1 bridge line per cycle",2,8002,0,"core",3.55870029691963,2.44129970308037,7,0.571072007653712,0.3,3,1,"poolMean",0,0
1,3,6.49910632005696,0.499106320056956,0.403386776573267,70.6367622938846,0.458613497657112,98.1490433825248,5.93880960777924,3.47102884665681,1,1460,360,40,1,"CB","CB_nB4","inflow_rate","4 bridge lines per cycle",2,8002,0,"core",3.55870029691963,2.44129970308037,7,0.571072007653712,0.3,3,4,"poolMean",0,0
2,6,7.35116512692627,1.35116512692627,0.516235921313933,90.397693179696,0.399783248286597,85.5586317893874,7.07973517583308,3.52282722156198,114,3160,660,90,5,"CB","CB_nB4","inflow_rate","4 bridge lines per cycle",2,8002,0,"core",3.55870029691963,2.44129970308037,7,0.571072007653712,0.3,3,4,"poolMean",0,0
3,9,8.54845262709439,2.54845262709439,0.283591174048985,49.6594422854202,0.325889151184059,69.7443677538092,7.64573173137849,3.64989121269869,128,4860,960,140,9,"CB","CB_nB4","inflow_rate","4 bridge lines per cycle",2,8002,0,"core",3.55870029691963,2.44129970308037,7,0.571072007653712,0.3,3,4,"poolMean",0,0
4,12,9.22373247571335,3.22373247571335,0.220101867861923,38.5418764905368,0.272453907238572,58.3085550205289,8.09986418539317,3.55652127322823,64,6560,1260,190,13,"CB","CB_nB4","inflow_rate","4 bridge lines per cycle",2,8002,0,"core",3.55870029691963,2.44129970308037,7,0.571072007653712,0.3,3,4,"poolMean",0,0
5,15,9.87620125813134,3.87620125813134,0.228437272748498,40.0014831206748,0.252932868878932,54.1308078529898,8.67806621546291,3.64970795885417,89,8260,1560,240,17,"CB","CB_nB4","inflow_rate","4 bridge lines per cycle",2,8002,0,"core",3.55870029691963,2.44129970308037,7,0.571072007653712,0.3,3,4,"poolMean",0,0
6,18,10.5396070831784,4.53960708317841,0.202425500623959,35.4465808008413,0.245528201815081,52.5461161843064,9.12567722230629,3.78212881365227,95,9960,1860,290,21,"CB","CB_nB4","inflow_rate","4 bridge lines per cycle",2,8002,0,"core",3.55870029691963,2.44129970308037,7,0.571072007653712,0.3,3,4,"poolMean",0,0
7,21,11.2471381222074,5.24713812220736,0.181674607516393,31.8129071433242,0.235643333290636,50.4306302803966,9.72686423612321,3.6550569524175,141,11660,2160,340,25,"CB","CB_nB4","inflow_rate","4 bridge lines per cycle",2,8002,0,"core",3.55870029691963,2.44129970308037,7,0.571072007653712,0.3,3,4,"poolMean",0,0
8,24,11.9329388510839,5.93293885108389,0.182857152110526,32.0199816590218,0.186059198701886,39.8190032748723,9.95972361296159,3.60138633048866,96,13360,2460,390,29,"CB","CB_nB4","inflow_rate","4 bridge lines per cycle",2,8002,0,"core",3.55870029691963,2.44129970308037,7,0.571072007653712,0.3,3,4,"poolMean",0,0
9,27,12.5198875087618,6.51988750876176,0.126332855479038,22.1220535739591,0.147453570650179,31.5569144314044,10.462298627579,3.48850566531456,87,15060,2760,440,33,"CB","CB_nB4","inflow_rate","4 bridge lines per cycle",2,8002,0,"core",3.55870029691963,2.44129970308037,7,0.571072007653712,0.3,3,4,"poolMean",0,0
10,30,12.9705724663625,6.97057246636246,0.124890315952841,21.8694515365866,0.121514683515995,26.0056670921233,10.5649169335569,3.55754514567343,37,16760,3060,490,36,"CB","CB_nB4","inflow_rate","4 bridge lines per cycle",2,8002,0,"core",3.55870029691963,2.44129970308037,7,0.571072007653712,0.3,3,4,"poolMean",0,0
11,33,13.4321791397131,7.43217913971308,0.0843956008133307,14.7784516982501,0.0969093830911913,20.7398240430823,10.6783395342128,3.58881448716036,28,18460,3360,540,37,"CB","CB_nB4","inflow_rate","4 bridge lines per cycle",2,8002,0,"core",3.55870029691963,2.44129970308037,7,0.571072007653712,0.3,3,4,"poolMean",0,0
12,36,13.8008113048371,7.80081130483709,0.0511749996261513,8.96121661371694,0.0672020468561881,14.3820813080689,10.9918005188973,3.65980502457124,16,20160,3660,590,41,"CB","CB_nB4","inflow_rate","4 bridge lines per cycle",2,8002,0,"core",3.55870029691963,2.44129970308037,7,0.571072007653712,0.3,3,4,"poolMean",0,0
13,39,14.0187240047484,8.01872400474843,0.0562493273545527,9.84977841685094,0.0730141824591182,15.6259512603302,11.3225772360462,3.76736520869777,21,21860,3960,640,45,"CB","CB_nB4","inflow_rate","4 bridge lines per cycle",2,8002,0,"core",3.55870029691963,2.44129970308037,7,0.571072007653712,0.3,3,4,"poolMean",0,0
14,42,14.2615197540644,8.2615197540644,0.0321088262590805,5.62255299309833,0.0561405231064965,12.0147764207692,11.3525719929606,3.83447311322068,123,23560,4260,690,49,"CB","CB_nB4","inflow_rate","4 bridge lines per cycle",2,8002,0,"core",3.55870029691963,2.44129970308037,7,0.571072007653712,0.3,3,4,"poolMean",0,0
15,45,14.4639374822866,8.46393748228656,0.0191044459932679,3.34536551209361,0.0388449641220676,8.31330976581933,11.3379373437225,3.81218967985255,43,25260,4560,740,51,"CB","CB_nB4","inflow_rate","4 bridge lines per cycle",2,8002,0,"core",3.55870029691963,2.44129970308037,7,0.571072007653712,0.3,3,4,"poolMean",0,0
16,48,14.5910184227671,8.59101842276713,0.0250897306431107,4.39344431294988,0.0353914823100104,7.5742213222302,11.7118073705361,3.73627828795939,43,26960,4860,790,54,"CB","CB_nB4","inflow_rate","4 bridge lines per cycle",2,8002,0,"core",3.55870029691963,2.44129970308037,7,0.571072007653712,0.3,3,4,"poolMean",0,0
17,51,14.7635339752388,8.76353397523882,0.0177539488470316,3.10888094830194,0.0316529639662048,6.77413148408312,11.5036248503211,3.72674695363176,22,28660,5160,840,55,"CB","CB_nB4","inflow_rate","4 bridge lines per cycle",2,8002,0,"core",3.55870029691963,2.44129970308037,7,0.571072007653712,0.3,3,4,"poolMean",0,0
18,54,14.8269010734178,8.82690107341775,0.0183444515813379,3.21228344858074,0.028317084692031,6.06021145932943,11.6344496167423,3.62139938775611,1,30360,5460,890,56,"CB","CB_nB4","inflow_rate","4 bridge lines per cycle",2,8002,0,"core",3.55870029691963,2.44129970308037,7,0.571072007653712,0.3,3,4,"poolMean",0,0
19,57,14.7807708610465,8.78077086104655,0.020947022203924,3.66801767958935,0.0299746298491338,6.41494692255517,11.9457826262319,3.66604289452966,66,32060,5760,940,60,"CB","CB_nB4","inflow_rate","4 bridge lines per cycle",2,8002,0,"core",3.55870029691963,2.44129970308037,7,0.571072007653712,0.3,3,4,"poolMean",0,0
20,60,14.8539964082608,8.85399640826085,0.0241428065870981,4.22762913669863,0.0311899031220275,6.67503065273803,11.829086631843,3.76492265741825,65,33760,6060,990,64,"CB","CB_nB4","inflow_rate","4 bridge lines per cycle",2,8002,0,"core",3.55870029691963,2.44129970308037,7,0.571072007653712,0.3,3,4,"poolMean",0,0
1,3,6.49910632005696,0.499106320056956,0.403386776573267,70.6367622938846,0.458613497657112,98.1490433825248,5.93880960777924,3.47102884665681,1,1460,360,40,1,"CB","CB_nB8","inflow_rate","8 bridge lines per cycle",2,8002,0,"core",3.55870029691963,2.44129970308037,7,0.571072007653712,0.3,3,8,"poolMean",0,0
2,6,7.35116512692627,1.35116512692627,0.516235921313933,90.397693179696,0.399783248286597,85.5586317893874,7.07973517583308,3.52282722156198,114,3160,660,90,9,"CB","CB_nB8","inflow_rate","8 bridge lines per cycle",2,8002,0,"core",3.55870029691963,2.44129970308037,7,0.571072007653712,0.3,3,8,"poolMean",0,0
3,9,8.35818525885521,2.35818525885521,0.451366632498372,79.0384796398693,0.384251902828171,82.2347289671295,7.68203505097724,3.64989121269869,140,4860,960,140,17,"CB","CB_nB8","inflow_rate","8 bridge lines per cycle",2,8002,0,"core",3.55870029691963,2.44129970308037,7,0.571072007653712,0.3,3,8,"poolMean",0,0
4,12,9.22180524512441,3.22180524512441,0.302646388561871,52.9961869091279,0.327412148481674,70.0703082867388,8.33418583550267,3.55652127322823,79,6560,1260,190,24,"CB","CB_nB8","inflow_rate","8 bridge lines per cycle",2,8002,0,"core",3.55870029691963,2.44129970308037,7,0.571072007653712,0.3,3,8,"poolMean",0,0
5,15,10.2293743294313,4.22937432943135,0.292213492443626,51.169290129314,0.309491075184191,66.2349737195667,8.83962861631412,3.64970795885417,86,8260,1560,240,32,"CB","CB_nB8","inflow_rate","8 bridge lines per cycle",2,8002,0,"core",3.55870029691963,2.44129970308037,7,0.571072007653712,0.3,3,8,"poolMean",0,0
6,18,10.9179754703435,4.91797547034349,0.227278232614185,39.7985244536802,0.287479896313888,61.5243052353672,9.50926267506393,3.78212881365227,91,9960,1860,290,37,"CB","CB_nB8","inflow_rate","8 bridge lines per cycle",2,8002,0,"core",3.55870029691963,2.44129970308037,7,0.571072007653712,0.3,3,8,"poolMean",0,0
7,21,11.6847150091936,5.68471500919364,0.170877251526779,29.9221900630079,0.256165745795774,54.8226840807557,10.0770718504542,3.6550569524175,128,11660,2160,340,45,"CB","CB_nB8","inflow_rate","8 bridge lines per cycle",2,8002,0,"core",3.55870029691963,2.44129970308037,7,0.571072007653712,0.3,3,8,"poolMean",0,0
8,24,12.1851689487142,6.18516894871417,0.163044384846017,28.5505825291449,0.222988602613797,47.7223591184261,10.1564432520185,3.60138633048866,86,13360,2460,390,49,"CB","CB_nB8","inflow_rate","8 bridge lines per cycle",2,8002,0,"core",3.55870029691963,2.44129970308037,7,0.571072007653712,0.3,3,8,"poolMean",0,0
9,27,12.7635099707743,6.76350997077427,0.121546081897431,21.2838451663585,0.187112250621168,40.0443695997575,10.488165071054,3.48850566531456,81,15060,2760,440,54,"CB","CB_nB8","inflow_rate","8 bridge lines per cycle",2,8002,0,"core",3.55870029691963,2.44129970308037,7,0.571072007653712,0.3,3,8,"poolMean",0,0
10,30,13.0675736146727,7.06757361467274,0.125757965560304,22.0213850223527,0.173405902655919,37.1110391419107,10.4519075163565,3.55754514567343,23,16760,3060,490,56,"CB","CB_nB8","inflow_rate","8 bridge lines per cycle",2,8002,0,"core",3.55870029691963,2.44129970308037,7,0.571072007653712,0.3,3,8,"poolMean",0,0
11,33,13.3812109696844,7.38121096968436,0.0797155880965632,13.9589381073116,0.143550553129718,30.7216197052451,10.5205956402741,3.58881448716036,22,18460,3360,540,58,"CB","CB_nB8","inflow_rate","8 bridge lines per cycle",2,8002,0,"core",3.55870029691963,2.44129970308037,7,0.571072007653712,0.3,3,8,"poolMean",0,0
12,36,13.6488959191405,7.64889591914051,0.0694030863375037,12.1531234953453,0.116714495189556,24.9783665553908,10.8817291565231,3.65980502457124,20,20160,3660,590,61,"CB","CB_nB8","inflow_rate","8 bridge lines per cycle",2,8002,0,"core",3.55870029691963,2.44129970308037,7,0.571072007653712,0.3,3,8,"poolMean",0,0
13,39,13.9486836995987,7.94868369959874,0.085568673076819,14.9838675210826,0.0955816909534655,20.455681265144,11.490386155619,3.76736520869777,24,21860,3960,640,64,"CB","CB_nB8","inflow_rate","8 bridge lines per cycle",2,8002,0,"core",3.55870029691963,2.44129970308037,7,0.571072007653712,0.3,3,8,"poolMean",0,0
14,42,14.389823830265,8.38982383026496,0.03329766021861,5.830728834953,0.0749151156818822,16.0327748237479,11.5206749725014,3.83447311322068,78,23560,4260,690,70,"CB","CB_nB8","inflow_rate","8 bridge lines per cycle",2,8002,0,"core",3.55870029691963,2.44129970308037,7,0.571072007653712,0.3,3,8,"poolMean",0,0
15,45,14.6053230076231,8.60532300762305,0.0267240589372436,4.67963034067126,0.0556672877483323,11.9134981157566,11.3875918898924,3.81218967985255,47,25260,4560,740,72,"CB","CB_nB8","inflow_rate","8 bridge lines per cycle",2,8002,0,"core",3.55870029691963,2.44129970308037,7,0.571072007653712,0.3,3,8,"poolMean",0,0
16,48,14.6301694393439,8.63016943934387,0.0205578916878508,3.5998773206052,0.0547304405549316,11.7130010603982,11.6321745169861,3.73627828795939,47,26960,4860,790,75,"CB","CB_nB8","inflow_rate","8 bridge lines per cycle",2,8002,0,"core",3.55870029691963,2.44129970308037,7,0.571072007653712,0.3,3,8,"poolMean",0,0
17,51,14.6919479049473,8.69194790494727,0.0194583421411075,3.40733600672416,0.0552867439313159,11.8320569636839,11.6073614332063,3.72674695363176,27,28660,5160,840,77,"CB","CB_nB8","inflow_rate","8 bridge lines per cycle",2,8002,0,"core",3.55870029691963,2.44129970308037,7,0.571072007653712,0.3,3,8,"poolMean",0,0
18,54,14.7557483688068,8.75574836880675,0.0216778456332332,3.79599163375178,0.0520740198593594,11.1444936976103,11.6371756086712,3.62139938775611,7,30360,5460,890,80,"CB","CB_nB8","inflow_rate","8 bridge lines per cycle",2,8002,0,"core",3.55870029691963,2.44129970308037,7,0.571072007653712,0.3,3,8,"poolMean",0,0
19,57,14.8701670136786,8.87016701367863,0.0183782567502812,3.21820304689588,0.0531590781930791,11.3767097968156,11.9138004055481,3.66604289452966,81,32060,5760,940,85,"CB","CB_nB8","inflow_rate","8 bridge lines per cycle",2,8002,0,"core",3.55870029691963,2.44129970308037,7,0.571072007653712,0.3,3,8,"poolMean",0,0
20,60,14.9447348264925,8.94473482649252,0.0152832472961162,2.6762382136201,0.0428674099716401,9.17416365304777,11.8106745714678,3.76492265741825,50,33760,6060,990,89,"CB","CB_nB8","inflow_rate","8 bridge lines per cycle",2,8002,0,"core",3.55870029691963,2.44129970308037,7,0.571072007653712,0.3,3,8,"poolMean",0,0
1,3,6.49910632005696,0.499106320056956,0.403386776573267,70.6367622938846,0.458613497657112,98.1490433825248,7.64363406146972,3.49839682681785,273,1760,360,50,2,"CB","CB_noRecurrent","mechanism","bridge pool rebuilt each cycle (not recurrent)",2,8002,0,"core",3.55870029691963,2.44129970308037,7,0.571072007653712,0.3,3,2,"poolMean",0,0
2,6,7.34300615861881,1.34300615861881,0.437626138097574,76.6323917531154,0.39611239571223,84.7730232749999,8.34526023370617,3.53315663482087,208,3460,660,100,4,"CB","CB_noRecurrent","mechanism","bridge pool rebuilt each cycle (not recurrent)",2,8002,0,"core",3.55870029691963,2.44129970308037,7,0.571072007653712,0.3,3,2,"poolMean",0,0
3,9,8.51906902008201,2.51906902008201,0.223422024813649,39.1232667368155,0.336165389015388,71.9436116004663,8.51351244580166,3.5473778408891,42,5160,960,150,6,"CB","CB_noRecurrent","mechanism","bridge pool rebuilt each cycle (not recurrent)",2,8002,0,"core",3.55870029691963,2.44129970308037,7,0.571072007653712,0.3,3,2,"poolMean",0,0
4,12,9.27988174607429,3.27988174607429,0.200244482056721,35.0646642407564,0.297648885658564,63.7005965600792,9.52488287667321,3.53357587976312,49,6860,1260,200,8,"CB","CB_noRecurrent","mechanism","bridge pool rebuilt each cycle (not recurrent)",2,8002,0,"core",3.55870029691963,2.44129970308037,7,0.571072007653712,0.3,3,2,"poolMean",0,0
5,15,9.90947559469253,3.90947559469253,0.164468584621484,28.7999731062312,0.261819912827169,56.0327467764492,9.67024624779819,3.47884653677041,20,8560,1560,250,10,"CB","CB_noRecurrent","mechanism","bridge pool rebuilt each cycle (not recurrent)",2,8002,0,"core",3.55870029691963,2.44129970308037,7,0.571072007653712,0.3,3,2,"poolMean",0,0
6,18,10.5311280934817,4.53112809348168,0.128453992278284,22.4934842816137,0.216672740227063,46.3706853134454,10.2717426912055,3.55997804546284,5,10260,1860,300,12,"CB","CB_noRecurrent","mechanism","bridge pool rebuilt each cycle (not recurrent)",2,8002,0,"core",3.55870029691963,2.44129970308037,7,0.571072007653712,0.3,3,2,"poolMean",0,0
7,21,11.0651701394886,5.06517013948856,0.153714657380249,26.9168608021598,0.212831688122129,45.5486519637783,10.6456609715246,3.5341963818987,0,11960,2160,350,14,"CB","CB_noRecurrent","mechanism","bridge pool rebuilt each cycle (not recurrent)",2,8002,0,"core",3.55870029691963,2.44129970308037,7,0.571072007653712,0.3,3,2,"poolMean",0,0
8,24,11.470010912763,5.47001091276302,0.169336678431807,29.6524214393799,0.188770450089702,40.39924509384,10.8697362056341,3.45041539740017,3,13660,2460,400,16,"CB","CB_noRecurrent","mechanism","bridge pool rebuilt each cycle (not recurrent)",2,8002,0,"core",3.55870029691963,2.44129970308037,7,0.571072007653712,0.3,3,2,"poolMean",0,0
9,27,11.8032953890844,5.80329538908444,0.085135153695204,14.9079542604421,0.166107499351237,35.5490892511337,11.0228786815153,3.4397900868731,2,15360,2760,450,18,"CB","CB_noRecurrent","mechanism","bridge pool rebuilt each cycle (not recurrent)",2,8002,0,"core",3.55870029691963,2.44129970308037,7,0.571072007653712,0.3,3,2,"poolMean",0,0
10,30,12.0065941426603,6.0065941426603,0.13152224569889,23.0307638854964,0.149867389174516,32.0735018852693,11.2985782398883,3.28989468949557,0,17060,3060,500,20,"CB","CB_noRecurrent","mechanism","bridge pool rebuilt each cycle (not recurrent)",2,8002,0,"core",3.55870029691963,2.44129970308037,7,0.571072007653712,0.3,3,2,"poolMean",0,0
11,33,12.2176959111869,6.21769591118685,0.114569307396737,20.0621473056353,0.13908164282252,29.7652168216525,11.3974907466536,3.35340714310998,0,18760,3360,550,22,"CB","CB_noRecurrent","mechanism","bridge pool rebuilt each cycle (not recurrent)",2,8002,0,"core",3.55870029691963,2.44129970308037,7,0.571072007653712,0.3,3,2,"poolMean",0,0
12,36,12.5654255602214,6.56542556022139,0.153034116333346,26.797691759065,0.123415954511745,26.4125629431986,11.549364456659,3.36160454425886,0,20460,3660,600,24,"CB","CB_noRecurrent","mechanism","bridge pool rebuilt each cycle (not recurrent)",2,8002,0,"core",3.55870029691963,2.44129970308037,7,0.571072007653712,0.3,3,2,"poolMean",0,0
13,39,12.9373081416483,6.93730814164827,0.073364299282601,12.8467685859833,0.0854872372778941,18.2953415089267,11.9656030584015,3.38535643135995,0,22160,3960,650,26,"CB","CB_noRecurrent","mechanism","bridge pool rebuilt each cycle (not recurrent)",2,8002,0,"core",3.55870029691963,2.44129970308037,7,0.571072007653712,0.3,3,2,"poolMean",0,0
14,42,12.9998262330222,6.99982623302222,0.15504509512824,27.1498327794516,0.0985781382476618,21.0969585868408,11.981510935939,3.50751926581899,0,23860,4260,700,28,"CB","CB_noRecurrent","mechanism","bridge pool rebuilt each cycle (not recurrent)",2,8002,0,"core",3.55870029691963,2.44129970308037,7,0.571072007653712,0.3,3,2,"poolMean",0,0
15,45,13.1364130511089,7.13641305110891,0.220161682345481,38.5523505608391,0.0836659083722431,17.9055542682811,11.9784210840681,3.44986437014113,0,25560,4560,750,30,"CB","CB_noRecurrent","mechanism","bridge pool rebuilt each cycle (not recurrent)",2,8002,0,"core",3.55870029691963,2.44129970308037,7,0.571072007653712,0.3,3,2,"poolMean",0,0
16,48,13.1090132109764,7.10901321097641,0.212387378805879,37.1909979756295,0.0921981490518396,19.731560840024,12.2652373195562,3.31989772457718,0,27260,4860,800,32,"CB","CB_noRecurrent","mechanism","bridge pool rebuilt each cycle (not recurrent)",2,8002,0,"core",3.55870029691963,2.44129970308037,7,0.571072007653712,0.3,3,2,"poolMean",0,0
17,51,13.1940814661019,7.19408146610193,0.192849853453116,33.7697962548458,0.0742497782884649,15.8903842726103,12.0818933027232,3.28481174177476,0,28960,5160,850,34,"CB","CB_noRecurrent","mechanism","bridge pool rebuilt each cycle (not recurrent)",2,8002,0,"core",3.55870029691963,2.44129970308037,7,0.571072007653712,0.3,3,2,"poolMean",0,0
18,54,13.3744586879234,7.37445868792338,0.169903423023444,29.7516636687384,0.0634411141531511,13.5771945157811,12.2135207887826,3.20561865304077,0,30660,5460,900,36,"CB","CB_noRecurrent","mechanism","bridge pool rebuilt each cycle (not recurrent)",2,8002,0,"core",3.55870029691963,2.44129970308037,7,0.571072007653712,0.3,3,2,"poolMean",0,0
19,57,13.3067276818552,7.30672768185524,0.182895948251679,32.0267752228165,0.0650286700484157,13.9169513987174,12.27282257336,3.23435994751204,0,32360,5760,950,38,"CB","CB_noRecurrent","mechanism","bridge pool rebuilt each cycle (not recurrent)",2,8002,0,"core",3.55870029691963,2.44129970308037,7,0.571072007653712,0.3,3,2,"poolMean",0,0
20,60,13.2387429766849,7.23874297668494,0.21919704302587,38.383433277785,0.0698833638758424,14.9559167966204,12.0484061676005,3.29318420430893,0,34060,6060,1000,40,"CB","CB_noRecurrent","mechanism","bridge pool rebuilt each cycle (not recurrent)",2,8002,0,"core",3.55870029691963,2.44129970308037,7,0.571072007653712,0.3,3,2,"poolMean",0,0
1,3,6.49910632005696,0.499106320056956,0.403386776573267,70.6367622938846,0.458613497657112,98.1490433825248,6.01553514893223,3.40656655176419,12,1460,360,40,1,"CB","CB_noWithinFam","mechanism","bridge pool selected across families",2,8002,0,"core",3.32696565251651,2.67303434748349,7,0.571072007653712,0.3,3,2,"poolMean",0,0
2,6,7.58450112090899,1.58450112090899,0.386388822445844,67.6602630259096,0.402646353150443,86.1713721577496,7.78525255986084,3.50905386177206,81,3160,660,90,3,"CB","CB_noWithinFam","mechanism","bridge pool selected across families",2,8002,0,"core",3.32696565251651,2.67303434748349,7,0.571072007653712,0.3,3,2,"poolMean",0,0
3,9,8.61730760818187,2.61730760818187,0.354466691215676,62.0704020622594,0.32694604594808,69.9705564956902,9.1036234652168,3.57949610242524,211,4860,960,140,5,"CB","CB_noWithinFam","mechanism","bridge pool selected across families",2,8002,0,"core",3.32696565251651,2.67303434748349,7,0.571072007653712,0.3,3,2,"poolMean",0,0
4,12,9.55717933819489,3.55717933819489,0.267142597617233,46.7791441424009,0.28764647185822,61.5599544921175,10.0159584476537,3.63867527181976,207,6560,1260,190,7,"CB","CB_noWithinFam","mechanism","bridge pool selected across families",2,8002,0,"core",3.32696565251651,2.67303434748349,7,0.571072007653712,0.3,3,2,"poolMean",0,0
5,15,10.1967939302675,4.19679393026748,0.300393251387956,52.6016417127749,0.252561915983731,54.0514192785368,11.0710124261021,3.63761384208939,232,8260,1560,240,9,"CB","CB_noWithinFam","mechanism","bridge pool selected across families",2,8002,0,"core",3.32696565251651,2.67303434748349,7,0.571072007653712,0.3,3,2,"poolMean",0,0
6,18,10.9368968298362,4.93689682983615,0.143662301419247,25.1566001299018,0.187897766213271,40.2124797934625,11.5707837172099,3.71676849940658,253,9960,1860,290,11,"CB","CB_noWithinFam","mechanism","bridge pool selected across families",2,8002,0,"core",3.32696565251651,2.67303434748349,7,0.571072007653712,0.3,3,2,"poolMean",0,0
7,21,11.2329515375466,5.23295153754656,0.104271050215917,18.2588270513068,0.151407278815609,32.4030575916757,11.5888606876682,3.77512474992388,263,11660,2160,340,13,"CB","CB_noWithinFam","mechanism","bridge pool selected across families",2,8002,0,"core",3.32696565251651,2.67303434748349,7,0.571072007653712,0.3,3,2,"poolMean",0,0
8,24,11.5531962417212,5.55319624172119,0.0948940752044351,16.6168318412793,0.12733468757707,27.2512209931645,11.9266821942028,3.71254469054032,266,13360,2460,390,15,"CB","CB_noWithinFam","mechanism","bridge pool selected across families",2,8002,0,"core",3.32696565251651,2.67303434748349,7,0.571072007653712,0.3,3,2,"poolMean",0,0
9,27,11.8598328247111,5.85983282471108,0.0997177688745156,17.4615052984671,0.119350835365293,25.5425764349548,12.2067809015252,3.63770299971905,274,15060,2760,440,17,"CB","CB_noWithinFam","mechanism","bridge pool selected across families",2,8002,0,"core",3.32696565251651,2.67303434748349,7,0.571072007653712,0.3,3,2,"poolMean",0,0
10,30,12.2494005334962,6.24940053349615,0.0852826046541579,14.9337742896114,0.113895525555184,24.3750716799643,12.4943012779327,3.59605320754846,270,16760,3060,490,19,"CB","CB_noWithinFam","mechanism","bridge pool selected across families",2,8002,0,"core",3.32696565251651,2.67303434748349,7,0.571072007653712,0.3,3,2,"poolMean",0,0
11,33,12.4602499158402,6.46024991584022,0.0749843024505283,13.1304461513718,0.0975540195476697,20.8777843339505,12.7742895000472,3.66406810961157,245,18460,3360,540,21,"CB","CB_noWithinFam","mechanism","bridge pool selected across families",2,8002,0,"core",3.32696565251651,2.67303434748349,7,0.571072007653712,0.3,3,2,"poolMean",0,0
12,36,12.7167483982997,6.71674839829968,0.0674250635456649,11.8067533764587,0.0830890604803307,17.7821015808708,12.9605732828516,3.73371863275313,257,20160,3660,590,23,"CB","CB_noWithinFam","mechanism","bridge pool selected across families",2,8002,0,"core",3.32696565251651,2.67303434748349,7,0.571072007653712,0.3,3,2,"poolMean",0,0
13,39,12.8772043179556,6.87720431795556,0.0530217706357988,9.28460332938438,0.0749297124455123,16.0358987143314,13.2007597547706,3.64767544489195,271,21860,3960,640,25,"CB","CB_noWithinFam","mechanism","bridge pool selected across families",2,8002,0,"core",3.32696565251651,2.67303434748349,7,0.571072007653712,0.3,3,2,"poolMean",0,0
14,42,13.0342140593502,7.03421405935016,0.0429332974783121,7.51801820136597,0.0648180569824149,13.8718775597279,13.3341976167602,3.68130706925806,269,23560,4260,690,27,"CB","CB_noWithinFam","mechanism","bridge pool selected across families",2,8002,0,"core",3.32696565251651,2.67303434748349,7,0.571072007653712,0.3,3,2,"poolMean",0,0
15,45,13.3586687235581,7.35866872355806,0.0382099065310215,6.69090868032728,0.0522385879378255,11.1797133314747,13.4852064180431,3.71034075207177,278,25260,4560,740,29,"CB","CB_noWithinFam","mechanism","bridge pool selected across families",2,8002,0,"core",3.32696565251651,2.67303434748349,7,0.571072007653712,0.3,3,2,"poolMean",0,0
16,48,13.487829360439,7.48782936043901,0.0346983455618771,6.0760018170804,0.0417807409639968,8.94160284941138,13.6509279414809,3.63180002715878,290,26960,4860,790,31,"CB","CB_noWithinFam","mechanism","bridge pool selected across families",2,8002,0,"core",3.32696565251651,2.67303434748349,7,0.571072007653712,0.3,3,2,"poolMean",0,0
17,51,13.7033638784156,7.70336387841563,0.0232820865231768,4.07690907821464,0.0246522685869017,5.27589482510719,13.7448913597719,3.71805455275003,249,28660,5160,840,33,"CB","CB_noWithinFam","mechanism","bridge pool selected across families",2,8002,0,"core",3.32696565251651,2.67303434748349,7,0.571072007653712,0.3,3,2,"poolMean",0,0
18,54,13.7258328311122,7.72583283111225,0.0205753661472548,3.60293726036234,0.0179469771478974,3.84087831621378,13.7466688786802,3.80799431952864,279,30360,5460,890,35,"CB","CB_noWithinFam","mechanism","bridge pool selected across families",2,8002,0,"core",3.32696565251651,2.67303434748349,7,0.571072007653712,0.3,3,2,"poolMean",0,0
19,57,13.7639741239813,7.76397412398135,0.0142879167325839,2.50194660937538,0.0170259343645332,3.64376360292385,13.8387974159444,3.74698414156485,247,32060,5760,940,37,"CB","CB_noWithinFam","mechanism","bridge pool selected across families",2,8002,0,"core",3.32696565251651,2.67303434748349,7,0.571072007653712,0.3,3,2,"poolMean",0,0
20,60,13.9234671024615,7.92346710246146,0.0110471414779856,1.93445683380167,0.0133931285163871,2.86629756537481,13.9330849237103,3.78266095518118,272,33760,6060,990,39,"CB","CB_noWithinFam","mechanism","bridge pool selected across families",2,8002,0,"core",3.32696565251651,2.67303434748349,7,0.571072007653712,0.3,3,2,"poolMean",0,0
1,3,6.49910632005696,0.499106320056956,0.403386776573267,70.6367622938846,0.458613497657112,98.1490433825248,5.93538966874073,3.36436330824947,14,1460,360,40,2,"CB","CB_noDistinctFam","mechanism","highest-ranking eligible lines admitted",2,8002,0,"core",3.44092879079972,2.55907120920028,7,0.571072007653712,0.3,3,2,"poolMean",0,0
2,6,7.60722608763745,1.60722608763745,0.364543101831531,63.8348749274686,0.407578417173912,87.2268957484809,6.91250620000652,3.33800524743971,112,3160,660,90,4,"CB","CB_noDistinctFam","mechanism","highest-ranking eligible lines admitted",2,8002,0,"core",3.44092879079972,2.55907120920028,7,0.571072007653712,0.3,3,2,"poolMean",0,0
3,9,8.40300657815678,2.40300657815678,0.22717153150655,39.7798401010582,0.339819240010979,72.7255815636524,7.77463879512819,3.44818865910335,174,4860,960,140,6,"CB","CB_noDistinctFam","mechanism","highest-ranking eligible lines admitted",2,8002,0,"core",3.44092879079972,2.55907120920028,7,0.571072007653712,0.3,3,2,"poolMean",0,0
4,12,9.17556603612375,3.17556603612375,0.23699276349666,41.499628824456,0.275296538648542,58.9169138128519,8.14108465058562,3.39313603850493,56,6560,1260,190,8,"CB","CB_noDistinctFam","mechanism","highest-ranking eligible lines admitted",2,8002,0,"core",3.44092879079972,2.55907120920028,7,0.571072007653712,0.3,3,2,"poolMean",0,0
5,15,10.115664692351,4.11566469235098,0.201316800107736,35.2524370674128,0.234691129333608,50.2268466849187,8.73924232396032,3.51462593608499,48,8260,1560,240,10,"CB","CB_noDistinctFam","mechanism","highest-ranking eligible lines admitted",2,8002,0,"core",3.44092879079972,2.55907120920028,7,0.571072007653712,0.3,3,2,"poolMean",0,0
6,18,10.728982540401,4.72898254040103,0.173432601514924,30.3696555233872,0.208841266063916,44.6946515697493,8.92754675728315,3.4421161767711,61,9960,1860,290,12,"CB","CB_noDistinctFam","mechanism","highest-ranking eligible lines admitted",2,8002,0,"core",3.44092879079972,2.55907120920028,7,0.571072007653712,0.3,3,2,"poolMean",0,0
7,21,11.1923722269029,5.19237222690294,0.106872982815571,18.7144495585883,0.185196575877673,39.6343911659201,9.31899536332773,3.44957528050879,89,11660,2160,340,14,"CB","CB_noDistinctFam","mechanism","highest-ranking eligible lines admitted",2,8002,0,"core",3.44092879079972,2.55907120920028,7,0.571072007653712,0.3,3,2,"poolMean",0,0
8,24,11.5373771842253,5.53737718422531,0.102980151335581,18.032778696102,0.150234185471991,32.1520008956502,9.27316046351063,3.40530284036332,57,13360,2460,390,16,"CB","CB_noDistinctFam","mechanism","highest-ranking eligible lines admitted",2,8002,0,"core",3.44092879079972,2.55907120920028,7,0.571072007653712,0.3,3,2,"poolMean",0,0
9,27,11.6235292590353,5.62352925903527,0.124826987096581,21.8583620670606,0.161645916172022,34.5942544648734,9.41942044870355,3.44322836495013,77,15060,2760,440,18,"CB","CB_noDistinctFam","mechanism","highest-ranking eligible lines admitted",2,8002,0,"core",3.44092879079972,2.55907120920028,7,0.571072007653712,0.3,3,2,"poolMean",0,0
10,30,11.943538562591,5.94353856259096,0.109193247294632,19.120749368063,0.133762403997109,28.626832964866,9.65934318594917,3.38944109893237,22,16760,3060,490,20,"CB","CB_noDistinctFam","mechanism","highest-ranking eligible lines admitted",2,8002,0,"core",3.44092879079972,2.55907120920028,7,0.571072007653712,0.3,3,2,"poolMean",0,0
11,33,12.18446608888,6.18446608887997,0.120188371960521,21.0460975760873,0.125864162824594,26.9365102433431,9.72573233492305,3.23062871507241,24,18460,3360,540,22,"CB","CB_noDistinctFam","mechanism","highest-ranking eligible lines admitted",2,8002,0,"core",3.44092879079972,2.55907120920028,7,0.571072007653712,0.3,3,2,"poolMean",0,0
12,36,12.4995414784451,6.49954147844513,0.133885447583324,23.4445824325029,0.116394929599264,24.9099755090187,10.1547745748073,3.35813274830035,40,20160,3660,590,24,"CB","CB_noDistinctFam","mechanism","highest-ranking eligible lines admitted",2,8002,0,"core",3.44092879079972,2.55907120920028,7,0.571072007653712,0.3,3,2,"poolMean",0,0
13,39,13.0076673521987,7.00766735219866,0.109325596409467,19.143924924396,0.0979727104067842,20.9673894317181,10.675185335658,3.33525633809547,34,21860,3960,640,26,"CB","CB_noDistinctFam","mechanism","highest-ranking eligible lines admitted",2,8002,0,"core",3.44092879079972,2.55907120920028,7,0.571072007653712,0.3,3,2,"poolMean",0,0
14,42,13.427238543234,7.42723854323402,0.0674425684267373,11.8098186433318,0.0820516570800008,17.560084235406,10.6116613145565,3.31535763034166,84,23560,4260,690,28,"CB","CB_noDistinctFam","mechanism","highest-ranking eligible lines admitted",2,8002,0,"core",3.44092879079972,2.55907120920028,7,0.571072007653712,0.3,3,2,"poolMean",0,0
15,45,13.7118018071316,7.71180180713161,0.0362685243193469,6.35095466653296,0.0683780510185184,14.6337609558252,10.5636668358483,3.32532431082331,38,25260,4560,740,30,"CB","CB_noDistinctFam","mechanism","highest-ranking eligible lines admitted",2,8002,0,"core",3.44092879079972,2.55907120920028,7,0.571072007653712,0.3,3,2,"poolMean",0,0
16,48,13.7346631076247,7.73466310762467,0.0253656380683983,4.44175825963082,0.0404599535688193,8.65893777302218,10.8587747319491,3.33551545807727,54,26960,4860,790,32,"CB","CB_noDistinctFam","mechanism","highest-ranking eligible lines admitted",2,8002,0,"core",3.44092879079972,2.55907120920028,7,0.571072007653712,0.3,3,2,"poolMean",0,0
17,51,13.8434225400905,7.84342254009048,0.0312249331760523,5.46777512425133,0.0463928873175181,9.92866004430617,10.9502073642401,3.22874510113574,13,28660,5160,840,34,"CB","CB_noDistinctFam","mechanism","highest-ranking eligible lines admitted",2,8002,0,"core",3.44092879079972,2.55907120920028,7,0.571072007653712,0.3,3,2,"poolMean",0,0
18,54,13.9473944844852,7.94739448448522,0.0333249396832705,5.83550572198212,0.0419280421271486,8.97312714672566,10.9816314302164,3.18927795713743,3,30360,5460,890,36,"CB","CB_noDistinctFam","mechanism","highest-ranking eligible lines admitted",2,8002,0,"core",3.44092879079972,2.55907120920028,7,0.571072007653712,0.3,3,2,"poolMean",0,0
19,57,14.032804369379,8.03280436937902,0.043214360829382,7.56723499842535,0.0368045180912145,7.87662871080242,11.1895903710208,3.29475437628988,47,32060,5760,940,38,"CB","CB_noDistinctFam","mechanism","highest-ranking eligible lines admitted",2,8002,0,"core",3.44092879079972,2.55907120920028,7,0.571072007653712,0.3,3,2,"poolMean",0,0
20,60,14.0800378327459,8.08003783274593,0.0296127878901004,5.18547354680657,0.0313225458650946,6.70341786421387,11.1206381340369,3.47642081667151,61,33760,6060,990,40,"CB","CB_noDistinctFam","mechanism","highest-ranking eligible lines admitted",2,8002,0,"core",3.44092879079972,2.55907120920028,7,0.571072007653712,0.3,3,2,"poolMean",0,0
1,3,6.22027604451869,0.220276044518695,0.413104668392201,120.511514644493,0.379902409960471,96.5307590990049,NA,NA,0,1260,260,30,0,"GSRS","GSRS_base","baseline","baseline",3,8003,0,"core",NA,NA,6,0.342792694632419,0.3,3,2,"poolMean",0,0
2,6,6.75473851672043,0.754738516720428,0.291830643998515,85.1332740073264,0.339287469348928,86.210763897076,NA,NA,0,2460,460,60,0,"GSRS","GSRS_base","baseline","baseline",3,8003,0,"core",NA,NA,6,0.342792694632419,0.3,3,2,"poolMean",0,0
3,9,7.31610074616709,1.31610074616709,0.304736767238968,88.8982676733356,0.295529324888091,75.0921008119747,NA,NA,0,3660,660,90,0,"GSRS","GSRS_base","baseline","baseline",3,8003,0,"core",NA,NA,6,0.342792694632419,0.3,3,2,"poolMean",0,0
4,12,8.02689047541147,2.02689047541147,0.236911469111477,69.1121697810742,0.245024548872368,62.2591620384876,NA,NA,0,4860,860,120,0,"GSRS","GSRS_base","baseline","baseline",3,8003,0,"core",NA,NA,6,0.342792694632419,0.3,3,2,"poolMean",0,0
5,15,8.42778992575807,2.42778992575807,0.158793577163273,46.323500952536,0.18283055719911,46.456068743445,NA,NA,0,6060,1060,150,0,"GSRS","GSRS_base","baseline","baseline",3,8003,0,"core",NA,NA,6,0.342792694632419,0.3,3,2,"poolMean",0,0
6,18,8.92842330040172,2.92842330040172,0.112145737528034,32.7153230754493,0.16447134530862,41.7911110759409,NA,NA,0,7260,1260,180,0,"GSRS","GSRS_base","baseline","baseline",3,8003,0,"core",NA,NA,6,0.342792694632419,0.3,3,2,"poolMean",0,0
7,21,9.34016877014774,3.34016877014774,0.107258073627104,31.289486417474,0.146002717542447,37.0983515381133,NA,NA,0,8460,1460,210,0,"GSRS","GSRS_base","baseline","baseline",3,8003,0,"core",NA,NA,6,0.342792694632419,0.3,3,2,"poolMean",0,0
8,24,9.52824197759396,3.52824197759396,0.0855580024275402,24.9591090379814,0.130386920570224,33.1304779575759,NA,NA,0,9660,1660,240,0,"GSRS","GSRS_base","baseline","baseline",3,8003,0,"core",NA,NA,6,0.342792694632419,0.3,3,2,"poolMean",0,0
9,27,9.76867520193871,3.76867520193871,0.0553693055861152,16.1524170302078,0.102492496419063,26.0426841785859,NA,NA,0,10860,1860,270,0,"GSRS","GSRS_base","baseline","baseline",3,8003,0,"core",NA,NA,6,0.342792694632419,0.3,3,2,"poolMean",0,0
10,30,9.97453602575381,3.97453602575381,0.0479347315459573,13.9835919191213,0.0817607069609244,20.774869809935,NA,NA,0,12060,2060,300,0,"GSRS","GSRS_base","baseline","baseline",3,8003,0,"core",NA,NA,6,0.342792694632419,0.3,3,2,"poolMean",0,0
11,33,10.0199424848552,4.01994248485521,0.0438171399045931,12.7824018979106,0.0516195484090147,13.1161952691706,NA,NA,0,13260,2260,330,0,"GSRS","GSRS_base","baseline","baseline",3,8003,0,"core",NA,NA,6,0.342792694632419,0.3,3,2,"poolMean",0,0
12,36,10.1031543215022,4.10315432150218,0.0367023138050814,10.7068541365614,0.0405069830056988,10.2925638685931,NA,NA,0,14460,2460,360,0,"GSRS","GSRS_base","baseline","baseline",3,8003,0,"core",NA,NA,6,0.342792694632419,0.3,3,2,"poolMean",0,0
13,39,10.2614798295536,4.26147982955356,0.0270924346912269,7.9034457604992,0.0351391819625124,8.92864014553719,NA,NA,0,15660,2660,390,0,"GSRS","GSRS_base","baseline","baseline",3,8003,0,"core",NA,NA,6,0.342792694632419,0.3,3,2,"poolMean",0,0
14,42,10.3958860028767,4.39588600287669,0.0183828267281165,5.36266583738857,0.0317014472873507,8.05513387373212,NA,NA,0,16860,2860,420,0,"GSRS","GSRS_base","baseline","baseline",3,8003,0,"core",NA,NA,6,0.342792694632419,0.3,3,2,"poolMean",0,0
15,45,10.5341249395474,4.53412493954741,0.0184490286602367,5.38197836450974,0.0239846906486435,6.09435564072695,NA,NA,0,18060,3060,450,0,"GSRS","GSRS_base","baseline","baseline",3,8003,0,"core",NA,NA,6,0.342792694632419,0.3,3,2,"poolMean",0,0
16,48,10.6248590241385,4.62485902413854,0.0141993950041639,4.14226884834581,0.0173585035288634,4.41068410868542,NA,NA,0,19260,3260,480,0,"GSRS","GSRS_base","baseline","baseline",3,8003,0,"core",NA,NA,6,0.342792694632419,0.3,3,2,"poolMean",0,0
17,51,10.6641853673067,4.66418536730673,0.0110392684845869,3.22039199126588,0.0118748465472598,3.01732213678364,NA,NA,0,20460,3460,510,0,"GSRS","GSRS_base","baseline","baseline",3,8003,0,"core",NA,NA,6,0.342792694632419,0.3,3,2,"poolMean",0,0
18,54,10.7248259603574,4.72482596035739,0.010322305474773,3.0112384646475,0.00965911384855327,2.45431870811658,NA,NA,0,21660,3660,540,0,"GSRS","GSRS_base","baseline","baseline",3,8003,0,"core",NA,NA,6,0.342792694632419,0.3,3,2,"poolMean",0,0
19,57,10.7324280264624,4.73242802646245,0.00984498242301781,2.87199306670602,0.00889417181498301,2.25995185696931,NA,NA,0,22860,3860,570,0,"GSRS","GSRS_base","baseline","baseline",3,8003,0,"core",NA,NA,6,0.342792694632419,0.3,3,2,"poolMean",0,0
20,60,10.7873023796199,4.78730237961986,0.0064347436452463,1.87715308581659,0.006818468545858,1.73252900578558,NA,NA,0,24060,4060,600,0,"GSRS","GSRS_base","baseline","baseline",3,8003,0,"core",NA,NA,6,0.342792694632419,0.3,3,2,"poolMean",0,0
1,3,6.22027604451869,0.220276044518695,0.413104668392201,120.511514644493,0.379902409960471,96.5307590990049,5.33934797373846,3.42768437398586,0,1460,360,40,0,"CB","CB_base","baseline","2 bridge lines per cycle (as specified)",3,8003,0,"core",3.35986355314341,2.64013644685659,6,0.342792694632419,0.3,3,2,"poolMean",0,0
2,6,7.08579674983556,1.08579674983556,0.351040268114582,102.40599453002,0.332368415894118,84.452676912819,6.71596165988722,3.40359491837607,59,3160,660,90,2,"CB","CB_base","baseline","2 bridge lines per cycle (as specified)",3,8003,0,"core",3.35986355314341,2.64013644685659,6,0.342792694632419,0.3,3,2,"poolMean",0,0
3,9,7.87687169449138,1.87687169449138,0.257136646637788,75.0122889618517,0.331919362252542,84.3385752704998,7.1387187810936,3.38562545943601,137,4860,960,140,4,"CB","CB_base","baseline","2 bridge lines per cycle (as specified)",3,8003,0,"core",3.35986355314341,2.64013644685659,6,0.342792694632419,0.3,3,2,"poolMean",0,0
4,12,8.63605393212766,2.63605393212766,0.251647499931681,73.4109868360894,0.293726344102522,74.6339749898986,7.86473188565757,3.48660012707023,183,6560,1260,190,6,"CB","CB_base","baseline","2 bridge lines per cycle (as specified)",3,8003,0,"core",3.35986355314341,2.64013644685659,6,0.342792694632419,0.3,3,2,"poolMean",0,0
5,15,9.53314962543338,3.53314962543338,0.190532925347722,55.5825513002931,0.242639021673739,61.6530149193921,8.42007085820572,3.50788485895823,78,8260,1560,240,8,"CB","CB_base","baseline","2 bridge lines per cycle (as specified)",3,8003,0,"core",3.35986355314341,2.64013644685659,6,0.342792694632419,0.3,3,2,"poolMean",0,0
6,18,10.3032420464411,4.30324204644109,0.129495594171981,37.776649327618,0.171411147805608,43.5544702583717,8.55797369843978,3.62430413636756,54,9960,1860,290,10,"CB","CB_base","baseline","2 bridge lines per cycle (as specified)",3,8003,0,"core",3.35986355314341,2.64013644685659,6,0.342792694632419,0.3,3,2,"poolMean",0,0
7,21,10.6467701836618,4.6467701836618,0.117258486162986,34.2068217902729,0.152015756977208,38.6262261867372,8.88852302849365,3.76454242036844,47,11660,2160,340,12,"CB","CB_base","baseline","2 bridge lines per cycle (as specified)",3,8003,0,"core",3.35986355314341,2.64013644685659,6,0.342792694632419,0.3,3,2,"poolMean",0,0
8,24,11.0250142131721,5.02501421317214,0.0819056470559199,23.8936384405007,0.129590573265307,32.9281312289568,9.00665682894548,3.77946780800799,50,13360,2460,390,14,"CB","CB_base","baseline","2 bridge lines per cycle (as specified)",3,8003,0,"core",3.35986355314341,2.64013644685659,6,0.342792694632419,0.3,3,2,"poolMean",0,0
9,27,11.2552617931025,5.25526179310251,0.0761234458317918,22.206846010362,0.121753222856505,30.9367108945469,9.39322532055368,3.64772999566505,48,15060,2760,440,16,"CB","CB_base","baseline","2 bridge lines per cycle (as specified)",3,8003,0,"core",3.35986355314341,2.64013644685659,6,0.342792694632419,0.3,3,2,"poolMean",0,0
10,30,11.5297924652759,5.52979246527588,0.0977136422355915,28.5051705493231,0.117738112605231,29.9164972021357,9.65053014370464,3.64243403400334,61,16760,3060,490,18,"CB","CB_base","baseline","2 bridge lines per cycle (as specified)",3,8003,0,"core",3.35986355314341,2.64013644685659,6,0.342792694632419,0.3,3,2,"poolMean",0,0
11,33,11.8140823334648,5.81408233346484,0.061212807119845,17.8570920787808,0.10346009834133,26.2885456040815,9.84614190638016,3.63199059637065,101,18460,3360,540,20,"CB","CB_base","baseline","2 bridge lines per cycle (as specified)",3,8003,0,"core",3.35986355314341,2.64013644685659,6,0.342792694632419,0.3,3,2,"poolMean",0,0
12,36,12.0915978326568,6.09159783265684,0.0604779533633298,17.6427194366499,0.0902471749088822,22.931226736365,9.84700772904457,3.59530158933145,106,20160,3660,590,22,"CB","CB_base","baseline","2 bridge lines per cycle (as specified)",3,8003,0,"core",3.35986355314341,2.64013644685659,6,0.342792694632419,0.3,3,2,"poolMean",0,0
13,39,12.2864978305941,6.28649783059411,0.0699980932749541,20.4199489577845,0.0929344207011649,23.6140386096607,9.79404164839671,3.58848678353303,69,21860,3960,640,24,"CB","CB_base","baseline","2 bridge lines per cycle (as specified)",3,8003,0,"core",3.35986355314341,2.64013644685659,6,0.342792694632419,0.3,3,2,"poolMean",0,0
14,42,12.5097789661623,6.50977896616235,0.0736662956807035,21.490042475875,0.0778760076739756,19.7877927048449,10.1386041490515,3.56397574639259,56,23560,4260,690,26,"CB","CB_base","baseline","2 bridge lines per cycle (as specified)",3,8003,0,"core",3.35986355314341,2.64013644685659,6,0.342792694632419,0.3,3,2,"poolMean",0,0
15,45,12.8472608178778,6.84726081787781,0.0446270721021158,13.0186765356741,0.0681085579305108,17.3059465425735,10.3442453716546,3.72433897664316,28,25260,4560,740,28,"CB","CB_base","baseline","2 bridge lines per cycle (as specified)",3,8003,0,"core",3.35986355314341,2.64013644685659,6,0.342792694632419,0.3,3,2,"poolMean",0,0
16,48,13.019077462784,7.01907746278401,0.0457360429317721,13.3421871725754,0.0600775534554132,15.2653199553683,10.695087708484,3.79455878703489,84,26960,4860,790,30,"CB","CB_base","baseline","2 bridge lines per cycle (as specified)",3,8003,0,"core",3.35986355314341,2.64013644685659,6,0.342792694632419,0.3,3,2,"poolMean",0,0
17,51,13.2459261751333,7.24592617513331,0.0296960287855134,8.66297014216035,0.0505713046732701,12.8498432775032,10.677112141568,3.81266583122892,10,28660,5160,840,32,"CB","CB_base","baseline","2 bridge lines per cycle (as specified)",3,8003,0,"core",3.35986355314341,2.64013644685659,6,0.342792694632419,0.3,3,2,"poolMean",0,0
18,54,13.3403473445917,7.34034734459173,0.0314003572726651,9.16015940956271,0.0429514952817655,10.913698716514,10.8125188816932,3.78775479667292,10,30360,5460,890,34,"CB","CB_base","baseline","2 bridge lines per cycle (as specified)",3,8003,0,"core",3.35986355314341,2.64013644685659,6,0.342792694632419,0.3,3,2,"poolMean",0,0
19,57,13.4299245005031,7.42992450050306,0.0300416130567348,8.76378450507785,0.0364173576248667,9.25341636099148,10.6709998514852,3.68374253031539,55,32060,5760,940,36,"CB","CB_base","baseline","2 bridge lines per cycle (as specified)",3,8003,0,"core",3.35986355314341,2.64013644685659,6,0.342792694632419,0.3,3,2,"poolMean",0,0
20,60,13.5315001885712,7.53150018857122,0.0171610854653344,5.00625764027337,0.0299976979485685,7.6222221240957,10.6488891720773,3.48283104879911,50,33760,6060,990,38,"CB","CB_base","baseline","2 bridge lines per cycle (as specified)",3,8003,0,"core",3.35986355314341,2.64013644685659,6,0.342792694632419,0.3,3,2,"poolMean",0,0
1,3,6.22027604451869,0.220276044518695,0.413104668392201,120.511514644493,0.379902409960471,96.5307590990049,5.29467743827959,3.2021180390581,0,1460,360,40,0,"CB","CB_nB1","inflow_rate","1 bridge line per cycle",3,8003,0,"core",3.26597661125129,2.73402338874871,6,0.342792694632419,0.3,3,1,"poolMean",0,0
2,6,6.85442923867355,0.854429238673546,0.428991806903639,125.146134564989,0.358449918118458,91.0798188896753,6.40482323856087,3.21724610607215,108,3160,660,90,1,"CB","CB_nB1","inflow_rate","1 bridge line per cycle",3,8003,0,"core",3.26597661125129,2.73402338874871,6,0.342792694632419,0.3,3,1,"poolMean",0,0
3,9,7.97467686729896,1.97467686729896,0.24239178504205,70.7108957797276,0.267401431105522,67.9449839011606,7.37759451427562,3.21927118464875,140,4860,960,140,2,"CB","CB_nB1","inflow_rate","1 bridge line per cycle",3,8003,0,"core",3.26597661125129,2.73402338874871,6,0.342792694632419,0.3,3,1,"poolMean",0,0
4,12,8.79346371463774,2.79346371463774,0.189211103024874,55.1969473059415,0.211214471172021,53.6682387380789,7.68891153660101,3.18945009757756,154,6560,1260,190,3,"CB","CB_nB1","inflow_rate","1 bridge line per cycle",3,8003,0,"core",3.26597661125129,2.73402338874871,6,0.342792694632419,0.3,3,1,"poolMean",0,0
5,15,9.5077805016954,3.5077805016954,0.153279954712575,44.7150587257815,0.178658649943814,45.3960139407228,7.92238215801757,2.9564474252341,45,8260,1560,240,4,"CB","CB_nB1","inflow_rate","1 bridge line per cycle",3,8003,0,"core",3.26597661125129,2.73402338874871,6,0.342792694632419,0.3,3,1,"poolMean",0,0
6,18,10.0306367182991,4.0306367182991,0.11124929508069,32.4538115376071,0.144671250913516,36.7600344307828,8.30659076020238,2.93935653192565,34,9960,1860,290,5,"CB","CB_nB1","inflow_rate","1 bridge line per cycle",3,8003,0,"core",3.26597661125129,2.73402338874871,6,0.342792694632419,0.3,3,1,"poolMean",0,0
7,21,10.4567380731382,4.45673807313817,0.0802212130156015,23.4022528110243,0.12323426889047,31.3130351667042,8.46844684077965,2.8062879166199,10,11660,2160,340,6,"CB","CB_nB1","inflow_rate","1 bridge line per cycle",3,8003,0,"core",3.26597661125129,2.73402338874871,6,0.342792694632419,0.3,3,1,"poolMean",0,0
8,24,10.6542110862261,4.65421108622609,0.0912051808992824,26.6065124278926,0.114839809110251,29.1800569239632,8.62968564328541,2.88231235333523,58,13360,2460,390,7,"CB","CB_nB1","inflow_rate","1 bridge line per cycle",3,8003,0,"core",3.26597661125129,2.73402338874871,6,0.342792694632419,0.3,3,1,"poolMean",0,0
9,27,10.9259316261223,4.92593162612232,0.0710353104740785,20.7225275177613,0.0910931102871313,23.1461734755015,8.92933740891336,2.87528431708882,70,15060,2760,440,8,"CB","CB_nB1","inflow_rate","1 bridge line per cycle",3,8003,0,"core",3.26597661125129,2.73402338874871,6,0.342792694632419,0.3,3,1,"poolMean",0,0
10,30,11.2654824423187,5.26548244231874,0.0730041654871207,21.296884860806,0.077566747547637,19.7092116956914,9.20943541417378,2.79855949467572,59,16760,3060,490,9,"CB","CB_nB1","inflow_rate","1 bridge line per cycle",3,8003,0,"core",3.26597661125129,2.73402338874871,6,0.342792694632419,0.3,3,1,"poolMean",0,0
11,33,11.5729719147662,5.57297191476619,0.0493957507896724,14.4098026484024,0.052815708786214,13.4201319281331,9.10221336902466,2.65005479009979,88,18460,3360,540,10,"CB","CB_nB1","inflow_rate","1 bridge line per cycle",3,8003,0,"core",3.26597661125129,2.73402338874871,6,0.342792694632419,0.3,3,1,"poolMean",0,0
12,36,11.866876352142,5.86687635214201,0.0206785633166653,6.03238156485195,0.0348437156566681,8.85356405745894,9.26732110219885,2.67669792348429,68,20160,3660,590,11,"CB","CB_nB1","inflow_rate","1 bridge line per cycle",3,8003,0,"core",3.26597661125129,2.73402338874871,6,0.342792694632419,0.3,3,1,"poolMean",0,0
13,39,11.9428426523426,5.94284265234265,0.0136123224452289,3.97100715924696,0.0280573942256353,7.12920342680222,9.11851342046523,2.61410405444592,54,21860,3960,640,12,"CB","CB_nB1","inflow_rate","1 bridge line per cycle",3,8003,0,"core",3.26597661125129,2.73402338874871,6,0.342792694632419,0.3,3,1,"poolMean",0,0
14,42,11.9096954916535,5.90969549165352,0.0177201956017812,5.16936208946425,0.0278668266825643,7.08078143970773,9.28942836821293,2.4631673349103,46,23560,4260,690,13,"CB","CB_nB1","inflow_rate","1 bridge line per cycle",3,8003,0,"core",3.26597661125129,2.73402338874871,6,0.342792694632419,0.3,3,1,"poolMean",0,0
15,45,11.9156801808205,5.91568018082046,0.0157650438987495,4.59900229660804,0.0235655340545453,5.98785064589456,9.36253463685435,2.44113720934965,28,25260,4560,740,14,"CB","CB_nB1","inflow_rate","1 bridge line per cycle",3,8003,0,"core",3.26597661125129,2.73402338874871,6,0.342792694632419,0.3,3,1,"poolMean",0,0
16,48,12.0354582561755,6.03545825617553,0.0182423321297956,5.3216805420422,0.01815873818029,4.61401858705203,9.42302377829234,2.4511383467183,40,26960,4860,790,15,"CB","CB_nB1","inflow_rate","1 bridge line per cycle",3,8003,0,"core",3.26597661125129,2.73402338874871,6,0.342792694632419,0.3,3,1,"poolMean",0,0
17,51,12.0653301329518,6.06533013295182,0.0173630448792876,5.06517354400048,0.0157093493773622,3.99164464501827,9.19117673471436,2.44317799717228,2,28660,5160,840,16,"CB","CB_nB1","inflow_rate","1 bridge line per cycle",3,8003,0,"core",3.26597661125129,2.73402338874871,6,0.342792694632419,0.3,3,1,"poolMean",0,0
18,54,12.0857083690627,6.08570836906267,0.0147127671052958,4.29203052914313,0.0154926367066362,3.9365793491342,9.2984594436212,2.55240882294737,3,30360,5460,890,17,"CB","CB_nB1","inflow_rate","1 bridge line per cycle",3,8003,0,"core",3.26597661125129,2.73402338874871,6,0.342792694632419,0.3,3,1,"poolMean",0,0
19,57,12.0238900569176,6.02389005691765,0.0209092012691345,6.0996636149308,0.0184835643740198,4.6965548338193,9.15891795972736,2.47532869159352,13,32060,5760,940,18,"CB","CB_nB1","inflow_rate","1 bridge line per cycle",3,8003,0,"core",3.26597661125129,2.73402338874871,6,0.342792694632419,0.3,3,1,"poolMean",0,0
20,60,11.9957434220509,5.99574342205086,0.0201279314116971,5.87175039808843,0.0173162434818271,4.39994610252114,9.0880453456439,2.44544268291994,50,33760,6060,990,19,"CB","CB_nB1","inflow_rate","1 bridge line per cycle",3,8003,0,"core",3.26597661125129,2.73402338874871,6,0.342792694632419,0.3,3,1,"poolMean",0,0
1,3,6.22027604451869,0.220276044518695,0.413104668392201,120.511514644493,0.379902409960471,96.5307590990049,5.29467743827959,3.2021180390581,0,1460,360,40,0,"CB","CB_nB4","inflow_rate","4 bridge lines per cycle",3,8003,0,"core",3.26597661125129,2.73402338874871,6,0.342792694632419,0.3,3,4,"poolMean",0,0
2,6,6.85442923867355,0.854429238673546,0.428991806903639,125.146134564989,0.358449918118458,91.0798188896753,6.40482323856087,3.21724610607215,108,3160,660,90,4,"CB","CB_nB4","inflow_rate","4 bridge lines per cycle",3,8003,0,"core",3.26597661125129,2.73402338874871,6,0.342792694632419,0.3,3,4,"poolMean",0,0
3,9,7.84671836165032,1.84671836165032,0.320773146879043,93.5764244401452,0.308960928213179,78.5049848340119,7.36880930676855,3.21927118464875,152,4860,960,140,8,"CB","CB_nB4","inflow_rate","4 bridge lines per cycle",3,8003,0,"core",3.26597661125129,2.73402338874871,6,0.342792694632419,0.3,3,4,"poolMean",0,0
4,12,8.65801747656519,2.65801747656519,0.187936630754479,54.8251563400455,0.247835573710119,62.9734253711747,7.90967164320021,3.18945009757756,174,6560,1260,190,12,"CB","CB_nB4","inflow_rate","4 bridge lines per cycle",3,8003,0,"core",3.26597661125129,2.73402338874871,6,0.342792694632419,0.3,3,4,"poolMean",0,0
5,15,9.48329699402798,3.48329699402798,0.157570702949544,45.9667622492681,0.231975308167062,58.9434338990429,8.10500601590796,2.9564474252341,58,8260,1560,240,16,"CB","CB_nB4","inflow_rate","4 bridge lines per cycle",3,8003,0,"core",3.26597661125129,2.73402338874871,6,0.342792694632419,0.3,3,4,"poolMean",0,0
6,18,9.97313125252094,3.97313125252094,0.182749683328976,53.3120122425424,0.200818760227163,51.0267554450791,8.16358384668659,2.93935653192565,45,9960,1860,290,20,"CB","CB_nB4","inflow_rate","4 bridge lines per cycle",3,8003,0,"core",3.26597661125129,2.73402338874871,6,0.342792694632419,0.3,3,4,"poolMean",0,0
7,21,10.2739642010674,4.27396420106736,0.126354422771946,36.860302086495,0.191595706769936,48.6832368779568,8.38115415870088,2.8062879166199,28,11660,2160,340,24,"CB","CB_nB4","inflow_rate","4 bridge lines per cycle",3,8003,0,"core",3.26597661125129,2.73402338874871,6,0.342792694632419,0.3,3,4,"poolMean",0,0
8,24,10.4822816910577,4.48228169105774,0.153894325795145,44.8942839812172,0.19724579955652,50.1188891175032,8.66466139778483,2.88231235333523,76,13360,2460,390,28,"CB","CB_nB4","inflow_rate","4 bridge lines per cycle",3,8003,0,"core",3.26597661125129,2.73402338874871,6,0.342792694632419,0.3,3,4,"poolMean",0,0
9,27,10.9735346936769,4.97353469367693,0.126865036172204,37.0092589949279,0.160611700111933,40.8104000540556,8.96797682841415,2.87528431708882,52,15060,2760,440,32,"CB","CB_nB4","inflow_rate","4 bridge lines per cycle",3,8003,0,"core",3.26597661125129,2.73402338874871,6,0.342792694632419,0.3,3,4,"poolMean",0,0
10,30,11.2811782591064,5.28117825910642,0.134175306596727,39.1418220684675,0.148214214531326,37.6602787001544,9.31684762562751,2.79855949467572,75,16760,3060,490,36,"CB","CB_nB4","inflow_rate","4 bridge lines per cycle",3,8003,0,"core",3.26597661125129,2.73402338874871,6,0.342792694632419,0.3,3,4,"poolMean",0,0
11,33,11.6554588129545,5.65545881295447,0.089442487282213,26.0922967970841,0.124171148066898,31.5510901400698,9.33230193528058,2.65005479009979,107,18460,3360,540,40,"CB","CB_nB4","inflow_rate","4 bridge lines per cycle",3,8003,0,"core",3.26597661125129,2.73402338874871,6,0.342792694632419,0.3,3,4,"poolMean",0,0
12,36,12.0230521682915,6.02305216829151,0.0758301586235619,22.1212878252483,0.106721332408717,27.1172042065818,9.47945122927063,2.67669792348429,117,20160,3660,590,44,"CB","CB_nB4","inflow_rate","4 bridge lines per cycle",3,8003,0,"core",3.26597661125129,2.73402338874871,6,0.342792694632419,0.3,3,4,"poolMean",0,0
13,39,12.3367863533376,6.3367863533376,0.0747136968847149,21.7955919290612,0.0822133137013712,20.8898742718261,9.50787204162217,2.61410405444592,77,21860,3960,640,48,"CB","CB_nB4","inflow_rate","4 bridge lines per cycle",3,8003,0,"core",3.26597661125129,2.73402338874871,6,0.342792694632419,0.3,3,4,"poolMean",0,0
14,42,12.5981879055623,6.59818790556227,0.0588979318528007,17.1817931872666,0.0681427440356914,17.3146330120383,9.82520612185674,2.4631673349103,50,23560,4260,690,51,"CB","CB_nB4","inflow_rate","4 bridge lines per cycle",3,8003,0,"core",3.26597661125129,2.73402338874871,6,0.342792694632419,0.3,3,4,"poolMean",0,0
15,45,12.726658803949,6.72665880394896,0.0492822719146926,14.3766984204662,0.0605823587179768,15.3935877260242,9.9973802468111,2.44113720934965,25,25260,4560,740,55,"CB","CB_nB4","inflow_rate","4 bridge lines per cycle",3,8003,0,"core",3.26597661125129,2.73402338874871,6,0.342792694632419,0.3,3,4,"poolMean",0,0
16,48,12.7736361892632,6.77363618926319,0.084726743461347,24.7166129232131,0.0749183221316249,19.03626383034,10.1221654938516,2.4511383467183,94,26960,4860,790,59,"CB","CB_nB4","inflow_rate","4 bridge lines per cycle",3,8003,0,"core",3.26597661125129,2.73402338874871,6,0.342792694632419,0.3,3,4,"poolMean",0,0
17,51,13.0170064760302,7.01700647603021,0.078020157822556,22.760157682537,0.0725180781013141,18.4263772589628,10.0459960320007,2.44317799717228,12,28660,5160,840,63,"CB","CB_nB4","inflow_rate","4 bridge lines per cycle",3,8003,0,"core",3.26597661125129,2.73402338874871,6,0.342792694632419,0.3,3,4,"poolMean",0,0
18,54,13.2135681713457,7.21356817134566,0.0363609582627043,10.6072733847769,0.049433144002284,12.5606439708751,10.1929512864454,2.55240882294737,7,30360,5460,890,67,"CB","CB_nB4","inflow_rate","4 bridge lines per cycle",3,8003,0,"core",3.26597661125129,2.73402338874871,6,0.342792694632419,0.3,3,4,"poolMean",0,0
19,57,13.2314529458834,7.23145294588338,0.0467214970170121,13.6296653191843,0.0533930101878274,13.5668205014761,10.0941203257991,2.47532869159352,46,32060,5760,940,69,"CB","CB_nB4","inflow_rate","4 bridge lines per cycle",3,8003,0,"core",3.26597661125129,2.73402338874871,6,0.342792694632419,0.3,3,4,"poolMean",0,0
20,60,13.3927497079415,7.3927497079415,0.0222327199500525,6.4857624734077,0.0380618339272368,9.67126721327913,10.1879797289774,2.44544268291994,41,33760,6060,990,71,"CB","CB_nB4","inflow_rate","4 bridge lines per cycle",3,8003,0,"core",3.26597661125129,2.73402338874871,6,0.342792694632419,0.3,3,4,"poolMean",0,0
1,3,6.22027604451869,0.220276044518695,0.413104668392201,120.511514644493,0.379902409960471,96.5307590990049,5.29467743827959,3.2021180390581,0,1460,360,40,0,"CB","CB_nB8","inflow_rate","8 bridge lines per cycle",3,8003,0,"core",3.26597661125129,2.73402338874871,6,0.342792694632419,0.3,3,8,"poolMean",0,0
2,6,6.85442923867355,0.854429238673546,0.428991806903639,125.146134564989,0.358449918118458,91.0798188896753,6.40482323856087,3.21724610607215,108,3160,660,90,8,"CB","CB_nB8","inflow_rate","8 bridge lines per cycle",3,8003,0,"core",3.26597661125129,2.73402338874871,6,0.342792694632419,0.3,3,8,"poolMean",0,0
3,9,7.3726928562405,1.3726928562405,0.604580567799531,176.369151754482,0.331412792541281,84.2098591647776,7.29318428031326,3.21927118464875,205,4860,960,140,16,"CB","CB_nB8","inflow_rate","8 bridge lines per cycle",3,8003,0,"core",3.26597661125129,2.73402338874871,6,0.342792694632419,0.3,3,8,"poolMean",0,0
4,12,8.59920329358841,2.59920329358841,0.298760306251179,87.1548054930236,0.253522552981239,64.4184502292131,7.72314257937038,3.18945009757756,161,6560,1260,190,24,"CB","CB_nB8","inflow_rate","8 bridge lines per cycle",3,8003,0,"core",3.26597661125129,2.73402338874871,6,0.342792694632419,0.3,3,8,"poolMean",0,0
5,15,9.37167707150329,3.37167707150329,0.266285956743988,77.6813394548941,0.242199373093728,61.5413030427298,7.92800861915573,2.9564474252341,49,8260,1560,240,27,"CB","CB_nB8","inflow_rate","8 bridge lines per cycle",3,8003,0,"core",3.26597661125129,2.73402338874871,6,0.342792694632419,0.3,3,8,"poolMean",0,0
6,18,9.90274346354811,3.90274346354811,0.166567128536113,48.5912130405011,0.209577385864672,53.2522658900923,8.19417051254707,2.93935653192565,56,9960,1860,290,31,"CB","CB_nB8","inflow_rate","8 bridge lines per cycle",3,8003,0,"core",3.26597661125129,2.73402338874871,6,0.342792694632419,0.3,3,8,"poolMean",0,0
7,21,10.2915077052532,4.29150770525325,0.166393844769335,48.5406624396594,0.192627360634228,48.9453734899827,8.31307082431953,2.8062879166199,19,11660,2160,340,35,"CB","CB_nB8","inflow_rate","8 bridge lines per cycle",3,8003,0,"core",3.26597661125129,2.73402338874871,6,0.342792694632419,0.3,3,8,"poolMean",0,0
8,24,10.5400275922351,4.54002759223507,0.144618622385722,42.1883618438248,0.173493628464897,44.0836152008086,8.41410408831402,2.88231235333523,48,13360,2460,390,39,"CB","CB_nB8","inflow_rate","8 bridge lines per cycle",3,8003,0,"core",3.26597661125129,2.73402338874871,6,0.342792694632419,0.3,3,8,"poolMean",0,0
9,27,10.8347614572896,4.83476145728955,0.104494590969799,30.4833191039412,0.154266201017784,39.1980495441338,8.90135142916492,2.87528431708882,57,15060,2760,440,43,"CB","CB_nB8","inflow_rate","8 bridge lines per cycle",3,8003,0,"core",3.26597661125129,2.73402338874871,6,0.342792694632419,0.3,3,8,"poolMean",0,0
10,30,11.2693861975304,5.26938619753038,0.0943061491856032,27.5111315562687,0.147535013915981,37.4876981919482,9.01922732653405,2.79855949467572,34,16760,3060,490,46,"CB","CB_nB8","inflow_rate","8 bridge lines per cycle",3,8003,0,"core",3.26597661125129,2.73402338874871,6,0.342792694632419,0.3,3,8,"poolMean",0,0
11,33,11.6028402246728,5.60284022467283,0.105013297914658,30.6346370733673,0.125500115400122,31.888772192435,9.3025872741775,2.65005479009979,76,18460,3360,540,50,"CB","CB_nB8","inflow_rate","8 bridge lines per cycle",3,8003,0,"core",3.26597661125129,2.73402338874871,6,0.342792694632419,0.3,3,8,"poolMean",0,0
12,36,12.1382263413611,6.13822634136112,0.0680409855811357,19.8490185603567,0.104207328496551,26.4784119808508,9.63546649029558,2.67669792348429,103,20160,3660,590,54,"CB","CB_nB8","inflow_rate","8 bridge lines per cycle",3,8003,0,"core",3.26597661125129,2.73402338874871,6,0.342792694632419,0.3,3,8,"poolMean",0,0
13,39,12.3137058018063,6.31370580180632,0.0574783237609933,16.7676629814495,0.0922657238205081,23.4441270328859,9.67933628575793,2.61410405444592,84,21860,3960,640,58,"CB","CB_nB8","inflow_rate","8 bridge lines per cycle",3,8003,0,"core",3.26597661125129,2.73402338874871,6,0.342792694632419,0.3,3,8,"poolMean",0,0
14,42,12.6373720034703,6.63737200347026,0.0522824724045999,15.2519214158467,0.0759820594156078,19.3065526329709,9.83200295423213,2.4631673349103,69,23560,4260,690,61,"CB","CB_nB8","inflow_rate","8 bridge lines per cycle",3,8003,0,"core",3.26597661125129,2.73402338874871,6,0.342792694632419,0.3,3,8,"poolMean",0,0
15,45,12.7919097474071,6.79190974740712,0.0416465631121031,12.1491979742337,0.0680687982119138,17.2958438537853,9.92591849144112,2.44113720934965,6,25260,4560,740,64,"CB","CB_nB8","inflow_rate","8 bridge lines per cycle",3,8003,0,"core",3.26597661125129,2.73402338874871,6,0.342792694632419,0.3,3,8,"poolMean",0,0
16,48,12.9056296707424,6.90562967074243,0.0514347541331321,15.0046237678099,0.0631444868481038,16.0446080060372,10.125245002306,2.4511383467183,64,26960,4860,790,71,"CB","CB_nB8","inflow_rate","8 bridge lines per cycle",3,8003,0,"core",3.26597661125129,2.73402338874871,6,0.342792694632419,0.3,3,8,"poolMean",0,0
17,51,12.9438445986086,6.94384459860864,0.0619428062200292,18.0700485132716,0.0579762747131466,14.7313985409432,9.94837870295182,2.44317799717228,12,28660,5160,840,72,"CB","CB_nB8","inflow_rate","8 bridge lines per cycle",3,8003,0,"core",3.26597661125129,2.73402338874871,6,0.342792694632419,0.3,3,8,"poolMean",0,0
18,54,13.0748371843073,7.07483718430727,0.0378029108515339,11.027921960843,0.0483606012643964,12.2881177590377,10.0436676064093,2.55240882294737,6,30360,5460,890,76,"CB","CB_nB8","inflow_rate","8 bridge lines per cycle",3,8003,0,"core",3.26597661125129,2.73402338874871,6,0.342792694632419,0.3,3,8,"poolMean",0,0
19,57,13.0966028166661,7.09660281666611,0.035695076296653,10.4130212970055,0.0577230846038929,14.6670645625271,9.79039569690107,2.47532869159352,17,32060,5760,940,79,"CB","CB_nB8","inflow_rate","8 bridge lines per cycle",3,8003,0,"core",3.26597661125129,2.73402338874871,6,0.342792694632419,0.3,3,8,"poolMean",0,0
20,60,13.1767883001824,7.17678830018239,0.0370095345310845,10.7964770284181,0.0523561875125125,13.3033705278114,9.88410112180663,2.44544268291994,43,33760,6060,990,81,"CB","CB_nB8","inflow_rate","8 bridge lines per cycle",3,8003,0,"core",3.26597661125129,2.73402338874871,6,0.342792694632419,0.3,3,8,"poolMean",0,0
1,3,6.22027604451869,0.220276044518695,0.413104668392201,120.511514644493,0.379902409960471,96.5307590990049,7.17642439497967,3.12351937592946,296,1760,360,50,2,"CB","CB_noRecurrent","mechanism","bridge pool rebuilt each cycle (not recurrent)",3,8003,0,"core",3.26597661125129,2.73402338874871,6,0.342792694632419,0.3,3,2,"poolMean",0,0
2,6,6.87959928793356,0.879599287933555,0.247790936162538,72.285944258015,0.32904374222606,83.6078987157882,7.48988046634863,3.10337110826677,108,3460,660,100,4,"CB","CB_noRecurrent","mechanism","bridge pool rebuilt each cycle (not recurrent)",3,8003,0,"core",3.26597661125129,2.73402338874871,6,0.342792694632419,0.3,3,2,"poolMean",0,0
3,9,7.24369559904691,1.24369559904691,0.277083425570795,80.8311932866348,0.307697961704583,78.1840731667127,8.0073610512526,3.11178584529816,225,5160,960,150,6,"CB","CB_noRecurrent","mechanism","bridge pool rebuilt each cycle (not recurrent)",3,8003,0,"core",3.26597661125129,2.73402338874871,6,0.342792694632419,0.3,3,2,"poolMean",0,0
4,12,8.23262517479582,2.23262517479582,0.191339218770335,55.8177644291719,0.241987992914272,61.4875926985823,8.52934980721872,3.04702811204914,63,6860,1260,200,8,"CB","CB_noRecurrent","mechanism","bridge pool rebuilt each cycle (not recurrent)",3,8003,0,"core",3.26597661125129,2.73402338874871,6,0.342792694632419,0.3,3,2,"poolMean",0,0
5,15,8.8846577922256,2.8846577922256,0.143817925694191,41.9547814017473,0.238947213340613,60.714950165126,8.87757178102906,3.1296138924859,7,8560,1560,250,10,"CB","CB_noRecurrent","mechanism","bridge pool rebuilt each cycle (not recurrent)",3,8003,0,"core",3.26597661125129,2.73402338874871,6,0.342792694632419,0.3,3,2,"poolMean",0,0
6,18,9.21207380563782,3.21207380563782,0.221893109189226,64.7309912561481,0.244943527968518,62.2385751478902,9.01251958783226,3.2196568434023,15,10260,1860,300,12,"CB","CB_noRecurrent","mechanism","bridge pool rebuilt each cycle (not recurrent)",3,8003,0,"core",3.26597661125129,2.73402338874871,6,0.342792694632419,0.3,3,2,"poolMean",0,0
7,21,9.90960219759396,3.90960219759396,0.205354726451513,59.9063893913252,0.239516391312764,60.8595746272867,9.8671662710321,3.16358576763766,14,11960,2160,350,14,"CB","CB_noRecurrent","mechanism","bridge pool rebuilt each cycle (not recurrent)",3,8003,0,"core",3.26597661125129,2.73402338874871,6,0.342792694632419,0.3,3,2,"poolMean",0,0
8,24,10.6036600438337,4.60366004383368,0.15432711272341,45.0205372342887,0.175175425968956,44.5109491304209,10.2299008131584,3.1648425657173,4,13660,2460,400,16,"CB","CB_noRecurrent","mechanism","bridge pool rebuilt each cycle (not recurrent)",3,8003,0,"core",3.26597661125129,2.73402338874871,6,0.342792694632419,0.3,3,2,"poolMean",0,0
9,27,11.1080786663154,5.10807866631541,0.113902567939373,33.2278282830712,0.156625968264576,39.7976512251379,10.2147307528035,3.19553236767439,0,15360,2760,450,18,"CB","CB_noRecurrent","mechanism","bridge pool rebuilt each cycle (not recurrent)",3,8003,0,"core",3.26597661125129,2.73402338874871,6,0.342792694632419,0.3,3,2,"poolMean",0,0
10,30,11.4252181870323,5.42521818703228,0.11563885799401,33.7343414269697,0.126354769645446,32.1059343396213,10.5189498570164,3.07442991087733,0,17060,3060,500,20,"CB","CB_noRecurrent","mechanism","bridge pool rebuilt each cycle (not recurrent)",3,8003,0,"core",3.26597661125129,2.73402338874871,6,0.342792694632419,0.3,3,2,"poolMean",0,0
11,33,11.5664963489463,5.56649634894629,0.160235802814004,46.7442291866305,0.125231883784748,31.8206162640503,10.8240655549363,2.85672952444404,1,18760,3360,550,21,"CB","CB_noRecurrent","mechanism","bridge pool rebuilt each cycle (not recurrent)",3,8003,0,"core",3.26597661125129,2.73402338874871,6,0.342792694632419,0.3,3,2,"poolMean",0,0
12,36,11.9013455175894,5.90134551758936,0.074081430452267,21.6111462152673,0.084840998893582,21.5575521796965,11.0134224593087,2.75279098194487,0,20460,3660,600,22,"CB","CB_noRecurrent","mechanism","bridge pool rebuilt each cycle (not recurrent)",3,8003,0,"core",3.26597661125129,2.73402338874871,6,0.342792694632419,0.3,3,2,"poolMean",0,0
13,39,12.1609440204934,6.16094402049342,0.0563504044037012,16.438624651592,0.0545672016394496,13.8651749977385,11.1189934862296,2.76280835477499,0,22160,3960,650,23,"CB","CB_noRecurrent","mechanism","bridge pool rebuilt each cycle (not recurrent)",3,8003,0,"core",3.26597661125129,2.73402338874871,6,0.342792694632419,0.3,3,2,"poolMean",0,0
14,42,12.2151014834837,6.21510148348369,0.0703583941631123,20.5250564743098,0.0492630231989349,12.5174173688445,11.2877875340634,2.82663466622778,0,23860,4260,700,24,"CB","CB_noRecurrent","mechanism","bridge pool rebuilt each cycle (not recurrent)",3,8003,0,"core",3.26597661125129,2.73402338874871,6,0.342792694632419,0.3,3,2,"poolMean",0,0
15,45,12.3871446849437,6.38714468494368,0.0543820350278598,15.8644089793612,0.0323439439710423,8.21838814895978,11.3029536771118,2.74288846129565,0,25560,4560,750,25,"CB","CB_noRecurrent","mechanism","bridge pool rebuilt each cycle (not recurrent)",3,8003,0,"core",3.26597661125129,2.73402338874871,6,0.342792694632419,0.3,3,2,"poolMean",0,0
16,48,12.559896935821,6.55989693582102,0.0365688900244518,10.6679315507774,0.0236644047111801,6.01297304387716,11.3867793499241,2.81052940540273,0,27260,4860,800,26,"CB","CB_noRecurrent","mechanism","bridge pool rebuilt each cycle (not recurrent)",3,8003,0,"core",3.26597661125129,2.73402338874871,6,0.342792694632419,0.3,3,2,"poolMean",0,0
17,51,12.662952528478,6.66295252847805,0.0498771123187256,14.55022615701,0.0252034268240531,6.40402866482268,11.3847011266227,2.86625213261957,0,28960,5160,850,27,"CB","CB_noRecurrent","mechanism","bridge pool rebuilt each cycle (not recurrent)",3,8003,0,"core",3.26597661125129,2.73402338874871,6,0.342792694632419,0.3,3,2,"poolMean",0,0
18,54,12.7685478447587,6.76854784475867,0.0595025726182996,17.3581798999844,0.0201691567698727,5.1248530210304,11.5924723732164,2.91274175316675,0,30660,5460,900,28,"CB","CB_noRecurrent","mechanism","bridge pool rebuilt each cycle (not recurrent)",3,8003,0,"core",3.26597661125129,2.73402338874871,6,0.342792694632419,0.3,3,2,"poolMean",0,0
19,57,12.7555824540912,6.7555824540912,0.0895568085321325,26.1256467639036,0.0229666133160536,5.83566873809158,11.4187691725516,2.86607251270083,0,32360,5760,950,29,"CB","CB_noRecurrent","mechanism","bridge pool rebuilt each cycle (not recurrent)",3,8003,0,"core",3.26597661125129,2.73402338874871,6,0.342792694632419,0.3,3,2,"poolMean",0,0
20,60,12.8759066653282,6.87590666532817,0.0308056131730749,8.98665976709572,0.0118207424872838,3.00357464310398,11.5649695960286,2.69835610648829,0,34060,6060,1000,30,"CB","CB_noRecurrent","mechanism","bridge pool rebuilt each cycle (not recurrent)",3,8003,0,"core",3.26597661125129,2.73402338874871,6,0.342792694632419,0.3,3,2,"poolMean",0,0
1,3,6.22027604451869,0.220276044518695,0.413104668392201,120.511514644493,0.379902409960471,96.5307590990049,5.56124388932116,3.47346414167591,0,1460,360,40,0,"CB","CB_noWithinFam","mechanism","bridge pool selected across families",3,8003,0,"core",3.50991079805851,2.49008920194149,6,0.342792694632419,0.3,3,2,"poolMean",0,0
2,6,6.87869712841272,0.878697128412718,0.411959595734703,120.177472328123,0.347009615142146,88.172911479583,7.0975670828848,3.57303280374359,119,3160,660,90,2,"CB","CB_noWithinFam","mechanism","bridge pool selected across families",3,8003,0,"core",3.50991079805851,2.49008920194149,6,0.342792694632419,0.3,3,2,"poolMean",0,0
3,9,7.84384272492615,1.84384272492615,0.348402616950148,101.636534968677,0.296381665650404,75.3086751180068,8.32119605096735,3.54462839239321,206,4860,960,140,4,"CB","CB_noWithinFam","mechanism","bridge pool selected across families",3,8003,0,"core",3.50991079805851,2.49008920194149,6,0.342792694632419,0.3,3,2,"poolMean",0,0
4,12,8.67731103216839,2.67731103216839,0.294194268728171,85.8227941653303,0.260402342964002,66.1665606177388,9.24409328412007,3.52269712309464,243,6560,1260,190,6,"CB","CB_noWithinFam","mechanism","bridge pool selected across families",3,8003,0,"core",3.50991079805851,2.49008920194149,6,0.342792694632419,0.3,3,2,"poolMean",0,0
5,15,9.701453604743,3.701453604743,0.130600695811213,38.0990312384743,0.206263734796957,52.4102884649188,10.0119447274545,3.60101233553975,174,8260,1560,240,8,"CB","CB_noWithinFam","mechanism","bridge pool selected across families",3,8003,0,"core",3.50991079805851,2.49008920194149,6,0.342792694632419,0.3,3,2,"poolMean",0,0
6,18,9.96654133805118,3.96654133805118,0.122139487763555,35.6307149119753,0.174428294947836,44.3211079429891,10.4472002794664,3.71463786218458,257,9960,1860,290,10,"CB","CB_noWithinFam","mechanism","bridge pool selected across families",3,8003,0,"core",3.50991079805851,2.49008920194149,6,0.342792694632419,0.3,3,2,"poolMean",0,0
7,21,10.3406903712281,4.34069037122807,0.109486073939625,31.9394420167059,0.122021840833395,31.004964994908,10.7757629943575,3.72723204814564,240,11660,2160,340,12,"CB","CB_noWithinFam","mechanism","bridge pool selected across families",3,8003,0,"core",3.50991079805851,2.49008920194149,6,0.342792694632419,0.3,3,2,"poolMean",0,0
8,24,10.7514330464984,4.7514330464984,0.0945991081683342,27.5965939909466,0.125501298572586,31.8890728289487,11.109920783208,3.83169046825721,289,13360,2460,390,14,"CB","CB_noWithinFam","mechanism","bridge pool selected across families",3,8003,0,"core",3.50991079805851,2.49008920194149,6,0.342792694632419,0.3,3,2,"poolMean",0,0
9,27,11.1070688613872,5.10706886138721,0.0476396775261227,13.8975183170713,0.105079649047151,26.7000630225902,11.3034834396586,3.80707008999704,261,15060,2760,440,16,"CB","CB_noWithinFam","mechanism","bridge pool selected across families",3,8003,0,"core",3.50991079805851,2.49008920194149,6,0.342792694632419,0.3,3,2,"poolMean",0,0
10,30,11.3807953571674,5.38079535716741,0.038797144605228,11.3179613255267,0.0698568758045224,17.7501828703774,11.6170132145303,3.81939673305905,266,16760,3060,490,18,"CB","CB_noWithinFam","mechanism","bridge pool selected across families",3,8003,0,"core",3.50991079805851,2.49008920194149,6,0.342792694632419,0.3,3,2,"poolMean",0,0
11,33,11.4905304154159,5.49053041541586,0.0335788842314811,9.79568256770702,0.0556276932746522,14.1346391018881,11.6287824261147,3.84737168109271,284,18460,3360,540,20,"CB","CB_noWithinFam","mechanism","bridge pool selected across families",3,8003,0,"core",3.50991079805851,2.49008920194149,6,0.342792694632419,0.3,3,2,"poolMean",0,0
12,36,11.56954416051,5.56954416050998,0.0260570294895981,7.60139579915474,0.0445112907612508,11.3100327163156,11.6422750516066,3.84780417405799,286,20160,3660,590,22,"CB","CB_noWithinFam","mechanism","bridge pool selected across families",3,8003,0,"core",3.50991079805851,2.49008920194149,6,0.342792694632419,0.3,3,2,"poolMean",0,0
13,39,11.6026411515428,5.60264115154284,0.0275278566707479,8.03046771468287,0.0440442982779701,11.1913729296896,11.8286064298468,3.90753352237979,260,21860,3960,640,24,"CB","CB_noWithinFam","mechanism","bridge pool selected across families",3,8003,0,"core",3.50991079805851,2.49008920194149,6,0.342792694632419,0.3,3,2,"poolMean",0,0
14,42,11.8226813115932,5.82268131159322,0.0228255099961776,6.65869207646145,0.0331437154958734,8.421604949837,11.9254980538267,3.90474793377283,224,23560,4260,690,26,"CB","CB_noWithinFam","mechanism","bridge pool selected across families",3,8003,0,"core",3.50991079805851,2.49008920194149,6,0.342792694632419,0.3,3,2,"poolMean",0,0
15,45,11.963775103801,5.96377510380102,0.019835732382169,5.78650965810083,0.0329444534841532,8.37097375417562,12.0275513794948,3.99836665144373,238,25260,4560,740,28,"CB","CB_noWithinFam","mechanism","bridge pool selected across families",3,8003,0,"core",3.50991079805851,2.49008920194149,6,0.342792694632419,0.3,3,2,"poolMean",0,0
16,48,12.0008513411208,6.0008513411208,0.0270145471099394,7.8807242782427,0.0353961095022096,8.99392378099236,12.2367109929445,3.93691795279717,286,26960,4860,790,30,"CB","CB_noWithinFam","mechanism","bridge pool selected across families",3,8003,0,"core",3.50991079805851,2.49008920194149,6,0.342792694632419,0.3,3,2,"poolMean",0,0
17,51,12.1840831745771,6.1840831745771,0.030148409690482,8.79493937956014,0.0336882091534415,8.55995728641501,12.3303822458663,3.90798741798165,219,28660,5160,840,32,"CB","CB_noWithinFam","mechanism","bridge pool selected across families",3,8003,0,"core",3.50991079805851,2.49008920194149,6,0.342792694632419,0.3,3,2,"poolMean",0,0
18,54,12.3684805720607,6.36848057206071,0.0196860397706656,5.74284110452678,0.0252353218412639,6.41213298356903,12.3666471354961,3.87700473755157,194,30360,5460,890,34,"CB","CB_noWithinFam","mechanism","bridge pool selected across families",3,8003,0,"core",3.50991079805851,2.49008920194149,6,0.342792694632419,0.3,3,2,"poolMean",0,0
19,57,12.3129199983533,6.31291999835332,0.0216474622100889,6.31503020602634,0.0206407680233687,5.24468640746335,12.3466971518173,3.75668115978171,264,32060,5760,940,36,"CB","CB_noWithinFam","mechanism","bridge pool selected across families",3,8003,0,"core",3.50991079805851,2.49008920194149,6,0.342792694632419,0.3,3,2,"poolMean",0,0
20,60,12.3884668264442,6.38846682644422,0.0111417095330749,3.25027624787113,0.0151338537833621,3.84541491577611,12.4083512842812,3.80730719682424,272,33760,6060,990,38,"CB","CB_noWithinFam","mechanism","bridge pool selected across families",3,8003,0,"core",3.50991079805851,2.49008920194149,6,0.342792694632419,0.3,3,2,"poolMean",0,0
1,3,6.22027604451869,0.220276044518695,0.413104668392201,120.511514644493,0.379902409960471,96.5307590990049,5.25389030343285,3.44719360911783,0,1460,360,40,0,"CB","CB_noDistinctFam","mechanism","highest-ranking eligible lines admitted",3,8003,0,"core",3.38223426207813,2.61776573792187,6,0.342792694632419,0.3,3,2,"poolMean",0,0
2,6,7.16581103755705,1.16581103755705,0.320372034473553,93.4594113264553,0.347549595105766,88.3101169155579,6.63975222676131,3.51632189641265,78,3160,660,90,2,"CB","CB_noDistinctFam","mechanism","highest-ranking eligible lines admitted",3,8003,0,"core",3.38223426207813,2.61776573792187,6,0.342792694632419,0.3,3,2,"poolMean",0,0
3,9,8.02847264637795,2.02847264637795,0.288205741603655,84.0758120334804,0.306438725647699,77.8641093832019,7.29748138916215,3.46070155825054,137,4860,960,140,4,"CB","CB_noDistinctFam","mechanism","highest-ranking eligible lines admitted",3,8003,0,"core",3.38223426207813,2.61776573792187,6,0.342792694632419,0.3,3,2,"poolMean",0,0
4,12,8.65138216251146,2.65138216251146,0.173180176460628,50.5203813186075,0.25868808432981,65.7309785237274,7.51629215001591,3.44226612716866,109,6560,1260,190,6,"CB","CB_noDistinctFam","mechanism","highest-ranking eligible lines admitted",3,8003,0,"core",3.38223426207813,2.61776573792187,6,0.342792694632419,0.3,3,2,"poolMean",0,0
5,15,9.18128193858522,3.18128193858522,0.166961774655836,48.7063397995898,0.241039543351634,61.2465977644936,7.80899438987197,3.54353823780386,42,8260,1560,240,8,"CB","CB_noDistinctFam","mechanism","highest-ranking eligible lines admitted",3,8003,0,"core",3.38223426207813,2.61776573792187,6,0.342792694632419,0.3,3,2,"poolMean",0,0
6,18,9.62881272342994,3.62881272342994,0.215497706596365,62.865314801252,0.203671652306623,51.7516569746232,8.22870140633418,3.45808928142122,86,9960,1860,290,10,"CB","CB_noDistinctFam","mechanism","highest-ranking eligible lines admitted",3,8003,0,"core",3.38223426207813,2.61776573792187,6,0.342792694632419,0.3,3,2,"poolMean",0,0
7,21,10.4588341712841,4.45883417128412,0.144764146708082,42.230814417826,0.169955169785131,43.1845156072212,8.76107615629707,3.44436789407535,44,11660,2160,340,12,"CB","CB_noDistinctFam","mechanism","highest-ranking eligible lines admitted",3,8003,0,"core",3.38223426207813,2.61776573792187,6,0.342792694632419,0.3,3,2,"poolMean",0,0
8,24,10.8884823198185,4.88848231981849,0.133661791320243,38.9920186203414,0.143625488105775,36.4943128269655,8.99726792232143,3.51043428256196,49,13360,2460,390,14,"CB","CB_noDistinctFam","mechanism","highest-ranking eligible lines admitted",3,8003,0,"core",3.38223426207813,2.61776573792187,6,0.342792694632419,0.3,3,2,"poolMean",0,0
9,27,11.3352794548797,5.33527945487974,0.107163490534895,31.2618944956829,0.12945248080686,32.8930428233814,9.37483033856533,3.61211679375675,44,15060,2760,440,16,"CB","CB_noDistinctFam","mechanism","highest-ranking eligible lines admitted",3,8003,0,"core",3.38223426207813,2.61776573792187,6,0.342792694632419,0.3,3,2,"poolMean",0,0
10,30,11.6480498844743,5.64804988447431,0.0773528635339534,22.5654935899085,0.103386354768331,26.2698078364505,9.72588671976297,3.6526970955177,71,16760,3060,490,18,"CB","CB_noDistinctFam","mechanism","highest-ranking eligible lines admitted",3,8003,0,"core",3.38223426207813,2.61776573792187,6,0.342792694632419,0.3,3,2,"poolMean",0,0
11,33,12.0331309144472,6.03313091444718,0.0587985019733296,17.1527873534119,0.0873036511800203,22.1832962875887,9.91838921049741,3.66484638430564,114,18460,3360,540,20,"CB","CB_noDistinctFam","mechanism","highest-ranking eligible lines admitted",3,8003,0,"core",3.38223426207813,2.61776573792187,6,0.342792694632419,0.3,3,2,"poolMean",0,0
12,36,12.2549909818902,6.25499098189016,0.0525906590184157,15.3418260779476,0.0687176378363352,17.4607098294589,9.91083222196196,3.74730146863052,101,20160,3660,590,22,"CB","CB_noDistinctFam","mechanism","highest-ranking eligible lines admitted",3,8003,0,"core",3.38223426207813,2.61776573792187,6,0.342792694632419,0.3,3,2,"poolMean",0,0
13,39,12.540891053932,6.540891053932,0.042530251186878,12.4069887873438,0.0429803272418063,10.9210247321329,10.0007193796523,3.72181740136635,59,21860,3960,640,24,"CB","CB_noDistinctFam","mechanism","highest-ranking eligible lines admitted",3,8003,0,"core",3.38223426207813,2.61776573792187,6,0.342792694632419,0.3,3,2,"poolMean",0,0
14,42,12.6652733598255,6.66527335982555,0.0530953491498745,15.4890550415053,0.0417717716362333,10.6139385253582,10.1381753639544,3.89375503686657,65,23560,4260,690,26,"CB","CB_noDistinctFam","mechanism","highest-ranking eligible lines admitted",3,8003,0,"core",3.38223426207813,2.61776573792187,6,0.342792694632419,0.3,3,2,"poolMean",0,0
15,45,12.8163645922771,6.81636459227709,0.0312817841064511,9.12556906733236,0.0386864602845415,9.82998075350158,10.3661383605359,3.75038464333509,30,25260,4560,740,28,"CB","CB_noDistinctFam","mechanism","highest-ranking eligible lines admitted",3,8003,0,"core",3.38223426207813,2.61776573792187,6,0.342792694632419,0.3,3,2,"poolMean",0,0
16,48,12.9059433555928,6.90594335559276,0.0325825085490767,9.50501835636122,0.0364082473919603,9.25110150940073,10.3922744115304,3.86460436807142,57,26960,4860,790,30,"CB","CB_noDistinctFam","mechanism","highest-ranking eligible lines admitted",3,8003,0,"core",3.38223426207813,2.61776573792187,6,0.342792694632419,0.3,3,2,"poolMean",0,0
17,51,13.0226633008251,7.02266330082512,0.0269071813207875,7.84940336889045,0.0332120918448795,8.43897894036963,10.3746233440546,3.84520646681861,9,28660,5160,840,32,"CB","CB_noDistinctFam","mechanism","highest-ranking eligible lines admitted",3,8003,0,"core",3.38223426207813,2.61776573792187,6,0.342792694632419,0.3,3,2,"poolMean",0,0
18,54,13.1256214764912,7.12562147649121,0.0403666774651885,11.7758278100046,0.0327978091083039,8.33371236138844,10.343394292772,3.9729570010018,21,30360,5460,890,34,"CB","CB_noDistinctFam","mechanism","highest-ranking eligible lines admitted",3,8003,0,"core",3.38223426207813,2.61776573792187,6,0.342792694632419,0.3,3,2,"poolMean",0,0
19,57,13.1649154065273,7.16491540652734,0.0292185137635406,8.52366874237852,0.0322420161999788,8.19248895786212,10.4941577925935,3.94553038532994,35,32060,5760,940,36,"CB","CB_noDistinctFam","mechanism","highest-ranking eligible lines admitted",3,8003,0,"core",3.38223426207813,2.61776573792187,6,0.342792694632419,0.3,3,2,"poolMean",0,0
20,60,13.2485122627171,7.24851226271712,0.0170349820235441,4.96947055473598,0.0219047649081608,5.56585988672727,10.5077141501412,3.77382974309748,27,33760,6060,990,38,"CB","CB_noDistinctFam","mechanism","highest-ranking eligible lines admitted",3,8003,0,"core",3.38223426207813,2.61776573792187,6,0.342792694632419,0.3,3,2,"poolMean",0,0
1,3,6.34980997454171,0.349809974541712,0.269892310104973,89.0054104640809,0.399088589422297,99.0072707848709,NA,NA,0,1260,260,30,0,"GSRS","GSRS_base","baseline","baseline",4,8004,0,"core",NA,NA,7,0.303231352675904,0.3,3,2,"poolMean",0,0
2,6,6.99154903085153,0.99154903085153,0.207398925273798,68.3962668911308,0.28199735573685,69.9588745458029,NA,NA,0,2460,460,60,0,"GSRS","GSRS_base","baseline","baseline",4,8004,0,"core",NA,NA,7,0.303231352675904,0.3,3,2,"poolMean",0,0
3,9,7.78749386208303,1.78749386208303,0.184127334489767,60.7217337075838,0.256390179413595,63.6061581127362,NA,NA,0,3660,660,90,0,"GSRS","GSRS_base","baseline","baseline",4,8004,0,"core",NA,NA,7,0.303231352675904,0.3,3,2,"poolMean",0,0
4,12,8.06249825120203,2.06249825120203,0.142387722221395,46.9567941985143,0.243248918716071,60.3460289313489,NA,NA,0,4860,860,120,0,"GSRS","GSRS_base","baseline","baseline",4,8004,0,"core",NA,NA,7,0.303231352675904,0.3,3,2,"poolMean",0,0
5,15,8.39912469938175,2.39912469938175,0.161151618031294,53.1447743147898,0.194936787429698,48.360589128652,NA,NA,0,6060,1060,150,0,"GSRS","GSRS_base","baseline","baseline",4,8004,0,"core",NA,NA,7,0.303231352675904,0.3,3,2,"poolMean",0,0
6,18,8.77896891170326,2.77896891170326,0.109425040372539,36.0863213539442,0.175313578401899,43.4923958969291,NA,NA,0,7260,1260,180,0,"GSRS","GSRS_base","baseline","baseline",4,8004,0,"core",NA,NA,7,0.303231352675904,0.3,3,2,"poolMean",0,0
7,21,9.03558403344261,3.03558403344261,0.122242267867907,40.3132020449615,0.140902946398523,34.9556878803745,NA,NA,0,8460,1460,210,0,"GSRS","GSRS_base","baseline","baseline",4,8004,0,"core",NA,NA,7,0.303231352675904,0.3,3,2,"poolMean",0,0
8,24,9.31734622578062,3.31734622578062,0.139919018067551,46.1426619750293,0.126810317123269,31.4595399079515,NA,NA,0,9660,1660,240,0,"GSRS","GSRS_base","baseline","baseline",4,8004,0,"core",NA,NA,7,0.303231352675904,0.3,3,2,"poolMean",0,0
9,27,9.94785440817254,3.94785440817254,0.0846361157219064,27.9113999838817,0.0782517772584264,19.4129702170572,NA,NA,0,10860,1860,270,0,"GSRS","GSRS_base","baseline","baseline",4,8004,0,"core",NA,NA,7,0.303231352675904,0.3,3,2,"poolMean",0,0
10,30,10.2986600941732,4.29866009417325,0.0634952526204077,20.9395407368287,0.0607825931061594,15.079154889844,NA,NA,0,12060,2060,300,0,"GSRS","GSRS_base","baseline","baseline",4,8004,0,"core",NA,NA,7,0.303231352675904,0.3,3,2,"poolMean",0,0
11,33,10.4938196476519,4.49381964765194,0.0562845284343836,18.561579446747,0.0494334943546163,12.2636314119996,NA,NA,0,13260,2260,330,0,"GSRS","GSRS_base","baseline","baseline",4,8004,0,"core",NA,NA,7,0.303231352675904,0.3,3,2,"poolMean",0,0
12,36,10.528142711912,4.52814271191203,0.0271114433938294,8.94084439309489,0.0352682256707459,8.74946280508815,NA,NA,0,14460,2460,360,0,"GSRS","GSRS_base","baseline","baseline",4,8004,0,"core",NA,NA,7,0.303231352675904,0.3,3,2,"poolMean",0,0
13,39,10.5786554099006,4.57865540990061,0.025031965697153,8.25507173854392,0.0325947756657334,8.08622412678054,NA,NA,0,15660,2660,390,0,"GSRS","GSRS_base","baseline","baseline",4,8004,0,"core",NA,NA,7,0.303231352675904,0.3,3,2,"poolMean",0,0
14,42,10.6521368142839,4.65213681428392,0.0168823847527058,5.56749313806933,0.0258948732656127,6.42408928067737,NA,NA,0,16860,2860,420,0,"GSRS","GSRS_base","baseline","baseline",4,8004,0,"core",NA,NA,7,0.303231352675904,0.3,3,2,"poolMean",0,0
15,45,10.817868930166,4.81786893016597,0.0246073868484066,8.1150536154179,0.0267141768013293,6.62734492156932,NA,NA,0,18060,3060,450,0,"GSRS","GSRS_base","baseline","baseline",4,8004,0,"core",NA,NA,7,0.303231352675904,0.3,3,2,"poolMean",0,0
16,48,11.0175046198534,5.01750461985343,0.0231504480774166,7.6345825961341,0.0251847810041665,6.2479271485728,NA,NA,0,19260,3260,480,0,"GSRS","GSRS_base","baseline","baseline",4,8004,0,"core",NA,NA,7,0.303231352675904,0.3,3,2,"poolMean",0,0
17,51,11.1407016110849,5.14070161108494,0.017250257593904,5.6888106858598,0.0253675647058526,6.29327275836357,NA,NA,0,20460,3460,510,0,"GSRS","GSRS_base","baseline","baseline",4,8004,0,"core",NA,NA,7,0.303231352675904,0.3,3,2,"poolMean",0,0
18,54,11.1854187330836,5.18541873308359,0.0132771746153996,4.37856260516383,0.0203712856224831,5.0537786479456,NA,NA,0,21660,3660,540,0,"GSRS","GSRS_base","baseline","baseline",4,8004,0,"core",NA,NA,7,0.303231352675904,0.3,3,2,"poolMean",0,0
19,57,11.321318084096,5.32131808409602,0.0161126894139812,5.31366208401363,0.0166437548348964,4.12903998132582,NA,NA,0,22860,3860,570,0,"GSRS","GSRS_base","baseline","baseline",4,8004,0,"core",NA,NA,7,0.303231352675904,0.3,3,2,"poolMean",0,0
20,60,11.4200027716774,5.42000277167745,0.0117171612469744,3.86409952123181,0.0126816105990901,3.14609760301571,NA,NA,0,24060,4060,600,0,"GSRS","GSRS_base","baseline","baseline",4,8004,0,"core",NA,NA,7,0.303231352675904,0.3,3,2,"poolMean",0,0
1,3,6.34980997454171,0.349809974541712,0.269892310104973,89.0054104640809,0.399088589422297,99.0072707848709,5.54438970610443,3.36883527171424,2,1460,360,40,2,"CB","CB_base","baseline","2 bridge lines per cycle (as specified)",4,8004,0,"core",3.35590764457089,2.64409235542911,7,0.303231352675904,0.3,3,2,"poolMean",0,0
2,6,6.84422066413656,0.844220664136562,0.331127379952361,109.199585409056,0.381733232122427,94.7016940149519,6.50821617102073,3.2776690351814,132,3160,660,90,4,"CB","CB_base","baseline","2 bridge lines per cycle (as specified)",4,8004,0,"core",3.35590764457089,2.64409235542911,7,0.303231352675904,0.3,3,2,"poolMean",0,0
3,9,7.70144437289069,1.70144437289069,0.181487897615035,59.8512970421666,0.236443049276974,58.6576054175156,6.96354483099577,3.30947823931484,15,4860,960,140,6,"CB","CB_base","baseline","2 bridge lines per cycle (as specified)",4,8004,0,"core",3.35590764457089,2.64409235542911,7,0.303231352675904,0.3,3,2,"poolMean",0,0
4,12,8.38868424654409,2.38868424654409,0.130973704515752,43.1926657187514,0.191708904720728,47.5598048769862,7.40765168955957,3.38175716275287,33,6560,1260,190,8,"CB","CB_base","baseline","2 bridge lines per cycle (as specified)",4,8004,0,"core",3.35590764457089,2.64409235542911,7,0.303231352675904,0.3,3,2,"poolMean",0,0
5,15,8.99647904074102,2.99647904074102,0.160712480717385,52.9999550835217,0.161468855271684,40.0577493341723,8.04658393805542,3.46552976165781,122,8260,1560,240,10,"CB","CB_base","baseline","2 bridge lines per cycle (as specified)",4,8004,0,"core",3.35590764457089,2.64409235542911,7,0.303231352675904,0.3,3,2,"poolMean",0,0
6,18,9.72571766881136,3.72571766881136,0.107590093697364,35.4811904336149,0.144200862913996,35.7738463597889,8.24861672078127,3.5035457952863,92,9960,1860,290,12,"CB","CB_base","baseline","2 bridge lines per cycle (as specified)",4,8004,0,"core",3.35590764457089,2.64409235542911,7,0.303231352675904,0.3,3,2,"poolMean",0,0
7,21,10.2588716261203,4.25887162612034,0.111108705876802,36.6415625878752,0.126317207023939,31.3372074574002,8.50984019685336,3.61567738120511,134,11660,2160,340,14,"CB","CB_base","baseline","2 bridge lines per cycle (as specified)",4,8004,0,"core",3.35590764457089,2.64409235542911,7,0.303231352675904,0.3,3,2,"poolMean",0,0
8,24,10.7833356966957,4.78333569669571,0.0800135563052925,26.38696678269,0.0907364676346335,22.5102151734508,8.79438498959406,3.63247488252057,31,13360,2460,390,16,"CB","CB_base","baseline","2 bridge lines per cycle (as specified)",4,8004,0,"core",3.35590764457089,2.64409235542911,7,0.303231352675904,0.3,3,2,"poolMean",0,0
9,27,11.1123718350289,5.11237183502887,0.0566631011319022,18.6864256060171,0.0557419820060704,13.8286627401432,9.15764561475955,3.66507439725703,21,15060,2760,440,18,"CB","CB_base","baseline","2 bridge lines per cycle (as specified)",4,8004,0,"core",3.35590764457089,2.64409235542911,7,0.303231352675904,0.3,3,2,"poolMean",0,0
10,30,11.3908159247798,5.39081592477984,0.0639261037083717,21.0816273265438,0.0497766867039474,12.3487717511677,9.26652858358391,3.60370318053894,22,16760,3060,490,20,"CB","CB_base","baseline","2 bridge lines per cycle (as specified)",4,8004,0,"core",3.35590764457089,2.64409235542911,7,0.303231352675904,0.3,3,2,"poolMean",0,0
11,33,11.6706627030325,5.67066270303248,0.0366621891193133,12.0905007994005,0.0392050846486183,9.72613232958718,9.51013306630413,3.55177352737086,61,18460,3360,540,22,"CB","CB_base","baseline","2 bridge lines per cycle (as specified)",4,8004,0,"core",3.35590764457089,2.64409235542911,7,0.303231352675904,0.3,3,2,"poolMean",0,0
12,36,11.896014310495,5.89601431049503,0.0251973339533157,8.30960708085051,0.0353915550755681,8.78005878829238,9.62689733617025,3.43676547008363,68,20160,3660,590,24,"CB","CB_base","baseline","2 bridge lines per cycle (as specified)",4,8004,0,"core",3.35590764457089,2.64409235542911,7,0.303231352675904,0.3,3,2,"poolMean",0,0
13,39,12.0385847746832,6.03858477468319,0.0220384016956248,7.26785060355538,0.028522579205076,7.07597961376872,9.43701186277595,3.54831700022602,27,21860,3960,640,25,"CB","CB_base","baseline","2 bridge lines per cycle (as specified)",4,8004,0,"core",3.35590764457089,2.64409235542911,7,0.303231352675904,0.3,3,2,"poolMean",0,0
14,42,12.0946279810722,6.09462798107219,0.0300372600402491,9.90572372387664,0.0342736219227439,8.50271808421142,9.9098837948535,3.54367024614481,47,23560,4260,690,27,"CB","CB_base","baseline","2 bridge lines per cycle (as specified)",4,8004,0,"core",3.35590764457089,2.64409235542911,7,0.303231352675904,0.3,3,2,"poolMean",0,0
15,45,12.2739557685978,6.27395576859776,0.0282073019725341,9.30223795251219,0.0281762183843779,6.99005322931918,9.7195370306618,3.72253653869378,25,25260,4560,740,29,"CB","CB_base","baseline","2 bridge lines per cycle (as specified)",4,8004,0,"core",3.35590764457089,2.64409235542911,7,0.303231352675904,0.3,3,2,"poolMean",0,0
16,48,12.4952199424179,6.49521994241785,0.0147388856862148,4.86060743922077,0.0203842607307212,5.05699755745301,9.81038546544358,3.76422836987049,31,26960,4860,790,31,"CB","CB_base","baseline","2 bridge lines per cycle (as specified)",4,8004,0,"core",3.35590764457089,2.64409235542911,7,0.303231352675904,0.3,3,2,"poolMean",0,0
17,51,12.4255261561839,6.42552615618392,0.0146468379572021,4.83025182849635,0.0201514113635276,4.99923148505492,9.6993416456052,3.82434016143092,42,28660,5160,840,33,"CB","CB_base","baseline","2 bridge lines per cycle (as specified)",4,8004,0,"core",3.35590764457089,2.64409235542911,7,0.303231352675904,0.3,3,2,"poolMean",0,0
18,54,12.4674835397247,6.46748353972466,0.0269027345322963,8.87201613384952,0.0226128934921578,5.60988444307156,9.96990394950656,3.91953072446295,8,30360,5460,890,35,"CB","CB_base","baseline","2 bridge lines per cycle (as specified)",4,8004,0,"core",3.35590764457089,2.64409235542911,7,0.303231352675904,0.3,3,2,"poolMean",0,0
19,57,12.5818207412425,6.58182074124254,0.0217843674081408,7.18407487085418,0.0205203209712448,5.09075185019306,10.0516445134289,3.86260386317682,42,32060,5760,940,37,"CB","CB_base","baseline","2 bridge lines per cycle (as specified)",4,8004,0,"core",3.35590764457089,2.64409235542911,7,0.303231352675904,0.3,3,2,"poolMean",0,0
20,60,12.4649159974992,6.46491599749918,0.0165210714979101,5.44833881856798,0.0206475331335306,5.12231108123196,9.82998104346863,3.75748348555752,7,33760,6060,990,38,"CB","CB_base","baseline","2 bridge lines per cycle (as specified)",4,8004,0,"core",3.35590764457089,2.64409235542911,7,0.303231352675904,0.3,3,2,"poolMean",0,0
1,3,6.34980997454171,0.349809974541712,0.269892310104973,89.0054104640809,0.399088589422297,99.0072707848709,5.36775264306144,3.01273832984532,0,1460,360,40,0,"CB","CB_nB1","inflow_rate","1 bridge line per cycle",4,8004,0,"core",3.0920258369607,2.9079741630393,7,0.303231352675904,0.3,3,1,"poolMean",0,0
2,6,6.98791631614067,0.987916316140666,0.270908516197927,89.340536130997,0.338205074295442,83.9030788127953,6.2374723103175,2.86193014781974,24,3160,660,90,1,"CB","CB_nB1","inflow_rate","1 bridge line per cycle",4,8004,0,"core",3.0920258369607,2.9079741630393,7,0.303231352675904,0.3,3,1,"poolMean",0,0
3,9,7.50383243085879,1.50383243085879,0.298790286345716,98.5354198070227,0.283327624614414,70.2888922272615,6.89457376946432,2.87276313656998,84,4860,960,140,2,"CB","CB_nB1","inflow_rate","1 bridge line per cycle",4,8004,0,"core",3.0920258369607,2.9079741630393,7,0.303231352675904,0.3,3,1,"poolMean",0,0
4,12,8.51928578013362,2.51928578013362,0.318258471179316,104.955661204161,0.234055897499666,58.0653925888737,7.25499329580314,2.89356764264002,11,6560,1260,190,3,"CB","CB_nB1","inflow_rate","1 bridge line per cycle",4,8004,0,"core",3.0920258369607,2.9079741630393,7,0.303231352675904,0.3,3,1,"poolMean",0,0
5,15,9.35750225562485,3.35750225562485,0.180189665046123,59.4231643449849,0.173047844842451,42.9303049176522,7.92427113355795,2.96568944590619,81,8260,1560,240,4,"CB","CB_nB1","inflow_rate","1 bridge line per cycle",4,8004,0,"core",3.0920258369607,2.9079741630393,7,0.303231352675904,0.3,3,1,"poolMean",0,0
6,18,9.84328734548815,3.84328734548815,0.124735395658144,41.1353887246158,0.140204707321539,34.7824663270657,8.28301491308099,2.92679140124392,104,9960,1860,290,5,"CB","CB_nB1","inflow_rate","1 bridge line per cycle",4,8004,0,"core",3.0920258369607,2.9079741630393,7,0.303231352675904,0.3,3,1,"poolMean",0,0
7,21,10.2837397395836,4.28373973958364,0.0943900341382026,31.1280589243974,0.119289959920324,29.5938638106501,8.57886943167649,3.0199274367138,107,11660,2160,340,6,"CB","CB_nB1","inflow_rate","1 bridge line per cycle",4,8004,0,"core",3.0920258369607,2.9079741630393,7,0.303231352675904,0.3,3,1,"poolMean",0,0
8,24,10.6483157915416,4.64831579154156,0.0727635066572701,23.9960366944774,0.102731950834577,25.4860959298797,8.51672253237194,2.99196584828786,29,13360,2460,390,7,"CB","CB_nB1","inflow_rate","1 bridge line per cycle",4,8004,0,"core",3.0920258369607,2.9079741630393,7,0.303231352675904,0.3,3,1,"poolMean",0,0
9,27,10.9547125321584,4.95471253215837,0.0775552265074262,25.5762558267904,0.0941928184855357,23.3676785880729,8.79114668513139,3.00756364190956,3,15060,2760,440,8,"CB","CB_nB1","inflow_rate","1 bridge line per cycle",4,8004,0,"core",3.0920258369607,2.9079741630393,7,0.303231352675904,0.3,3,1,"poolMean",0,0
10,30,11.1597409363258,5.15974093632584,0.0845363150788743,27.8784876078521,0.0899103067785417,22.3052583449196,8.80982990395536,3.17793079852528,51,16760,3060,490,9,"CB","CB_nB1","inflow_rate","1 bridge line per cycle",4,8004,0,"core",3.0920258369607,2.9079741630393,7,0.303231352675904,0.3,3,1,"poolMean",0,0
11,33,11.4897238657117,5.48972386571173,0.0535664904239872,17.6652216043238,0.0753251389380521,18.6869197100905,9.18249025596742,3.38153232451892,51,18460,3360,540,10,"CB","CB_nB1","inflow_rate","1 bridge line per cycle",4,8004,0,"core",3.0920258369607,2.9079741630393,7,0.303231352675904,0.3,3,1,"poolMean",0,0
12,36,11.6032524950374,5.60325249503741,0.0591454374656058,19.5050534661635,0.0689827512664276,17.1134783482713,9.57197309411134,3.4176346267029,57,20160,3660,590,11,"CB","CB_nB1","inflow_rate","1 bridge line per cycle",4,8004,0,"core",3.0920258369607,2.9079741630393,7,0.303231352675904,0.3,3,1,"poolMean",0,0
13,39,11.7837370647131,5.78373706471305,0.058431481660031,19.2696042623544,0.0552651804785393,13.710376176212,9.3485827865464,3.36558457169234,43,21860,3960,640,12,"CB","CB_nB1","inflow_rate","1 bridge line per cycle",4,8004,0,"core",3.0920258369607,2.9079741630393,7,0.303231352675904,0.3,3,1,"poolMean",0,0
14,42,12.0019819367976,6.0019819367976,0.0352629298970009,11.6290514110162,0.0456612960634214,11.327811477355,9.73290234920881,3.46745837652637,88,23560,4260,690,13,"CB","CB_nB1","inflow_rate","1 bridge line per cycle",4,8004,0,"core",3.0920258369607,2.9079741630393,7,0.303231352675904,0.3,3,1,"poolMean",0,0
15,45,12.0561417046419,6.05614170464186,0.0218045945967607,7.19074541743234,0.0357999821691332,8.88138278732481,9.4443552211105,3.61688427274425,15,25260,4560,740,14,"CB","CB_nB1","inflow_rate","1 bridge line per cycle",4,8004,0,"core",3.0920258369607,2.9079741630393,7,0.303231352675904,0.3,3,1,"poolMean",0,0
16,48,12.1833376589003,6.18333765890032,0.021902133181513,7.22291180916315,0.0325569922474497,8.07685068633563,9.73989010061319,3.48962968330483,45,26960,4860,790,15,"CB","CB_nB1","inflow_rate","1 bridge line per cycle",4,8004,0,"core",3.0920258369607,2.9079741630393,7,0.303231352675904,0.3,3,1,"poolMean",0,0
17,51,12.2461895505316,6.24618955053158,0.0159736436156663,5.26780739349832,0.0226104964010189,5.60928976445188,9.75510511316713,3.48757565380096,26,28660,5160,840,16,"CB","CB_nB1","inflow_rate","1 bridge line per cycle",4,8004,0,"core",3.0920258369607,2.9079741630393,7,0.303231352675904,0.3,3,1,"poolMean",0,0
18,54,12.2909516798408,6.2909516798408,0.0133110508891776,4.38973436345303,0.0214558579874526,5.32284309295958,9.78586261872495,3.53935013738308,30,30360,5460,890,17,"CB","CB_nB1","inflow_rate","1 bridge line per cycle",4,8004,0,"core",3.0920258369607,2.9079741630393,7,0.303231352675904,0.3,3,1,"poolMean",0,0
19,57,12.3884479511438,6.38844795114382,0.015968248333788,5.26602813095485,0.0290092940614755,7.19672551044375,9.95389229527351,3.42256481253674,18,32060,5760,940,18,"CB","CB_nB1","inflow_rate","1 bridge line per cycle",4,8004,0,"core",3.0920258369607,2.9079741630393,7,0.303231352675904,0.3,3,1,"poolMean",0,0
20,60,12.4895444526029,6.48954445260291,0.0165600296170868,5.46118647394167,0.0242418339799894,6.01399760552665,9.71300293774138,3.42471955861304,6,33760,6060,990,19,"CB","CB_nB1","inflow_rate","1 bridge line per cycle",4,8004,0,"core",3.0920258369607,2.9079741630393,7,0.303231352675904,0.3,3,1,"poolMean",0,0
1,3,6.34980997454171,0.349809974541712,0.269892310104973,89.0054104640809,0.399088589422297,99.0072707848709,5.36775264306144,3.01273832984532,0,1460,360,40,0,"CB","CB_nB4","inflow_rate","4 bridge lines per cycle",4,8004,0,"core",3.0920258369607,2.9079741630393,7,0.303231352675904,0.3,3,4,"poolMean",0,0
2,6,6.98791631614067,0.987916316140666,0.270908516197927,89.340536130997,0.338205074295442,83.9030788127953,6.2374723103175,2.86193014781974,24,3160,660,90,4,"CB","CB_nB4","inflow_rate","4 bridge lines per cycle",4,8004,0,"core",3.0920258369607,2.9079741630393,7,0.303231352675904,0.3,3,4,"poolMean",0,0
3,9,7.38926281535302,1.38926281535302,0.381045040547147,125.661491526046,0.300182201054004,74.4702335578527,6.91463527730494,2.87276313656998,107,4860,960,140,8,"CB","CB_nB4","inflow_rate","4 bridge lines per cycle",4,8004,0,"core",3.0920258369607,2.9079741630393,7,0.303231352675904,0.3,3,4,"poolMean",0,0
4,12,8.57913033814638,2.57913033814638,0.287020614903967,94.6540034106356,0.234911792276489,58.2777259107932,7.27765810400207,2.89356764264002,13,6560,1260,190,12,"CB","CB_nB4","inflow_rate","4 bridge lines per cycle",4,8004,0,"core",3.0920258369607,2.9079741630393,7,0.303231352675904,0.3,3,4,"poolMean",0,0
5,15,9.42487615074219,3.42487615074219,0.182546271477232,60.2003288467137,0.183695949066849,45.5719232606286,7.94037933703792,2.96568944590619,106,8260,1560,240,16,"CB","CB_nB4","inflow_rate","4 bridge lines per cycle",4,8004,0,"core",3.0920258369607,2.9079741630393,7,0.303231352675904,0.3,3,4,"poolMean",0,0
6,18,10.0787254946136,4.07872549461358,0.114236392468867,37.6730148319997,0.134778909822282,33.4364158097849,8.37082382774119,2.92679140124392,83,9960,1860,290,20,"CB","CB_nB4","inflow_rate","4 bridge lines per cycle",4,8004,0,"core",3.0920258369607,2.9079741630393,7,0.303231352675904,0.3,3,4,"poolMean",0,0
7,21,10.4205965471871,4.42059654718711,0.101964923344066,33.6261149924847,0.10375054165822,25.7387914470365,8.57104940490944,3.0199274367138,86,11660,2160,340,24,"CB","CB_nB4","inflow_rate","4 bridge lines per cycle",4,8004,0,"core",3.0920258369607,2.9079741630393,7,0.303231352675904,0.3,3,4,"poolMean",0,0
8,24,10.7581171017716,4.75811710177156,0.0904462152008763,29.8274615743794,0.0941528718463748,23.3577684883478,8.58376522528303,2.99196584828786,23,13360,2460,390,26,"CB","CB_nB4","inflow_rate","4 bridge lines per cycle",4,8004,0,"core",3.0920258369607,2.9079741630393,7,0.303231352675904,0.3,3,4,"poolMean",0,0
9,27,11.1236345649256,5.12363456492559,0.0617710974479954,20.3709467714629,0.0790724016345668,19.6165535365874,8.88554116558351,3.00756364190956,4,15060,2760,440,30,"CB","CB_nB4","inflow_rate","4 bridge lines per cycle",4,8004,0,"core",3.0920258369607,2.9079741630393,7,0.303231352675904,0.3,3,4,"poolMean",0,0
10,30,11.3595679491379,5.35956794913786,0.0721034191824153,23.7783522535283,0.0725473724201686,17.9978018322496,8.97886787333989,3.17793079852528,25,16760,3060,490,33,"CB","CB_nB4","inflow_rate","4 bridge lines per cycle",4,8004,0,"core",3.0920258369607,2.9079741630393,7,0.303231352675904,0.3,3,4,"poolMean",0,0
11,33,11.7049590057061,5.70495900570607,0.0313045473065362,10.3236512419594,0.05323515503161,13.2067604767122,9.34120020281326,3.38153232451892,48,18460,3360,540,36,"CB","CB_nB4","inflow_rate","4 bridge lines per cycle",4,8004,0,"core",3.0920258369607,2.9079741630393,7,0.303231352675904,0.3,3,4,"poolMean",0,0
12,36,11.8136861814018,5.8136861814018,0.0392858195818107,12.9557248071903,0.0495809919278773,12.3002231176084,9.67738268732574,3.4176346267029,76,20160,3660,590,40,"CB","CB_nB4","inflow_rate","4 bridge lines per cycle",4,8004,0,"core",3.0920258369607,2.9079741630393,7,0.303231352675904,0.3,3,4,"poolMean",0,0
13,39,11.9921743748969,5.99217437489686,0.0421211749756528,13.8907717173534,0.0361862848842236,8.97721809440099,9.43522410256545,3.36558457169234,29,21860,3960,640,42,"CB","CB_nB4","inflow_rate","4 bridge lines per cycle",4,8004,0,"core",3.0920258369607,2.9079741630393,7,0.303231352675904,0.3,3,4,"poolMean",0,0
14,42,11.9688545308762,5.96885453087618,0.0288474401234255,9.51334348142353,0.0357216247695211,8.86194361395074,9.71664266539853,3.46745837652637,65,23560,4260,690,46,"CB","CB_nB4","inflow_rate","4 bridge lines per cycle",4,8004,0,"core",3.0920258369607,2.9079741630393,7,0.303231352675904,0.3,3,4,"poolMean",0,0
15,45,12.1026058591234,6.10260585912342,0.0259623868802728,8.56190715477288,0.0347294268371068,8.61579573608499,9.49858408836838,3.61688427274425,25,25260,4560,740,49,"CB","CB_nB4","inflow_rate","4 bridge lines per cycle",4,8004,0,"core",3.0920258369607,2.9079741630393,7,0.303231352675904,0.3,3,4,"poolMean",0,0
16,48,12.1220912297242,6.12209122972417,0.0206006248365343,6.79369882261233,0.0273483313170023,6.78466815635179,9.6991884455331,3.48962968330483,31,26960,4860,790,51,"CB","CB_nB4","inflow_rate","4 bridge lines per cycle",4,8004,0,"core",3.0920258369607,2.9079741630393,7,0.303231352675904,0.3,3,4,"poolMean",0,0
17,51,12.225664266337,6.22566426633701,0.0209110589572718,6.89607416012212,0.0253979448407318,6.30080956678202,9.82080310779121,3.48757565380096,45,28660,5160,840,54,"CB","CB_nB4","inflow_rate","4 bridge lines per cycle",4,8004,0,"core",3.0920258369607,2.9079741630393,7,0.303231352675904,0.3,3,4,"poolMean",0,0
18,54,12.3107056370819,6.31070563708188,0.0141307761226285,4.66006433633251,0.0193739841972237,4.80636467801043,9.73061312907202,3.53935013738308,48,30360,5460,890,58,"CB","CB_nB4","inflow_rate","4 bridge lines per cycle",4,8004,0,"core",3.0920258369607,2.9079741630393,7,0.303231352675904,0.3,3,4,"poolMean",0,0
19,57,12.2228306806129,6.22283068061286,0.0210206498259695,6.93221516854047,0.0304884852104821,7.56368834153916,9.83290586543113,3.42256481253674,53,32060,5760,940,62,"CB","CB_nB4","inflow_rate","4 bridge lines per cycle",4,8004,0,"core",3.0920258369607,2.9079741630393,7,0.303231352675904,0.3,3,4,"poolMean",0,0
20,60,12.2178842222344,6.2178842222344,0.0246611015060238,8.13276769977732,0.0287939251477528,7.14329604910422,9.57347531610984,3.42471955861304,7,33760,6060,990,63,"CB","CB_nB4","inflow_rate","4 bridge lines per cycle",4,8004,0,"core",3.0920258369607,2.9079741630393,7,0.303231352675904,0.3,3,4,"poolMean",0,0
1,3,6.34980997454171,0.349809974541712,0.269892310104973,89.0054104640809,0.399088589422297,99.0072707848709,5.36775264306144,3.01273832984532,0,1460,360,40,0,"CB","CB_nB8","inflow_rate","8 bridge lines per cycle",4,8004,0,"core",3.0920258369607,2.9079741630393,7,0.303231352675904,0.3,3,8,"poolMean",0,0
2,6,6.98791631614067,0.987916316140666,0.270908516197927,89.340536130997,0.338205074295442,83.9030788127953,6.2374723103175,2.86193014781974,24,3160,660,90,6,"CB","CB_nB8","inflow_rate","8 bridge lines per cycle",4,8004,0,"core",3.0920258369607,2.9079741630393,7,0.303231352675904,0.3,3,8,"poolMean",0,0
3,9,7.46850796221527,1.46850796221527,0.337444977533319,111.283010333692,0.308462527224827,76.5244453722482,6.89157254463573,2.87276313656998,104,4860,960,140,14,"CB","CB_nB8","inflow_rate","8 bridge lines per cycle",4,8004,0,"core",3.0920258369607,2.9079741630393,7,0.303231352675904,0.3,3,8,"poolMean",0,0
4,12,8.39021423063503,2.39021423063503,0.379969381007158,125.306759229898,0.268100037427191,66.5111799899157,7.06248099483436,2.89356764264002,32,6560,1260,190,19,"CB","CB_nB8","inflow_rate","8 bridge lines per cycle",4,8004,0,"core",3.0920258369607,2.9079741630393,7,0.303231352675904,0.3,3,8,"poolMean",0,0
5,15,9.20266503696167,3.20266503696167,0.254395365607655,83.8948094788717,0.213956578663775,53.0790843973587,7.76834963705695,2.96568944590619,93,8260,1560,240,27,"CB","CB_nB8","inflow_rate","8 bridge lines per cycle",4,8004,0,"core",3.0920258369607,2.9079741630393,7,0.303231352675904,0.3,3,8,"poolMean",0,0
6,18,9.67222502296028,3.67222502296028,0.183249070611483,60.4320987900419,0.182790980044233,45.3474154309165,8.29035060119233,2.92679140124392,111,9960,1860,290,32,"CB","CB_nB8","inflow_rate","8 bridge lines per cycle",4,8004,0,"core",3.0920258369607,2.9079741630393,7,0.303231352675904,0.3,3,8,"poolMean",0,0
7,21,10.1452721227589,4.14527212275891,0.114181827212458,37.6550202361484,0.151292254471262,37.533103183363,8.43532322165777,3.0199274367138,102,11660,2160,340,37,"CB","CB_nB8","inflow_rate","8 bridge lines per cycle",4,8004,0,"core",3.0920258369607,2.9079741630393,7,0.303231352675904,0.3,3,8,"poolMean",0,0
8,24,10.5038369215696,4.50383692156964,0.0942774285739504,31.0909237260551,0.112289854823311,27.8572536463109,8.30824676908842,2.99196584828786,23,13360,2460,390,38,"CB","CB_nB8","inflow_rate","8 bridge lines per cycle",4,8004,0,"core",3.0920258369607,2.9079741630393,7,0.303231352675904,0.3,3,8,"poolMean",0,0
9,27,10.805179305176,4.805179305176,0.0659944791176921,21.7637386554244,0.0904370750998349,22.4359408430153,8.74087480628064,3.00756364190956,8,15060,2760,440,40,"CB","CB_nB8","inflow_rate","8 bridge lines per cycle",4,8004,0,"core",3.0920258369607,2.9079741630393,7,0.303231352675904,0.3,3,8,"poolMean",0,0
10,30,11.0027368973097,5.00273689730965,0.0696104434068604,22.9562157054586,0.0748608278178217,18.5717318093901,8.76595009378378,3.17793079852528,38,16760,3060,490,44,"CB","CB_nB8","inflow_rate","8 bridge lines per cycle",4,8004,0,"core",3.0920258369607,2.9079741630393,7,0.303231352675904,0.3,3,8,"poolMean",0,0
11,33,11.2554053393672,5.25540533936723,0.0461398578246064,15.2160577781418,0.0661821239443306,16.4186890834422,9.04704174839849,3.38153232451892,60,18460,3360,540,47,"CB","CB_nB8","inflow_rate","8 bridge lines per cycle",4,8004,0,"core",3.0920258369607,2.9079741630393,7,0.303231352675904,0.3,3,8,"poolMean",0,0
12,36,11.3936541876082,5.39365418760821,0.0447410602947581,14.7547606472533,0.0519027402694418,12.8762104368157,9.40836661491496,3.4176346267029,70,20160,3660,590,50,"CB","CB_nB8","inflow_rate","8 bridge lines per cycle",4,8004,0,"core",3.0920258369607,2.9079741630393,7,0.303231352675904,0.3,3,8,"poolMean",0,0
13,39,11.6478265065175,5.64782650651746,0.0308743565449098,10.1817824154577,0.0418990694007198,10.3944653386259,9.16792656268794,3.36558457169234,29,21860,3960,640,52,"CB","CB_nB8","inflow_rate","8 bridge lines per cycle",4,8004,0,"core",3.0920258369607,2.9079741630393,7,0.303231352675904,0.3,3,8,"poolMean",0,0
14,42,11.7691511180114,5.76915111801137,0.0303897892956019,10.0219812454825,0.0311610838893903,7.73054893664814,9.48812551760185,3.46745837652637,31,23560,4260,690,55,"CB","CB_nB8","inflow_rate","8 bridge lines per cycle",4,8004,0,"core",3.0920258369607,2.9079741630393,7,0.303231352675904,0.3,3,8,"poolMean",0,0
15,45,11.7433174197411,5.74331741974109,0.0234050943794774,7.71856015973814,0.0307046119915462,7.61730581721706,9.33287159219262,3.61688427274425,29,25260,4560,740,59,"CB","CB_nB8","inflow_rate","8 bridge lines per cycle",4,8004,0,"core",3.0920258369607,2.9079741630393,7,0.303231352675904,0.3,3,8,"poolMean",0,0
16,48,11.8376103991295,5.8376103991295,0.022085324711074,7.28332493199637,0.0238529727202686,5.91752756589295,9.52173283312859,3.48962968330483,23,26960,4860,790,61,"CB","CB_nB8","inflow_rate","8 bridge lines per cycle",4,8004,0,"core",3.0920258369607,2.9079741630393,7,0.303231352675904,0.3,3,8,"poolMean",0,0
17,51,11.9652940722326,5.96529407223256,0.0145016330794364,4.78236598935595,0.0223957387894562,5.55601195705608,9.58432718340807,3.48757565380096,51,28660,5160,840,64,"CB","CB_nB8","inflow_rate","8 bridge lines per cycle",4,8004,0,"core",3.0920258369607,2.9079741630393,7,0.303231352675904,0.3,3,8,"poolMean",0,0
18,54,12.1359813559235,6.13598135592348,0.0213587262141236,7.0437064062277,0.021085067194819,5.23085603699301,9.66742006040094,3.53935013738308,29,30360,5460,890,66,"CB","CB_nB8","inflow_rate","8 bridge lines per cycle",4,8004,0,"core",3.0920258369607,2.9079741630393,7,0.303231352675904,0.3,3,8,"poolMean",0,0
19,57,12.2831498844323,6.28314988443232,0.00993084525865371,3.2750060872722,0.0152639526349113,3.78673390276509,9.81177265694028,3.42256481253674,34,32060,5760,940,69,"CB","CB_nB8","inflow_rate","8 bridge lines per cycle",4,8004,0,"core",3.0920258369607,2.9079741630393,7,0.303231352675904,0.3,3,8,"poolMean",0,0
20,60,12.2965331458259,6.29653314582591,0.01452220178462,4.78914916167703,0.014201184664346,3.52307876695786,9.57182443592505,3.42471955861304,5,33760,6060,990,70,"CB","CB_nB8","inflow_rate","8 bridge lines per cycle",4,8004,0,"core",3.0920258369607,2.9079741630393,7,0.303231352675904,0.3,3,8,"poolMean",0,0
1,3,6.34980997454171,0.349809974541712,0.269892310104973,89.0054104640809,0.399088589422297,99.0072707848709,7.12740247075277,2.95491061649678,233,1760,360,50,2,"CB","CB_noRecurrent","mechanism","bridge pool rebuilt each cycle (not recurrent)",4,8004,0,"core",3.0920258369607,2.9079741630393,7,0.303231352675904,0.3,3,2,"poolMean",0,0
2,6,7.0039925025637,1.0039925025637,0.319698402137089,105.430523366357,0.321727981263273,79.8153848650807,7.94122809081425,3.07618902649768,259,3460,660,100,4,"CB","CB_noRecurrent","mechanism","bridge pool rebuilt each cycle (not recurrent)",4,8004,0,"core",3.0920258369607,2.9079741630393,7,0.303231352675904,0.3,3,2,"poolMean",0,0
3,9,8.11645377432563,2.11645377432563,0.225413452410415,74.3371193055154,0.28127000719854,69.7784314171439,8.23887241319885,3.10430633610029,68,5160,960,150,6,"CB","CB_noRecurrent","mechanism","bridge pool rebuilt each cycle (not recurrent)",4,8004,0,"core",3.0920258369607,2.9079741630393,7,0.303231352675904,0.3,3,2,"poolMean",0,0
4,12,8.71838780984264,2.71838780984264,0.173248966189357,57.1342523325834,0.238999566983944,59.2918351288855,8.77588112762468,3.19537685730272,24,6860,1260,200,8,"CB","CB_noRecurrent","mechanism","bridge pool rebuilt each cycle (not recurrent)",4,8004,0,"core",3.0920258369607,2.9079741630393,7,0.303231352675904,0.3,3,2,"poolMean",0,0
5,15,9.32507352155342,3.32507352155342,0.127522818700992,42.0546284464488,0.202770397390312,50.3039780481805,9.04236444801368,3.28614845655216,0,8560,1560,250,10,"CB","CB_noRecurrent","mechanism","bridge pool rebuilt each cycle (not recurrent)",4,8004,0,"core",3.0920258369607,2.9079741630393,7,0.303231352675904,0.3,3,2,"poolMean",0,0
6,18,9.68057807057406,3.68057807057406,0.110086486012519,36.3044536922211,0.190191943419114,47.1834718964405,9.18400322691402,3.2457154703308,0,10260,1860,300,12,"CB","CB_noRecurrent","mechanism","bridge pool rebuilt each cycle (not recurrent)",4,8004,0,"core",3.0920258369607,2.9079741630393,7,0.303231352675904,0.3,3,2,"poolMean",0,0
7,21,9.95870513876073,3.95870513876073,0.161309496154834,53.1968395521563,0.188015227006524,46.6434645973215,9.5581058414621,3.34060443328718,1,11960,2160,350,13,"CB","CB_noRecurrent","mechanism","bridge pool rebuilt each cycle (not recurrent)",4,8004,0,"core",3.0920258369607,2.9079741630393,7,0.303231352675904,0.3,3,2,"poolMean",0,0
8,24,10.1969077776249,4.19690777762495,0.0954825483321676,31.4883495685949,0.149379425302678,37.0585619399429,9.77734978306001,3.25277790666189,1,13660,2460,400,14,"CB","CB_noRecurrent","mechanism","bridge pool rebuilt each cycle (not recurrent)",4,8004,0,"core",3.0920258369607,2.9079741630393,7,0.303231352675904,0.3,3,2,"poolMean",0,0
9,27,10.444973005846,4.44497300584599,0.0895130868748978,29.5197333933243,0.110798789740192,27.4873450887752,9.61370998740479,3.38914865868809,0,15360,2760,450,15,"CB","CB_noRecurrent","mechanism","bridge pool rebuilt each cycle (not recurrent)",4,8004,0,"core",3.0920258369607,2.9079741630393,7,0.303231352675904,0.3,3,2,"poolMean",0,0
10,30,10.551522984194,4.55152298419398,0.0663933423193512,21.8952762415412,0.0825616670843979,20.4821825181922,9.81777854571465,3.25524691816724,0,17060,3060,500,16,"CB","CB_noRecurrent","mechanism","bridge pool rebuilt each cycle (not recurrent)",4,8004,0,"core",3.0920258369607,2.9079741630393,7,0.303231352675904,0.3,3,2,"poolMean",0,0
11,33,10.7835445796253,4.78354457962529,0.0551990373423771,18.2036048895558,0.070652550116772,17.5277277939185,9.82662189201315,3.22189000627381,0,18760,3360,550,17,"CB","CB_noRecurrent","mechanism","bridge pool rebuilt each cycle (not recurrent)",4,8004,0,"core",3.0920258369607,2.9079741630393,7,0.303231352675904,0.3,3,2,"poolMean",0,0
12,36,10.9549085256567,4.95490852565675,0.0366916301626534,12.1002099020643,0.0516947105716439,12.8246017134218,10.1221646665912,3.17471504002017,0,20460,3660,600,18,"CB","CB_noRecurrent","mechanism","bridge pool rebuilt each cycle (not recurrent)",4,8004,0,"core",3.0920258369607,2.9079741630393,7,0.303231352675904,0.3,3,2,"poolMean",0,0
13,39,11.1305928466993,5.13059284669931,0.0709287510326282,23.3909687790224,0.0525169399138629,13.0285831984605,10.336416007992,3.14702094799137,0,22160,3960,650,19,"CB","CB_noRecurrent","mechanism","bridge pool rebuilt each cycle (not recurrent)",4,8004,0,"core",3.0920258369607,2.9079741630393,7,0.303231352675904,0.3,3,2,"poolMean",0,0
14,42,11.193210338832,5.19321033883201,0.074721089960542,24.6416108694421,0.0456328925971506,11.3207650476879,10.3854002166884,3.1522658559993,0,23860,4260,700,20,"CB","CB_noRecurrent","mechanism","bridge pool rebuilt each cycle (not recurrent)",4,8004,0,"core",3.0920258369607,2.9079741630393,7,0.303231352675904,0.3,3,2,"poolMean",0,0
15,45,11.2981965984668,5.2981965984668,0.121874127344179,40.1917962205045,0.0568684947444,14.1081318973242,10.5729710371673,3.25139791078963,0,25560,4560,750,21,"CB","CB_noRecurrent","mechanism","bridge pool rebuilt each cycle (not recurrent)",4,8004,0,"core",3.0920258369607,2.9079741630393,7,0.303231352675904,0.3,3,2,"poolMean",0,0
16,48,11.4436736394115,5.44367363941153,0.0803350664588453,26.4929947876162,0.0375351700363003,9.31185416531113,10.4855523966561,3.12526180016692,0,27260,4860,800,22,"CB","CB_noRecurrent","mechanism","bridge pool rebuilt each cycle (not recurrent)",4,8004,0,"core",3.0920258369607,2.9079741630393,7,0.303231352675904,0.3,3,2,"poolMean",0,0
17,51,11.6074830794478,5.60748307944785,0.0377531739387388,12.450287084624,0.0221012570576392,5.48295591552554,10.6824536216635,3.19817439454412,0,28960,5160,850,23,"CB","CB_noRecurrent","mechanism","bridge pool rebuilt each cycle (not recurrent)",4,8004,0,"core",3.0920258369607,2.9079741630393,7,0.303231352675904,0.3,3,2,"poolMean",0,0
18,54,11.6448072853716,5.64480728537155,0.064948249668128,21.4187118498743,0.016179637093772,4.01390005477949,10.5466240649093,3.28117023200769,0,30660,5460,900,24,"CB","CB_noRecurrent","mechanism","bridge pool rebuilt each cycle (not recurrent)",4,8004,0,"core",3.0920258369607,2.9079741630393,7,0.303231352675904,0.3,3,2,"poolMean",0,0
19,57,11.6769745296822,5.67697452968223,0.0276208050716602,9.10882229951383,0.00937240337943799,2.32513808685008,10.6927617806063,3.37941233877742,0,32360,5760,950,25,"CB","CB_noRecurrent","mechanism","bridge pool rebuilt each cycle (not recurrent)",4,8004,0,"core",3.0920258369607,2.9079741630393,7,0.303231352675904,0.3,3,2,"poolMean",0,0
20,60,11.6391623738409,5.63916237384093,0.0771570931424482,25.4449589270916,0.0178386974654691,4.42548546168585,10.8123932832208,3.41194416577885,0,34060,6060,1000,26,"CB","CB_noRecurrent","mechanism","bridge pool rebuilt each cycle (not recurrent)",4,8004,0,"core",3.0920258369607,2.9079741630393,7,0.303231352675904,0.3,3,2,"poolMean",0,0
1,3,6.34980997454171,0.349809974541712,0.269892310104973,89.0054104640809,0.399088589422297,99.0072707848709,5.38653081814293,3.08481065846095,0,1460,360,40,0,"CB","CB_noWithinFam","mechanism","bridge pool selected across families",4,8004,0,"core",3.17467113605081,2.82532886394919,7,0.303231352675904,0.3,3,2,"poolMean",0,0
2,6,6.97843685893588,0.978436858935881,0.296635462096727,97.824799275876,0.336653254867174,83.5180981082199,7.0559578780652,3.06012455193511,59,3160,660,90,2,"CB","CB_noWithinFam","mechanism","bridge pool selected across families",4,8004,0,"core",3.17467113605081,2.82532886394919,7,0.303231352675904,0.3,3,2,"poolMean",0,0
3,9,7.73299406057826,1.73299406057826,0.175818001122612,57.9814717611103,0.277309412724881,68.795873509161,7.9876262066813,2.94866383232632,111,4860,960,140,4,"CB","CB_noWithinFam","mechanism","bridge pool selected across families",4,8004,0,"core",3.17467113605081,2.82532886394919,7,0.303231352675904,0.3,3,2,"poolMean",0,0
4,12,8.13330700970147,2.13330700970147,0.194828255015311,64.2506961420788,0.261160537059684,64.7896048554522,8.7864232672243,3.00892139055326,205,6560,1260,190,6,"CB","CB_noWithinFam","mechanism","bridge pool selected across families",4,8004,0,"core",3.17467113605081,2.82532886394919,7,0.303231352675904,0.3,3,2,"poolMean",0,0
5,15,8.56883327752602,2.56883327752602,0.20865959385893,68.8120116925859,0.227960948260454,56.5533366049623,8.96024164387931,3.01994669266298,268,8260,1560,240,8,"CB","CB_noWithinFam","mechanism","bridge pool selected across families",4,8004,0,"core",3.17467113605081,2.82532886394919,7,0.303231352675904,0.3,3,2,"poolMean",0,0
6,18,9.23912093517971,3.23912093517971,0.127628632662921,42.0895239020128,0.199577481478457,49.5118684798865,9.39223630967695,2.96419327587998,224,9960,1860,290,10,"CB","CB_noWithinFam","mechanism","bridge pool selected across families",4,8004,0,"core",3.17467113605081,2.82532886394919,7,0.303231352675904,0.3,3,2,"poolMean",0,0
7,21,9.63833036603995,3.63833036603995,0.12518282056828,41.2829410493301,0.171446602867022,42.5330632974824,9.96740053913246,2.92762288573282,259,11660,2160,340,12,"CB","CB_noWithinFam","mechanism","bridge pool selected across families",4,8004,0,"core",3.17467113605081,2.82532886394919,7,0.303231352675904,0.3,3,2,"poolMean",0,0
8,24,10.1193111597199,4.11931115971991,0.126924320700862,41.8572550565112,0.145884566447708,36.1915453271408,10.5213998173286,2.85801688784871,259,13360,2460,390,14,"CB","CB_noWithinFam","mechanism","bridge pool selected across families",4,8004,0,"core",3.17467113605081,2.82532886394919,7,0.303231352675904,0.3,3,2,"poolMean",0,0
9,27,10.7072519624856,4.70725196248561,0.108985710665682,35.9414386750986,0.121819621176289,30.2214308812244,11.0692802474953,2.8503342117369,265,15060,2760,440,16,"CB","CB_noWithinFam","mechanism","bridge pool selected across families",4,8004,0,"core",3.17467113605081,2.82532886394919,7,0.303231352675904,0.3,3,2,"poolMean",0,0
10,30,11.1306903054178,5.1306903054178,0.0928676336865211,30.6259998733636,0.0987496573633723,24.4981548599054,11.361125864505,2.76835607267383,270,16760,3060,490,18,"CB","CB_noWithinFam","mechanism","bridge pool selected across families",4,8004,0,"core",3.17467113605081,2.82532886394919,7,0.303231352675904,0.3,3,2,"poolMean",0,0
11,33,11.4964606931917,5.49646069319166,0.0532312676212809,17.5546714254759,0.073394451184401,18.2079480474242,11.6298354662056,2.89940560185383,268,18460,3360,540,20,"CB","CB_noWithinFam","mechanism","bridge pool selected across families",4,8004,0,"core",3.17467113605081,2.82532886394919,7,0.303231352675904,0.3,3,2,"poolMean",0,0
12,36,11.7279797827722,5.72797978277223,0.0529290758858128,17.4550142716884,0.0688167096366948,17.0722861693109,11.7548664162541,2.96222991008459,282,20160,3660,590,22,"CB","CB_noWithinFam","mechanism","bridge pool selected across families",4,8004,0,"core",3.17467113605081,2.82532886394919,7,0.303231352675904,0.3,3,2,"poolMean",0,0
13,39,11.8633180026353,5.8633180026353,0.0484536987010756,15.9791190038529,0.060094788248055,14.9085218934657,11.7606978522724,3.05483395690292,210,21860,3960,640,24,"CB","CB_noWithinFam","mechanism","bridge pool selected across families",4,8004,0,"core",3.17467113605081,2.82532886394919,7,0.303231352675904,0.3,3,2,"poolMean",0,0
14,42,11.8854282002534,5.88542820025337,0.036688827619999,12.0992856761788,0.0511794035355358,12.6967625704006,12.0585142698723,3.00888670894393,260,23560,4260,690,26,"CB","CB_noWithinFam","mechanism","bridge pool selected across families",4,8004,0,"core",3.17467113605081,2.82532886394919,7,0.303231352675904,0.3,3,2,"poolMean",0,0
15,45,12.0352608079013,6.03526080790125,0.0332756534347868,10.9736849904014,0.0430161116015713,10.6715850122751,12.197712246376,2.82610908231761,241,25260,4560,740,28,"CB","CB_noWithinFam","mechanism","bridge pool selected across families",4,8004,0,"core",3.17467113605081,2.82532886394919,7,0.303231352675904,0.3,3,2,"poolMean",0,0
16,48,12.0983060161611,6.09830601616115,0.0427449200212306,14.0964711082883,0.0457342779953567,11.3459170862074,12.1849761533012,2.64218115222989,250,26960,4860,790,30,"CB","CB_noWithinFam","mechanism","bridge pool selected across families",4,8004,0,"core",3.17467113605081,2.82532886394919,7,0.303231352675904,0.3,3,2,"poolMean",0,0
17,51,12.0717383730901,6.07173837309013,0.036693090724015,12.1006915677459,0.0435384972250401,10.8011802356108,12.2986953603817,2.64176419190182,291,28660,5160,840,32,"CB","CB_noWithinFam","mechanism","bridge pool selected across families",4,8004,0,"core",3.17467113605081,2.82532886394919,7,0.303231352675904,0.3,3,2,"poolMean",0,0
18,54,12.1728145646194,6.17281456461943,0.0297615093176248,9.81478631908955,0.042126724879799,10.4509428933851,12.3693386747944,2.67904821622504,289,30360,5460,890,34,"CB","CB_noWithinFam","mechanism","bridge pool selected across families",4,8004,0,"core",3.17467113605081,2.82532886394919,7,0.303231352675904,0.3,3,2,"poolMean",0,0
19,57,12.3301291604393,6.33012916043932,0.0348053519738648,11.4781508134698,0.0338006584304371,8.38538367326782,12.4057759001621,2.71182699264735,277,32060,5760,940,36,"CB","CB_noWithinFam","mechanism","bridge pool selected across families",4,8004,0,"core",3.17467113605081,2.82532886394919,7,0.303231352675904,0.3,3,2,"poolMean",0,0
20,60,12.5178869683326,6.51788696833258,0.0224270845069351,7.39603088830504,0.0241179674073836,5.9832683598899,12.4186476287586,2.8085732412821,271,33760,6060,990,38,"CB","CB_noWithinFam","mechanism","bridge pool selected across families",4,8004,0,"core",3.17467113605081,2.82532886394919,7,0.303231352675904,0.3,3,2,"poolMean",0,0
1,3,6.34980997454171,0.349809974541712,0.269892310104973,89.0054104640809,0.399088589422297,99.0072707848709,5.42240427674368,3.3176566361349,0,1460,360,40,0,"CB","CB_noDistinctFam","mechanism","highest-ranking eligible lines admitted",4,8004,0,"core",3.35574770027241,2.64425229972759,7,0.303231352675904,0.3,3,2,"poolMean",0,0
2,6,6.97351017009254,0.973510170092538,0.247043098030048,81.4701698389642,0.353018487943801,87.5780414531815,6.46358920690536,3.35804142431988,62,3160,660,90,2,"CB","CB_noDistinctFam","mechanism","highest-ranking eligible lines admitted",4,8004,0,"core",3.35574770027241,2.64425229972759,7,0.303231352675904,0.3,3,2,"poolMean",0,0
3,9,7.40715111438674,1.40715111438674,0.185741667164876,61.2541102777713,0.253674927447349,62.9325490600183,6.60953167864766,3.41791103671432,39,4860,960,140,4,"CB","CB_noDistinctFam","mechanism","highest-ranking eligible lines admitted",4,8004,0,"core",3.35574770027241,2.64425229972759,7,0.303231352675904,0.3,3,2,"poolMean",0,0
4,12,8.02094590717924,2.02094590717924,0.170692386592569,56.2911404398893,0.21928305806113,54.4004957381022,7.1604476544787,3.42927742188514,16,6560,1260,190,6,"CB","CB_noDistinctFam","mechanism","highest-ranking eligible lines admitted",4,8004,0,"core",3.35574770027241,2.64425229972759,7,0.303231352675904,0.3,3,2,"poolMean",0,0
5,15,8.46324648714564,2.46324648714564,0.208223898197585,68.6683274536376,0.181992982919576,45.1494455578091,7.60904793114134,3.30359245738616,155,8260,1560,240,8,"CB","CB_noDistinctFam","mechanism","highest-ranking eligible lines admitted",4,8004,0,"core",3.35574770027241,2.64425229972759,7,0.303231352675904,0.3,3,2,"poolMean",0,0
6,18,9.41208194656901,3.41208194656901,0.0908414082968673,29.9577888286371,0.114775758786177,28.4739652570161,7.77500636663147,3.42520961989641,89,9960,1860,290,10,"CB","CB_noDistinctFam","mechanism","highest-ranking eligible lines admitted",4,8004,0,"core",3.35574770027241,2.64425229972759,7,0.303231352675904,0.3,3,2,"poolMean",0,0
7,21,9.71612540418198,3.71612540418198,0.0863035987788465,28.4613045508815,0.0973129970785989,24.1417432319851,8.07781627726037,3.51169866106501,108,11660,2160,340,12,"CB","CB_noDistinctFam","mechanism","highest-ranking eligible lines admitted",4,8004,0,"core",3.35574770027241,2.64425229972759,7,0.303231352675904,0.3,3,2,"poolMean",0,0
8,24,10.0595513446868,4.05955134468682,0.0594918905670931,19.6193071864434,0.0746157280708001,18.5109266206028,8.16180040428281,3.52578011071598,27,13360,2460,390,14,"CB","CB_noDistinctFam","mechanism","highest-ranking eligible lines admitted",4,8004,0,"core",3.35574770027241,2.64425229972759,7,0.303231352675904,0.3,3,2,"poolMean",0,0
9,27,10.2680622214525,4.26806222145255,0.0570410427866358,18.811063659239,0.0550621015990062,13.6599956688521,8.4388070407177,3.41336486250091,21,15060,2760,440,16,"CB","CB_noDistinctFam","mechanism","highest-ranking eligible lines admitted",4,8004,0,"core",3.35574770027241,2.64425229972759,7,0.303231352675904,0.3,3,2,"poolMean",0,0
10,30,10.4601624279516,4.46016242795156,0.0342296575000519,11.2882975978532,0.0498074855906797,12.356412444987,8.47011326372856,3.38486711540402,16,16760,3060,490,18,"CB","CB_noDistinctFam","mechanism","highest-ranking eligible lines admitted",4,8004,0,"core",3.35574770027241,2.64425229972759,7,0.303231352675904,0.3,3,2,"poolMean",0,0
11,33,10.6180028014693,4.61800280146926,0.0259607879389879,8.56137985399385,0.0432560073832577,10.7310991834318,8.49588100671831,3.4039783175442,65,18460,3360,540,20,"CB","CB_noDistinctFam","mechanism","highest-ranking eligible lines admitted",4,8004,0,"core",3.35574770027241,2.64425229972759,7,0.303231352675904,0.3,3,2,"poolMean",0,0
12,36,10.6846073091644,4.68460730916442,0.0351506071567894,11.5920094827261,0.0373148989198057,9.25720854863632,8.69026730849874,3.38310263111075,79,20160,3660,590,22,"CB","CB_noDistinctFam","mechanism","highest-ranking eligible lines admitted",4,8004,0,"core",3.35574770027241,2.64425229972759,7,0.303231352675904,0.3,3,2,"poolMean",0,0
13,39,10.6960940063064,4.69609400630642,0.029195115714377,9.62800035574849,0.0298444327679912,7.40390959500656,8.61465840640252,3.31209338579783,44,21860,3960,640,24,"CB","CB_noDistinctFam","mechanism","highest-ranking eligible lines admitted",4,8004,0,"core",3.35574770027241,2.64425229972759,7,0.303231352675904,0.3,3,2,"poolMean",0,0
14,42,10.9929893581186,4.99298935811856,0.0322286157167172,10.6283916330919,0.0308957478149267,7.66472345010281,9.20162322666599,3.31985605740489,89,23560,4260,690,26,"CB","CB_noDistinctFam","mechanism","highest-ranking eligible lines admitted",4,8004,0,"core",3.35574770027241,2.64425229972759,7,0.303231352675904,0.3,3,2,"poolMean",0,0
15,45,11.3409611766095,5.34096117660951,0.101446432550145,33.4551264751874,0.0553490893525142,13.7311925784522,9.29731293365031,3.23813061505039,102,25260,4560,740,28,"CB","CB_noDistinctFam","mechanism","highest-ranking eligible lines admitted",4,8004,0,"core",3.35574770027241,2.64425229972759,7,0.303231352675904,0.3,3,2,"poolMean",0,0
16,48,11.896535838074,5.89653583807397,0.0311693830604585,10.2790766144069,0.0366919015580287,9.10265321899133,9.46567725975756,3.11597962511334,24,26960,4860,790,30,"CB","CB_noDistinctFam","mechanism","highest-ranking eligible lines admitted",4,8004,0,"core",3.35574770027241,2.64425229972759,7,0.303231352675904,0.3,3,2,"poolMean",0,0
17,51,11.9875569624135,5.98755696241354,0.0345816499079065,11.4043780772457,0.0310842936890321,7.71149855945872,9.51467880185501,3.10677504116264,58,28660,5160,840,32,"CB","CB_noDistinctFam","mechanism","highest-ranking eligible lines admitted",4,8004,0,"core",3.35574770027241,2.64425229972759,7,0.303231352675904,0.3,3,2,"poolMean",0,0
18,54,12.1498126027788,6.14981260277882,0.0127871119085993,4.21694913661063,0.02307218839048,5.72382790217701,9.57103562316706,3.08167905255195,37,30360,5460,890,34,"CB","CB_noDistinctFam","mechanism","highest-ranking eligible lines admitted",4,8004,0,"core",3.35574770027241,2.64425229972759,7,0.303231352675904,0.3,3,2,"poolMean",0,0
19,57,12.173389332304,6.17338933230399,0.0162505757583105,5.3591344083998,0.0187018425046293,4.63961745363896,9.40759052050614,3.06126609999321,3,32060,5760,940,36,"CB","CB_noDistinctFam","mechanism","highest-ranking eligible lines admitted",4,8004,0,"core",3.35574770027241,2.64425229972759,7,0.303231352675904,0.3,3,2,"poolMean",0,0
20,60,12.2712090807988,6.2712090807988,0.0142821025447767,4.70996894573811,0.0168306915467331,4.17541588416796,9.29964450429067,2.95917002949743,0,33760,6060,990,38,"CB","CB_noDistinctFam","mechanism","highest-ranking eligible lines admitted",4,8004,0,"core",3.35574770027241,2.64425229972759,7,0.303231352675904,0.3,3,2,"poolMean",0,0
1,3,6.41638819671401,0.416388196714006,0.421526987828617,82.8691703262017,0.438500933017358,99.4441522059406,NA,NA,0,1260,260,30,0,"GSRS","GSRS_base","baseline","baseline",5,8005,0,"core",NA,NA,6,0.508665630619133,0.3,3,2,"poolMean",0,0
2,6,6.97135982782295,0.971359827822951,0.339236967939692,66.6915449991742,0.355568969349698,80.6366692641019,NA,NA,0,2460,460,60,0,"GSRS","GSRS_base","baseline","baseline",5,8005,0,"core",NA,NA,6,0.508665630619133,0.3,3,2,"poolMean",0,0
3,9,7.50086322101251,1.50086322101251,0.263998617311079,51.9002270685652,0.313359656988716,71.064353752592,NA,NA,0,3660,660,90,0,"GSRS","GSRS_base","baseline","baseline",5,8005,0,"core",NA,NA,6,0.508665630619133,0.3,3,2,"poolMean",0,0
4,12,8.16515599624488,2.16515599624488,0.221631792796164,43.5712144589758,0.273815142896899,62.0963667264369,NA,NA,0,4860,860,120,0,"GSRS","GSRS_base","baseline","baseline",5,8005,0,"core",NA,NA,6,0.508665630619133,0.3,3,2,"poolMean",0,0
5,15,8.77775621590065,2.77775621590065,0.15744414940628,30.9523859936524,0.210896587683034,47.827566114745,NA,NA,0,6060,1060,150,0,"GSRS","GSRS_base","baseline","baseline",5,8005,0,"core",NA,NA,6,0.508665630619133,0.3,3,2,"poolMean",0,0
6,18,9.3807146817541,3.3807146817541,0.113116848332254,22.2379578102362,0.169356591811948,38.4070395867551,NA,NA,0,7260,1260,180,0,"GSRS","GSRS_base","baseline","baseline",5,8005,0,"core",NA,NA,6,0.508665630619133,0.3,3,2,"poolMean",0,0
7,21,9.78873563365303,3.78873563365303,0.102752868964577,20.200474099166,0.135634098191257,30.7593824533844,NA,NA,0,8460,1460,210,0,"GSRS","GSRS_base","baseline","baseline",5,8005,0,"core",NA,NA,6,0.508665630619133,0.3,3,2,"poolMean",0,0
8,24,10.1266832447381,4.12668324473807,0.079609492828284,15.6506530097946,0.101198048521118,22.9499035973085,NA,NA,0,9660,1660,240,0,"GSRS","GSRS_base","baseline","baseline",5,8005,0,"core",NA,NA,6,0.508665630619133,0.3,3,2,"poolMean",0,0
9,27,10.5223204934669,4.52232049346686,0.0815443446266109,16.0310309401792,0.0751548602447273,17.0437752772056,NA,NA,0,10860,1860,270,0,"GSRS","GSRS_base","baseline","baseline",5,8005,0,"core",NA,NA,6,0.508665630619133,0.3,3,2,"poolMean",0,0
10,30,10.7319431239389,4.73194312393893,0.0587942869996167,11.5585334373887,0.0642705798088732,14.5754155570397,NA,NA,0,12060,2060,300,0,"GSRS","GSRS_base","baseline","baseline",5,8005,0,"core",NA,NA,6,0.508665630619133,0.3,3,2,"poolMean",0,0
11,33,10.8820535418882,4.88205354188824,0.067967342068296,13.3618900073056,0.0584703897613174,13.2600364130467,NA,NA,0,13260,2260,330,0,"GSRS","GSRS_base","baseline","baseline",5,8005,0,"core",NA,NA,6,0.508665630619133,0.3,3,2,"poolMean",0,0
12,36,11.1761263512075,5.17612635120755,0.0448036810489697,8.80808105600451,0.0434082631126569,9.84421605278475,NA,NA,0,14460,2460,360,0,"GSRS","GSRS_base","baseline","baseline",5,8005,0,"core",NA,NA,6,0.508665630619133,0.3,3,2,"poolMean",0,0
13,39,11.2600051119692,5.26000511196917,0.0325873192471422,6.40643229767221,0.0308635531935379,6.99930068626064,NA,NA,0,15660,2660,390,0,"GSRS","GSRS_base","baseline","baseline",5,8005,0,"core",NA,NA,6,0.508665630619133,0.3,3,2,"poolMean",0,0
14,42,11.3231351548972,5.32313515489716,0.0296604093372506,5.83102288651758,0.0296689893924762,6.72839502675595,NA,NA,0,16860,2860,420,0,"GSRS","GSRS_base","baseline","baseline",5,8005,0,"core",NA,NA,6,0.508665630619133,0.3,3,2,"poolMean",0,0
15,45,11.4451648174226,5.44516481742257,0.0186930794687956,3.67492481181458,0.019955423127773,4.52553229749604,NA,NA,0,18060,3060,450,0,"GSRS","GSRS_base","baseline","baseline",5,8005,0,"core",NA,NA,6,0.508665630619133,0.3,3,2,"poolMean",0,0
16,48,11.3729674816407,5.37296748164072,0.0208032459685574,4.08976835003306,0.017101670451999,3.87835233941704,NA,NA,0,19260,3260,480,0,"GSRS","GSRS_base","baseline","baseline",5,8005,0,"core",NA,NA,6,0.508665630619133,0.3,3,2,"poolMean",0,0
17,51,11.4737660728851,5.4737660728851,0.0289286461668342,5.68716351675325,0.0169835147794776,3.85155675063377,NA,NA,0,20460,3460,510,0,"GSRS","GSRS_base","baseline","baseline",5,8005,0,"core",NA,NA,6,0.508665630619133,0.3,3,2,"poolMean",0,0
18,54,11.6848290715096,5.68482907150957,0.0026173224820261,0.51454675222314,0.00411666279926691,0.933585338516547,NA,NA,0,21660,3660,540,0,"GSRS","GSRS_base","baseline","baseline",5,8005,0,"core",NA,NA,6,0.508665630619133,0.3,3,2,"poolMean",0,0
19,57,11.5146217237289,5.51462172372888,0.0132401120335627,2.60291068170798,0.0153021490127846,3.47025313044225,NA,NA,0,22860,3860,570,0,"GSRS","GSRS_base","baseline","baseline",5,8005,0,"core",NA,NA,6,0.508665630619133,0.3,3,2,"poolMean",0,0
20,60,11.4700298470803,5.47002984708029,0.013226802474276,2.60029411819641,0.016033362482386,3.63607923955841,NA,NA,0,24060,4060,600,0,"GSRS","GSRS_base","baseline","baseline",5,8005,0,"core",NA,NA,6,0.508665630619133,0.3,3,2,"poolMean",0,0
1,3,6.41638819671401,0.416388196714006,0.421526987828617,82.8691703262017,0.438500933017358,99.4441522059406,5.33279452068544,3.14005936669957,0,1460,360,40,0,"CB","CB_base","baseline","2 bridge lines per cycle (as specified)",5,8005,0,"core",3.03390678786912,2.96609321213088,6,0.508665630619133,0.3,3,2,"poolMean",0,0
2,6,7.45909461269929,1.45909461269929,0.423417529014349,83.2408371092378,0.367918886131025,83.4374090383188,6.77165105559378,3.15361262255975,54,3160,660,90,2,"CB","CB_base","baseline","2 bridge lines per cycle (as specified)",5,8005,0,"core",3.03390678786912,2.96609321213088,6,0.508665630619133,0.3,3,2,"poolMean",0,0
3,9,8.1452011141765,2.1452011141765,0.362811847261409,71.3261965074788,0.319767501358219,72.5175380056061,7.65485134554102,3.36339273811801,134,4860,960,140,4,"CB","CB_base","baseline","2 bridge lines per cycle (as specified)",5,8005,0,"core",3.03390678786912,2.96609321213088,6,0.508665630619133,0.3,3,2,"poolMean",0,0
4,12,9.31750186906673,3.31750186906673,0.210246995225768,41.3330452403206,0.28254309257939,64.0757092803945,8.22019611291529,3.33116414766449,83,6560,1260,190,6,"CB","CB_base","baseline","2 bridge lines per cycle (as specified)",5,8005,0,"core",3.03390678786912,2.96609321213088,6,0.508665630619133,0.3,3,2,"poolMean",0,0
5,15,10.0781368898107,4.07813688981071,0.201759365720761,39.6644384003664,0.256972609844634,58.2767821046712,8.60776925980968,3.16249880191129,54,8260,1560,240,8,"CB","CB_base","baseline","2 bridge lines per cycle (as specified)",5,8005,0,"core",3.03390678786912,2.96609321213088,6,0.508665630619133,0.3,3,2,"poolMean",0,0
6,18,10.6059255861216,4.60592558612164,0.182444021714865,35.8671808615809,0.230442861898935,52.2603107723447,8.66809912786536,2.99389192555446,19,9960,1860,290,10,"CB","CB_base","baseline","2 bridge lines per cycle (as specified)",5,8005,0,"core",3.03390678786912,2.96609321213088,6,0.508665630619133,0.3,3,2,"poolMean",0,0
7,21,11.2502444059914,5.25024440599137,0.165860040659221,32.6068896098487,0.186021329951648,42.1863035090302,9.25433362393844,2.93444643664492,45,11660,2160,340,12,"CB","CB_base","baseline","2 bridge lines per cycle (as specified)",5,8005,0,"core",3.03390678786912,2.96609321213088,6,0.508665630619133,0.3,3,2,"poolMean",0,0
8,24,11.7758912452261,5.77589124522614,0.132924584342953,26.132016071375,0.155004680267518,35.152283282704,9.40837493143431,2.9816470953492,62,13360,2460,390,14,"CB","CB_base","baseline","2 bridge lines per cycle (as specified)",5,8005,0,"core",3.03390678786912,2.96609321213088,6,0.508665630619133,0.3,3,2,"poolMean",0,0
9,27,12.1696938078029,6.16969380780286,0.089666732206601,17.6278338478386,0.124560001335092,28.2479757712368,9.70177678679047,2.89058822967436,105,15060,2760,440,16,"CB","CB_base","baseline","2 bridge lines per cycle (as specified)",5,8005,0,"core",3.03390678786912,2.96609321213088,6,0.508665630619133,0.3,3,2,"poolMean",0,0
10,30,12.521672406406,6.52167240640602,0.0914146348929141,17.9714589290507,0.109774851845362,24.8949688662638,10.0258464137008,2.83733269492607,71,16760,3060,490,18,"CB","CB_base","baseline","2 bridge lines per cycle (as specified)",5,8005,0,"core",3.03390678786912,2.96609321213088,6,0.508665630619133,0.3,3,2,"poolMean",0,0
11,33,12.835634929561,6.835634929561,0.0795384041273759,15.6366774831168,0.0964131539128654,21.8647752614616,10.0828322395043,2.89490338013331,63,18460,3360,540,20,"CB","CB_base","baseline","2 bridge lines per cycle (as specified)",5,8005,0,"core",3.03390678786912,2.96609321213088,6,0.508665630619133,0.3,3,2,"poolMean",0,0
12,36,13.1289128463445,7.12891284634451,0.061328182858824,12.0566791163337,0.0781768137984308,17.7291001796771,10.3716854852099,2.85375688120751,46,20160,3660,590,22,"CB","CB_base","baseline","2 bridge lines per cycle (as specified)",5,8005,0,"core",3.03390678786912,2.96609321213088,6,0.508665630619133,0.3,3,2,"poolMean",0,0
13,39,13.3012878547038,7.30128785470375,0.0487763938936498,9.58908779315021,0.0616322370127112,13.9770866987917,10.3494948442387,2.78326849116108,70,21860,3960,640,24,"CB","CB_base","baseline","2 bridge lines per cycle (as specified)",5,8005,0,"core",3.03390678786912,2.96609321213088,6,0.508665630619133,0.3,3,2,"poolMean",0,0
14,42,13.5041803871116,7.5041803871116,0.0300427384063027,5.90618602828258,0.042979323800056,9.74694030471305,10.5436998326183,2.81237152259653,82,23560,4260,690,26,"CB","CB_base","baseline","2 bridge lines per cycle (as specified)",5,8005,0,"core",3.03390678786912,2.96609321213088,6,0.508665630619133,0.3,3,2,"poolMean",0,0
15,45,13.6795486759914,7.67954867599143,0.0234627043570823,4.6125987180467,0.0355318794209903,8.05799340263711,10.4400846316099,2.89723504212734,13,25260,4560,740,28,"CB","CB_base","baseline","2 bridge lines per cycle (as specified)",5,8005,0,"core",3.03390678786912,2.96609321213088,6,0.508665630619133,0.3,3,2,"poolMean",0,0
16,48,13.7259897004808,7.72598970048085,0.029890047045061,5.87616800621652,0.031155229853038,7.0654477248146,10.6577227925842,3.12092658410717,78,26960,4860,790,30,"CB","CB_base","baseline","2 bridge lines per cycle (as specified)",5,8005,0,"core",3.03390678786912,2.96609321213088,6,0.508665630619133,0.3,3,2,"poolMean",0,0
17,51,13.8804100227901,7.8804100227901,0.0238337665304334,4.68554686925154,0.0223896056291758,5.07756126012758,10.6566776823984,3.0823889824583,9,28660,5160,840,31,"CB","CB_base","baseline","2 bridge lines per cycle (as specified)",5,8005,0,"core",3.03390678786912,2.96609321213088,6,0.508665630619133,0.3,3,2,"poolMean",0,0
18,54,14.0097874621021,8.00978746210211,0.0191013435161838,3.75518658355867,0.0188165626968148,4.26725916394025,10.6431100295303,3.00539880414088,1,30360,5460,890,32,"CB","CB_base","baseline","2 bridge lines per cycle (as specified)",5,8005,0,"core",3.03390678786912,2.96609321213088,6,0.508665630619133,0.3,3,2,"poolMean",0,0
19,57,14.0648699539746,8.06486995397463,0.012871014141386,2.53034869403695,0.0156911556821631,3.55847287075754,10.81374767729,3.09518908978604,2,32060,5760,940,33,"CB","CB_base","baseline","2 bridge lines per cycle (as specified)",5,8005,0,"core",3.03390678786912,2.96609321213088,6,0.508665630619133,0.3,3,2,"poolMean",0,0
20,60,14.1136310692026,8.11363106920261,0.0143626223472772,2.82358812601423,0.0135357079233816,3.06965595189424,10.6371163973333,3.04946440437541,5,33760,6060,990,35,"CB","CB_base","baseline","2 bridge lines per cycle (as specified)",5,8005,0,"core",3.03390678786912,2.96609321213088,6,0.508665630619133,0.3,3,2,"poolMean",0,0
1,3,6.41638819671401,0.416388196714006,0.421526987828617,82.8691703262017,0.438500933017358,99.4441522059406,5.03228639301095,3.05290206809752,0,1460,360,40,0,"CB","CB_nB1","inflow_rate","1 bridge line per cycle",5,8005,0,"core",2.99530715151263,3.00469284848737,6,0.508665630619133,0.3,3,1,"poolMean",0,0
2,6,6.90589210775354,0.905892107753544,0.379499023052172,74.6067751010142,0.360555471727779,81.7675186286607,6.43514226658266,3.17993862622253,21,3160,660,90,1,"CB","CB_nB1","inflow_rate","1 bridge line per cycle",5,8005,0,"core",2.99530715151263,3.00469284848737,6,0.508665630619133,0.3,3,1,"poolMean",0,0
3,9,7.62496643327459,1.62496643327459,0.250220939379148,49.191634802333,0.336261419923747,76.2580631101167,7.08938641741061,3.24790772304139,94,4860,960,140,2,"CB","CB_nB1","inflow_rate","1 bridge line per cycle",5,8005,0,"core",2.99530715151263,3.00469284848737,6,0.508665630619133,0.3,3,1,"poolMean",0,0
4,12,8.37866310544644,2.37866310544644,0.189236452389258,37.2025238188247,0.281641718641932,63.8712938270129,7.03634531165556,2.991793796897,47,6560,1260,190,3,"CB","CB_nB1","inflow_rate","1 bridge line per cycle",5,8005,0,"core",2.99530715151263,3.00469284848737,6,0.508665630619133,0.3,3,1,"poolMean",0,0
5,15,8.69720659917485,2.69720659917485,0.164356551071415,32.3113143837465,0.213204632587324,48.3509893311589,7.20521845556679,3.10034642077588,45,8260,1560,240,4,"CB","CB_nB1","inflow_rate","1 bridge line per cycle",5,8005,0,"core",2.99530715151263,3.00469284848737,6,0.508665630619133,0.3,3,1,"poolMean",0,0
6,18,9.10959814593371,3.10959814593371,0.127088183317893,24.9846216586728,0.181177640380991,41.0878415295122,7.40366573273812,3.10975991791465,15,9960,1860,290,5,"CB","CB_nB1","inflow_rate","1 bridge line per cycle",5,8005,0,"core",2.99530715151263,3.00469284848737,6,0.508665630619133,0.3,3,1,"poolMean",0,0
7,21,9.37972520847206,3.37972520847206,0.13637293313324,26.8099366114535,0.156219580266849,35.4278008274837,7.9670547140591,3.08177985621617,27,11660,2160,340,6,"CB","CB_nB1","inflow_rate","1 bridge line per cycle",5,8005,0,"core",2.99530715151263,3.00469284848737,6,0.508665630619133,0.3,3,1,"poolMean",0,0
8,24,9.78816540500111,3.78816540500111,0.143918963897581,28.2934319195907,0.133325436003097,30.2358192480528,8.2328059205514,3.07930884148086,112,13360,2460,390,7,"CB","CB_nB1","inflow_rate","1 bridge line per cycle",5,8005,0,"core",2.99530715151263,3.00469284848737,6,0.508665630619133,0.3,3,1,"poolMean",0,0
9,27,10.295620870508,4.29562087050799,0.0806371085133307,15.8526748534556,0.108860003274785,24.6874976076012,8.40051389972853,3.0839519631681,107,15060,2760,440,8,"CB","CB_nB1","inflow_rate","1 bridge line per cycle",5,8005,0,"core",2.99530715151263,3.00469284848737,6,0.508665630619133,0.3,3,1,"poolMean",0,0
10,30,10.5103688842411,4.51036888424107,0.0676531110887538,13.3001144595534,0.0873387886792711,19.8068718694382,8.51272890144728,2.97844823065568,94,16760,3060,490,9,"CB","CB_nB1","inflow_rate","1 bridge line per cycle",5,8005,0,"core",2.99530715151263,3.00469284848737,6,0.508665630619133,0.3,3,1,"poolMean",0,0
11,33,10.6302348018002,4.63023480180024,0.0851394539842411,16.7378035509519,0.0855209315242908,19.394614448765,8.6080790176076,3.03417766990393,94,18460,3360,540,10,"CB","CB_nB1","inflow_rate","1 bridge line per cycle",5,8005,0,"core",2.99530715151263,3.00469284848737,6,0.508665630619133,0.3,3,1,"poolMean",0,0
12,36,10.7480286150467,4.74802861504672,0.0671061590398283,13.1925876254208,0.0729410126152159,16.5417143143817,8.67254667160435,3.04067773011066,52,20160,3660,590,11,"CB","CB_nB1","inflow_rate","1 bridge line per cycle",5,8005,0,"core",2.99530715151263,3.00469284848737,6,0.508665630619133,0.3,3,1,"poolMean",0,0
13,39,10.989679995694,4.98967999569401,0.0795019457610206,15.6295100308337,0.066467871092276,15.0737218373113,8.76502234029159,3.03339941022654,91,21860,3960,640,12,"CB","CB_nB1","inflow_rate","1 bridge line per cycle",5,8005,0,"core",2.99530715151263,3.00469284848737,6,0.508665630619133,0.3,3,1,"poolMean",0,0
14,42,11.2819755452863,5.28197554528634,0.0549527840275983,10.8033216163458,0.0596895044387502,13.5365097712786,9.14077754327514,2.96737547142723,113,23560,4260,690,13,"CB","CB_nB1","inflow_rate","1 bridge line per cycle",5,8005,0,"core",2.99530715151263,3.00469284848737,6,0.508665630619133,0.3,3,1,"poolMean",0,0
15,45,11.4467670924174,5.44676709241736,0.044656408669263,8.77912836668532,0.0542280111915904,12.2979409910366,9.06236367144236,2.8732550579478,38,25260,4560,740,14,"CB","CB_nB1","inflow_rate","1 bridge line per cycle",5,8005,0,"core",2.99530715151263,3.00469284848737,6,0.508665630619133,0.3,3,1,"poolMean",0,0
16,48,11.4516069414988,5.45160694149878,0.0393641113709481,7.73870082848635,0.053711723463151,12.1808561878283,9.00928358289434,2.75354252626647,94,26960,4860,790,15,"CB","CB_nB1","inflow_rate","1 bridge line per cycle",5,8005,0,"core",2.99530715151263,3.00469284848737,6,0.508665630619133,0.3,3,1,"poolMean",0,0
17,51,11.5275635893702,5.52756358937021,0.0481082906331539,9.45774350325142,0.0629710456279842,14.2807044968103,8.89602508381987,2.58055621900945,28,28660,5160,840,16,"CB","CB_nB1","inflow_rate","1 bridge line per cycle",5,8005,0,"core",2.99530715151263,3.00469284848737,6,0.508665630619133,0.3,3,1,"poolMean",0,0
18,54,11.7373357975406,5.73733579754062,0.0243236120703176,4.78184697493944,0.0428431370496696,9.7160555906472,9.1893859204904,2.69862966195494,0,30360,5460,890,17,"CB","CB_nB1","inflow_rate","1 bridge line per cycle",5,8005,0,"core",2.99530715151263,3.00469284848737,6,0.508665630619133,0.3,3,1,"poolMean",0,0
19,57,11.8000054387079,5.80000543870791,0.0273627246526838,5.37931462351381,0.0267033403044131,6.0558389679275,9.21606771592072,2.74668431491757,13,32060,5760,940,18,"CB","CB_nB1","inflow_rate","1 bridge line per cycle",5,8005,0,"core",2.99530715151263,3.00469284848737,6,0.508665630619133,0.3,3,1,"poolMean",0,0
20,60,11.8737664361172,5.87376643611717,0.017631328134947,3.46619214541518,0.0240968977465651,5.46474451197017,9.22848686625323,2.57956941645493,34,33760,6060,990,19,"CB","CB_nB1","inflow_rate","1 bridge line per cycle",5,8005,0,"core",2.99530715151263,3.00469284848737,6,0.508665630619133,0.3,3,1,"poolMean",0,0
1,3,6.41638819671401,0.416388196714006,0.421526987828617,82.8691703262017,0.438500933017358,99.4441522059406,5.03228639301095,3.05290206809752,0,1460,360,40,0,"CB","CB_nB4","inflow_rate","4 bridge lines per cycle",5,8005,0,"core",2.99530715151263,3.00469284848737,6,0.508665630619133,0.3,3,4,"poolMean",0,0
2,6,6.90589210775354,0.905892107753544,0.379499023052172,74.6067751010142,0.360555471727779,81.7675186286607,6.43514226658266,3.17993862622253,21,3160,660,90,4,"CB","CB_nB4","inflow_rate","4 bridge lines per cycle",5,8005,0,"core",2.99530715151263,3.00469284848737,6,0.508665630619133,0.3,3,4,"poolMean",0,0
3,9,7.61810895357191,1.61810895357191,0.313619926953413,61.655419213538,0.369280635994802,83.7462295003142,7.0877924608965,3.24790772304139,104,4860,960,140,8,"CB","CB_nB4","inflow_rate","4 bridge lines per cycle",5,8005,0,"core",2.99530715151263,3.00469284848737,6,0.508665630619133,0.3,3,4,"poolMean",0,0
4,12,8.48587523717364,2.48587523717364,0.368285402454714,72.4022580425669,0.337386827410232,76.5132853569877,7.60425394908847,2.991793796897,99,6560,1260,190,12,"CB","CB_nB4","inflow_rate","4 bridge lines per cycle",5,8005,0,"core",2.99530715151263,3.00469284848737,6,0.508665630619133,0.3,3,4,"poolMean",0,0
5,15,9.28893665353458,3.28893665353458,0.282420993903072,55.5219336441737,0.278716131882417,63.2078231862482,8.03223077010366,3.10034642077588,104,8260,1560,240,16,"CB","CB_nB4","inflow_rate","4 bridge lines per cycle",5,8005,0,"core",2.99530715151263,3.00469284848737,6,0.508665630619133,0.3,3,4,"poolMean",0,0
6,18,10.1681408931074,4.16814089310739,0.245869429658347,48.3361593271168,0.227840639811759,51.6701734434907,8.44342228280341,3.10975991791465,13,9960,1860,290,19,"CB","CB_nB4","inflow_rate","4 bridge lines per cycle",5,8005,0,"core",2.99530715151263,3.00469284848737,6,0.508665630619133,0.3,3,4,"poolMean",0,0
7,21,10.7596566183621,4.75965661836206,0.198542939086077,39.0321120859722,0.209153901767454,47.4323561838481,9.0597129164962,3.08177985621617,56,11660,2160,340,23,"CB","CB_nB4","inflow_rate","4 bridge lines per cycle",5,8005,0,"core",2.99530715151263,3.00469284848737,6,0.508665630619133,0.3,3,4,"poolMean",0,0
8,24,11.3688399563094,5.36883995630936,0.194931266168792,38.3220831986481,0.175052011046195,39.6986585881328,9.52704484101409,3.07930884148086,96,13360,2460,390,27,"CB","CB_nB4","inflow_rate","4 bridge lines per cycle",5,8005,0,"core",2.99530715151263,3.00469284848737,6,0.508665630619133,0.3,3,4,"poolMean",0,0
9,27,12.0094757224092,6.00947572240925,0.111213050613952,21.8636848883592,0.138549735801545,31.4205968054264,9.75876107333226,3.0839519631681,105,15060,2760,440,31,"CB","CB_nB4","inflow_rate","4 bridge lines per cycle",5,8005,0,"core",2.99530715151263,3.00469284848737,6,0.508665630619133,0.3,3,4,"poolMean",0,0
10,30,12.4027915033227,6.40279150332272,0.081831766069611,16.0875359261069,0.119295920231803,27.0541765269392,9.90722666087283,2.97844823065568,84,16760,3060,490,35,"CB","CB_nB4","inflow_rate","4 bridge lines per cycle",5,8005,0,"core",2.99530715151263,3.00469284848737,6,0.508665630619133,0.3,3,4,"poolMean",0,0
11,33,12.6531751862326,6.65317518623263,0.0788554200709221,15.5024077358916,0.101911957415054,23.1118053388196,10.1177627270783,3.03417766990393,88,18460,3360,540,39,"CB","CB_nB4","inflow_rate","4 bridge lines per cycle",5,8005,0,"core",2.99530715151263,3.00469284848737,6,0.508665630619133,0.3,3,4,"poolMean",0,0
12,36,13.1316907812348,7.13169078123481,0.0668118171110724,13.134722121829,0.0932540557945962,21.1483484298356,10.4217941229783,3.04067773011066,64,20160,3660,590,43,"CB","CB_nB4","inflow_rate","4 bridge lines per cycle",5,8005,0,"core",2.99530715151263,3.00469284848737,6,0.508665630619133,0.3,3,4,"poolMean",0,0
13,39,13.3185491729646,7.31854917296464,0.0555393841911812,10.9186429843078,0.0892840443055888,20.2480209800043,10.3705827772358,3.03339941022654,98,21860,3960,640,47,"CB","CB_nB4","inflow_rate","4 bridge lines per cycle",5,8005,0,"core",2.99530715151263,3.00469284848737,6,0.508665630619133,0.3,3,4,"poolMean",0,0
14,42,13.7002458751662,7.70024587516621,0.0566407763434368,11.1351687501464,0.0664773390941418,15.0758690104362,10.8920360010766,2.96737547142723,77,23560,4260,690,51,"CB","CB_nB4","inflow_rate","4 bridge lines per cycle",5,8005,0,"core",2.99530715151263,3.00469284848737,6,0.508665630619133,0.3,3,4,"poolMean",0,0
15,45,13.8617466419563,7.86174664195629,0.0332564319617209,6.53797503897446,0.0531491304729484,12.0532701811972,10.7861917403737,2.8732550579478,54,25260,4560,740,54,"CB","CB_nB4","inflow_rate","4 bridge lines per cycle",5,8005,0,"core",2.99530715151263,3.00469284848737,6,0.508665630619133,0.3,3,4,"poolMean",0,0
16,48,13.9418483005704,7.94184830057038,0.0301727415665178,5.93174371340804,0.0462911649226007,10.4980065120435,10.8050100140317,2.75354252626647,108,26960,4860,790,58,"CB","CB_nB4","inflow_rate","4 bridge lines per cycle",5,8005,0,"core",2.99530715151263,3.00469284848737,6,0.508665630619133,0.3,3,4,"poolMean",0,0
17,51,14.1494954027157,8.14949540271569,0.0265753000321953,5.22451261349202,0.0447800032490943,10.1553021295605,10.6930535911933,2.58055621900945,27,28660,5160,840,59,"CB","CB_nB4","inflow_rate","4 bridge lines per cycle",5,8005,0,"core",2.99530715151263,3.00469284848737,6,0.508665630619133,0.3,3,4,"poolMean",0,0
18,54,14.3026368458776,8.30263684587764,0.0251091399515992,4.93627609969187,0.0311702646970165,7.06885735795427,10.8387350631689,2.69862966195494,0,30360,5460,890,60,"CB","CB_nB4","inflow_rate","4 bridge lines per cycle",5,8005,0,"core",2.99530715151263,3.00469284848737,6,0.508665630619133,0.3,3,4,"poolMean",0,0
19,57,14.4885944177273,8.48859441772727,0.0173917749600403,3.41909771628792,0.0160328161705971,3.63595534583643,11.0320258299467,2.74668431491757,0,32060,5760,940,61,"CB","CB_nB4","inflow_rate","4 bridge lines per cycle",5,8005,0,"core",2.99530715151263,3.00469284848737,6,0.508665630619133,0.3,3,4,"poolMean",0,0
20,60,14.6115797472682,8.61157974726822,0.0158804778467813,3.12198758690498,0.0135719225714824,3.07786878499597,11.1427046047483,2.57956941645493,4,33760,6060,990,62,"CB","CB_nB4","inflow_rate","4 bridge lines per cycle",5,8005,0,"core",2.99530715151263,3.00469284848737,6,0.508665630619133,0.3,3,4,"poolMean",0,0
1,3,6.41638819671401,0.416388196714006,0.421526987828617,82.8691703262017,0.438500933017358,99.4441522059406,5.03228639301095,3.05290206809752,0,1460,360,40,0,"CB","CB_nB8","inflow_rate","8 bridge lines per cycle",5,8005,0,"core",2.99530715151263,3.00469284848737,6,0.508665630619133,0.3,3,8,"poolMean",0,0
2,6,6.90589210775354,0.905892107753544,0.379499023052172,74.6067751010142,0.360555471727779,81.7675186286607,6.43514226658266,3.17993862622253,21,3160,660,90,6,"CB","CB_nB8","inflow_rate","8 bridge lines per cycle",5,8005,0,"core",2.99530715151263,3.00469284848737,6,0.508665630619133,0.3,3,8,"poolMean",0,0
3,9,7.55097071363286,1.55097071363286,0.378735401679205,74.4566526380443,0.387531184701102,87.8851268360685,7.19164016802702,3.24790772304139,139,4860,960,140,14,"CB","CB_nB8","inflow_rate","8 bridge lines per cycle",5,8005,0,"core",2.99530715151263,3.00469284848737,6,0.508665630619133,0.3,3,8,"poolMean",0,0
4,12,8.66724727549864,2.66724727549864,0.411175484912796,80.8341393957216,0.362606498268729,82.2326546868971,7.81096803281149,2.991793796897,113,6560,1260,190,22,"CB","CB_nB8","inflow_rate","8 bridge lines per cycle",5,8005,0,"core",2.99530715151263,3.00469284848737,6,0.508665630619133,0.3,3,8,"poolMean",0,0
5,15,9.34966451521016,3.34966451521016,0.390726438469981,76.8140041218041,0.325800673386333,73.885753286974,8.19698777680909,3.10034642077588,122,8260,1560,240,30,"CB","CB_nB8","inflow_rate","8 bridge lines per cycle",5,8005,0,"core",2.99530715151263,3.00469284848737,6,0.508665630619133,0.3,3,8,"poolMean",0,0
6,18,10.194308628161,4.19430862816099,0.300916458361248,59.1580087679565,0.258583830908813,58.6421781635599,8.57954375734315,3.10975991791465,59,9960,1860,290,35,"CB","CB_nB8","inflow_rate","8 bridge lines per cycle",5,8005,0,"core",2.99530715151263,3.00469284848737,6,0.508665630619133,0.3,3,8,"poolMean",0,0
7,21,10.6547815924789,4.65478159247895,0.22528948014929,44.2902894530291,0.217157021877155,49.2473203820658,8.97592100063045,3.08177985621617,74,11660,2160,340,41,"CB","CB_nB8","inflow_rate","8 bridge lines per cycle",5,8005,0,"core",2.99530715151263,3.00469284848737,6,0.508665630619133,0.3,3,8,"poolMean",0,0
8,24,11.223221810473,5.22322181047298,0.126630340389959,24.8946130360386,0.188127650714818,42.6639793058087,9.25561996066235,3.07930884148086,100,13360,2460,390,47,"CB","CB_nB8","inflow_rate","8 bridge lines per cycle",5,8005,0,"core",2.99530715151263,3.00469284848737,6,0.508665630619133,0.3,3,8,"poolMean",0,0
9,27,11.6297013040069,5.62970130400686,0.117480615646219,23.0958430399997,0.160750718898194,36.4553818559231,9.48226619133437,3.0839519631681,122,15060,2760,440,52,"CB","CB_nB8","inflow_rate","8 bridge lines per cycle",5,8005,0,"core",2.99530715151263,3.00469284848737,6,0.508665630619133,0.3,3,8,"poolMean",0,0
10,30,12.0414478559181,6.04144785591807,0.124276949026478,24.4319532411127,0.139221023863948,31.5728329062535,9.82475829169908,2.97844823065568,106,16760,3060,490,56,"CB","CB_nB8","inflow_rate","8 bridge lines per cycle",5,8005,0,"core",2.99530715151263,3.00469284848737,6,0.508665630619133,0.3,3,8,"poolMean",0,0
11,33,12.5769454167167,6.57694541671668,0.0795730887572293,15.6434962315766,0.109344810189844,24.7974431265762,9.86944906759453,3.03417766990393,74,18460,3360,540,60,"CB","CB_nB8","inflow_rate","8 bridge lines per cycle",5,8005,0,"core",2.99530715151263,3.00469284848737,6,0.508665630619133,0.3,3,8,"poolMean",0,0
12,36,12.7591455232043,6.75914552320428,0.0727783154536393,14.3076927303022,0.0909589311423871,20.6278552950197,10.0322554383707,3.04067773011066,54,20160,3660,590,64,"CB","CB_nB8","inflow_rate","8 bridge lines per cycle",5,8005,0,"core",2.99530715151263,3.00469284848737,6,0.508665630619133,0.3,3,8,"poolMean",0,0
13,39,12.9705726471465,6.97057264714652,0.0829988526779355,16.3169767489326,0.0978552369699858,22.191813851868,10.1161320956843,3.03339941022654,117,21860,3960,640,69,"CB","CB_nB8","inflow_rate","8 bridge lines per cycle",5,8005,0,"core",2.99530715151263,3.00469284848737,6,0.508665630619133,0.3,3,8,"poolMean",0,0
14,42,13.2215522930545,7.22155229305451,0.0942833286965916,18.5354234729468,0.0830133977225984,18.8259507259283,10.4916386287976,2.96737547142723,88,23560,4260,690,75,"CB","CB_nB8","inflow_rate","8 bridge lines per cycle",5,8005,0,"core",2.99530715151263,3.00469284848737,6,0.508665630619133,0.3,3,8,"poolMean",0,0
15,45,13.4666767664384,7.46667676643837,0.109709263902193,21.5680512498276,0.0755865165304295,17.1416671860795,10.6929928503045,2.8732550579478,43,25260,4560,740,79,"CB","CB_nB8","inflow_rate","8 bridge lines per cycle",5,8005,0,"core",2.99530715151263,3.00469284848737,6,0.508665630619133,0.3,3,8,"poolMean",0,0
16,48,13.5497574218754,7.54975742187545,0.0921155261142489,18.1092490959392,0.0768345697643499,17.4247032902471,10.6076076619027,2.75354252626647,100,26960,4860,790,83,"CB","CB_nB8","inflow_rate","8 bridge lines per cycle",5,8005,0,"core",2.99530715151263,3.00469284848737,6,0.508665630619133,0.3,3,8,"poolMean",0,0
17,51,13.9496298444481,7.9496298444481,0.0391288825751753,7.69245654115627,0.052352328779046,11.8725698383698,10.6156799182473,2.58055621900945,4,28660,5160,840,84,"CB","CB_nB8","inflow_rate","8 bridge lines per cycle",5,8005,0,"core",2.99530715151263,3.00469284848737,6,0.508665630619133,0.3,3,8,"poolMean",0,0
18,54,14.1314865559272,8.13148655592721,0.0279941507180706,5.5034484409723,0.041883155319286,9.49834894027751,10.8056515494096,2.69862966195494,1,30360,5460,890,85,"CB","CB_nB8","inflow_rate","8 bridge lines per cycle",5,8005,0,"core",2.99530715151263,3.00469284848737,6,0.508665630619133,0.3,3,8,"poolMean",0,0
19,57,14.2269410836733,8.22694108367334,0.0338043522523643,6.64569222245635,0.0365166853267317,8.28132973104574,10.8235704979825,2.74668431491757,5,32060,5760,940,87,"CB","CB_nB8","inflow_rate","8 bridge lines per cycle",5,8005,0,"core",2.99530715151263,3.00469284848737,6,0.508665630619133,0.3,3,8,"poolMean",0,0
20,60,14.3880123665336,8.38801236653355,0.0220735149685295,4.33949408802444,0.0305003840108658,6.91694042483623,10.7917441327743,2.57956941645493,21,33760,6060,990,89,"CB","CB_nB8","inflow_rate","8 bridge lines per cycle",5,8005,0,"core",2.99530715151263,3.00469284848737,6,0.508665630619133,0.3,3,8,"poolMean",0,0
1,3,6.41638819671401,0.416388196714006,0.421526987828617,82.8691703262017,0.438500933017358,99.4441522059406,6.75043274413349,2.8205022803464,193,1760,360,50,2,"CB","CB_noRecurrent","mechanism","bridge pool rebuilt each cycle (not recurrent)",5,8005,0,"core",2.99530715151263,3.00469284848737,6,0.508665630619133,0.3,3,2,"poolMean",0,0
2,6,7.35690744993694,1.35690744993694,0.299122953718076,58.8054186704127,0.376891957387211,85.4723407717926,7.53797327217937,2.87510590425594,84,3460,660,100,4,"CB","CB_noRecurrent","mechanism","bridge pool rebuilt each cycle (not recurrent)",5,8005,0,"core",2.99530715151263,3.00469284848737,6,0.508665630619133,0.3,3,2,"poolMean",0,0
3,9,7.9020213801919,1.9020213801919,0.352019971514644,69.2045914496279,0.34330932864322,77.8564024856115,8.31544506227094,2.83677309013882,67,5160,960,150,6,"CB","CB_noRecurrent","mechanism","bridge pool rebuilt each cycle (not recurrent)",5,8005,0,"core",2.99530715151263,3.00469284848737,6,0.508665630619133,0.3,3,2,"poolMean",0,0
4,12,8.68414744466896,2.68414744466896,0.306160017707085,60.1888547756678,0.29696153205342,67.345552926476,9.17945752913826,2.97243920459825,86,6860,1260,200,8,"CB","CB_noRecurrent","mechanism","bridge pool rebuilt each cycle (not recurrent)",5,8005,0,"core",2.99530715151263,3.00469284848737,6,0.508665630619133,0.3,3,2,"poolMean",0,0
5,15,9.48829077485258,3.48829077485258,0.272997909938733,53.6694231938667,0.292456728989594,66.3239443327283,9.44950633068676,2.84882289920551,15,8560,1560,250,10,"CB","CB_noRecurrent","mechanism","bridge pool rebuilt each cycle (not recurrent)",5,8005,0,"core",2.99530715151263,3.00469284848737,6,0.508665630619133,0.3,3,2,"poolMean",0,0
6,18,10.1733009620295,4.17330096202945,0.215745232819771,42.413959157644,0.278506133711913,63.1601993650471,9.99830927682497,2.84310441550577,26,10260,1860,300,12,"CB","CB_noRecurrent","mechanism","bridge pool rebuilt each cycle (not recurrent)",5,8005,0,"core",2.99530715151263,3.00469284848737,6,0.508665630619133,0.3,3,2,"poolMean",0,0
7,21,10.8264227153505,4.82642271535053,0.193330475400552,38.0073792611536,0.243293412602223,55.1745853470293,10.5952565526471,2.89708325155499,3,11960,2160,350,14,"CB","CB_noRecurrent","mechanism","bridge pool rebuilt each cycle (not recurrent)",5,8005,0,"core",2.99530715151263,3.00469284848737,6,0.508665630619133,0.3,3,2,"poolMean",0,0
8,24,11.3887548988563,5.38875489885632,0.196229727228113,38.5773512924921,0.222237239683602,50.3994227260842,10.9704902142946,2.88879403780521,4,13660,2460,400,16,"CB","CB_noRecurrent","mechanism","bridge pool rebuilt each cycle (not recurrent)",5,8005,0,"core",2.99530715151263,3.00469284848737,6,0.508665630619133,0.3,3,2,"poolMean",0,0
9,27,11.9220968866982,5.92209688669816,0.215475850623824,42.3610005577835,0.204550431409772,46.3883716163016,11.3671789355177,2.84979005717307,3,15360,2760,450,18,"CB","CB_noRecurrent","mechanism","bridge pool rebuilt each cycle (not recurrent)",5,8005,0,"core",2.99530715151263,3.00469284848737,6,0.508665630619133,0.3,3,2,"poolMean",0,0
10,30,12.4138258760783,6.41382587607829,0.155300080608833,30.5308775078446,0.174272563678476,39.5218938954363,11.4510094081793,2.91448600980572,0,17060,3060,500,20,"CB","CB_noRecurrent","mechanism","bridge pool rebuilt each cycle (not recurrent)",5,8005,0,"core",2.99530715151263,3.00469284848737,6,0.508665630619133,0.3,3,2,"poolMean",0,0
11,33,12.7846594002825,6.78465940028248,0.115434520085024,22.6935953869187,0.156545335365717,35.5016762452865,12.0138337412968,3.13404289054548,0,18760,3360,550,22,"CB","CB_noRecurrent","mechanism","bridge pool rebuilt each cycle (not recurrent)",5,8005,0,"core",2.99530715151263,3.00469284848737,6,0.508665630619133,0.3,3,2,"poolMean",0,0
12,36,12.8880460040595,6.88804600405954,0.248629065865409,48.8786839328589,0.169212830109676,38.37443700937,12.0863057106183,3.10375807856401,0,20460,3660,600,24,"CB","CB_noRecurrent","mechanism","bridge pool rebuilt each cycle (not recurrent)",5,8005,0,"core",2.99530715151263,3.00469284848737,6,0.508665630619133,0.3,3,2,"poolMean",0,0
13,39,13.2102076770008,7.2102076770008,0.277208606234067,54.4972157636554,0.141242782109351,32.0313314396454,12.2627286680244,3.0068088944169,0,22160,3960,650,26,"CB","CB_noRecurrent","mechanism","bridge pool rebuilt each cycle (not recurrent)",5,8005,0,"core",2.99530715151263,3.00469284848737,6,0.508665630619133,0.3,3,2,"poolMean",0,0
14,42,13.5178312523441,7.51783125234411,0.148544975752742,29.20287253769,0.0977409681978474,22.1658997424254,12.4697361517559,3.05065333702409,0,23860,4260,700,28,"CB","CB_noRecurrent","mechanism","bridge pool rebuilt each cycle (not recurrent)",5,8005,0,"core",2.99530715151263,3.00469284848737,6,0.508665630619133,0.3,3,2,"poolMean",0,0
15,45,13.5362169486782,7.53621694867815,0.273151745343771,53.6996661267047,0.110156683976939,24.9815615499973,12.5867256955428,2.98508847500659,0,25560,4560,750,30,"CB","CB_noRecurrent","mechanism","bridge pool rebuilt each cycle (not recurrent)",5,8005,0,"core",2.99530715151263,3.00469284848737,6,0.508665630619133,0.3,3,2,"poolMean",0,0
16,48,13.7663816774397,7.76638167743975,0.157642980918394,30.9914748371176,0.081887570037939,18.5706331856427,12.4891791033176,2.89735826300948,0,27260,4860,800,32,"CB","CB_noRecurrent","mechanism","bridge pool rebuilt each cycle (not recurrent)",5,8005,0,"core",2.99530715151263,3.00469284848737,6,0.508665630619133,0.3,3,2,"poolMean",0,0
17,51,13.9175563809072,7.91755638090725,0.186065941059611,36.5792241227576,0.07794973347738,17.6776024329012,12.6776274714473,2.92657384679099,0,28960,5160,850,34,"CB","CB_noRecurrent","mechanism","bridge pool rebuilt each cycle (not recurrent)",5,8005,0,"core",2.99530715151263,3.00469284848737,6,0.508665630619133,0.3,3,2,"poolMean",0,0
18,54,13.8882197672512,7.88821976725123,0.232957060029932,45.7976804421372,0.0755896744743478,17.1423833511592,12.8292065417792,2.9651736462867,0,30660,5460,900,36,"CB","CB_noRecurrent","mechanism","bridge pool rebuilt each cycle (not recurrent)",5,8005,0,"core",2.99530715151263,3.00469284848737,6,0.508665630619133,0.3,3,2,"poolMean",0,0
19,57,13.9518206867192,7.95182068671918,0.307220290879884,60.3972968462494,0.0814582131081377,18.473262729475,12.7429543212688,2.99620608454817,0,32360,5760,950,38,"CB","CB_noRecurrent","mechanism","bridge pool rebuilt each cycle (not recurrent)",5,8005,0,"core",2.99530715151263,3.00469284848737,6,0.508665630619133,0.3,3,2,"poolMean",0,0
20,60,13.9864575239263,7.9864575239263,0.215990905032806,42.4622565456032,0.0641020663341114,14.5371997212885,12.676802804817,3.01867452009631,0,34060,6060,1000,40,"CB","CB_noRecurrent","mechanism","bridge pool rebuilt each cycle (not recurrent)",5,8005,0,"core",2.99530715151263,3.00469284848737,6,0.508665630619133,0.3,3,2,"poolMean",0,0
1,3,6.41638819671401,0.416388196714006,0.421526987828617,82.8691703262017,0.438500933017358,99.4441522059406,5.38311172564738,3.21744173685231,0,1460,360,40,0,"CB","CB_noWithinFam","mechanism","bridge pool selected across families",5,8005,0,"core",3.16569960175574,2.83430039824426,6,0.508665630619133,0.3,3,2,"poolMean",0,0
2,6,7.09681003633912,1.09681003633912,0.379355229421317,74.5785063086682,0.360916550565915,81.8494048374104,7.20404028897004,3.27636310000316,49,3160,660,90,2,"CB","CB_noWithinFam","mechanism","bridge pool selected across families",5,8005,0,"core",3.16569960175574,2.83430039824426,6,0.508665630619133,0.3,3,2,"poolMean",0,0
3,9,7.83903895000053,1.83903895000053,0.332959670181821,65.4574734637669,0.308658407517061,69.9981946345249,8.36890304065284,3.30258757291589,195,4860,960,140,4,"CB","CB_noWithinFam","mechanism","bridge pool selected across families",5,8005,0,"core",3.16569960175574,2.83430039824426,6,0.508665630619133,0.3,3,2,"poolMean",0,0
4,12,8.85120861484002,2.85120861484002,0.223468119565059,43.9322230780681,0.261415473533713,59.2843439583867,9.1051122991322,3.31990864350202,237,6560,1260,190,6,"CB","CB_noWithinFam","mechanism","bridge pool selected across families",5,8005,0,"core",3.16569960175574,2.83430039824426,6,0.508665630619133,0.3,3,2,"poolMean",0,0
5,15,9.74317727855725,3.74317727855725,0.151233034886543,29.7313256062664,0.235234327006193,53.3469291796006,9.84313373182466,3.30027425312822,128,8260,1560,240,8,"CB","CB_noWithinFam","mechanism","bridge pool selected across families",5,8005,0,"core",3.16569960175574,2.83430039824426,6,0.508665630619133,0.3,3,2,"poolMean",0,0
6,18,10.1499222407384,4.14992224073842,0.131561611274452,25.8640653810873,0.19242194730037,43.6378488032635,10.3053860391905,3.44458515703304,242,9960,1860,290,10,"CB","CB_noWithinFam","mechanism","bridge pool selected across families",5,8005,0,"core",3.16569960175574,2.83430039824426,6,0.508665630619133,0.3,3,2,"poolMean",0,0
7,21,10.4487198947369,4.44871989473691,0.0901675361391421,17.7262882946097,0.163028127434247,36.9718572931267,10.9087573694565,3.45832250497027,232,11660,2160,340,12,"CB","CB_noWithinFam","mechanism","bridge pool selected across families",5,8005,0,"core",3.16569960175574,2.83430039824426,6,0.508665630619133,0.3,3,2,"poolMean",0,0
8,24,10.8346572270111,4.83465722701107,0.108599768260577,21.3499323963351,0.118890908924567,26.9623272216144,11.4479034113211,3.43104612702439,287,13360,2460,390,14,"CB","CB_noWithinFam","mechanism","bridge pool selected across families",5,8005,0,"core",3.16569960175574,2.83430039824426,6,0.508665630619133,0.3,3,2,"poolMean",0,0
9,27,11.5092538161438,5.50925381614379,0.0963354163243443,18.9388491231632,0.109793516097919,24.8992015842179,11.779165938694,3.47189748601848,287,15060,2760,440,16,"CB","CB_noWithinFam","mechanism","bridge pool selected across families",5,8005,0,"core",3.16569960175574,2.83430039824426,6,0.508665630619133,0.3,3,2,"poolMean",0,0
10,30,11.8771102825215,5.87711028252148,0.0530148700230442,10.4223416782683,0.0860400699407195,19.5123457369154,12.0368514383197,3.16426568112141,238,16760,3060,490,18,"CB","CB_noWithinFam","mechanism","bridge pool selected across families",5,8005,0,"core",3.16569960175574,2.83430039824426,6,0.508665630619133,0.3,3,2,"poolMean",0,0
11,33,12.0473939787065,6.0473939787065,0.0548424434307407,10.7816294495832,0.073177500327878,16.5953454889632,12.2153323532603,3.14901846934259,285,18460,3360,540,20,"CB","CB_noWithinFam","mechanism","bridge pool selected across families",5,8005,0,"core",3.16569960175574,2.83430039824426,6,0.508665630619133,0.3,3,2,"poolMean",0,0
12,36,12.2993347066981,6.29933470669813,0.0388065636686239,7.62909096519648,0.0646021112283639,14.650600940829,12.3816225069945,3.12948585658294,279,20160,3660,590,22,"CB","CB_noWithinFam","mechanism","bridge pool selected across families",5,8005,0,"core",3.16569960175574,2.83430039824426,6,0.508665630619133,0.3,3,2,"poolMean",0,0
13,39,12.3385571501994,6.33855715019936,0.0358528769279299,7.04841742193016,0.0547868758740302,12.4246814842909,12.4118937140561,3.22889574888462,262,21860,3960,640,24,"CB","CB_noWithinFam","mechanism","bridge pool selected across families",5,8005,0,"core",3.16569960175574,2.83430039824426,6,0.508665630619133,0.3,3,2,"poolMean",0,0
14,42,12.4478521500202,6.44785215002018,0.0269156336594679,5.29141975381882,0.0509523243183884,11.555073919452,12.5180320672369,3.10386246527259,263,23560,4260,690,26,"CB","CB_noWithinFam","mechanism","bridge pool selected across families",5,8005,0,"core",3.16569960175574,2.83430039824426,6,0.508665630619133,0.3,3,2,"poolMean",0,0
15,45,12.4495067253675,6.44950672536748,0.0257057439768857,5.05356415482552,0.0449593435330548,10.1959732915854,12.6301429892625,3.17448868293629,227,25260,4560,740,28,"CB","CB_noWithinFam","mechanism","bridge pool selected across families",5,8005,0,"core",3.16569960175574,2.83430039824426,6,0.508665630619133,0.3,3,2,"poolMean",0,0
16,48,12.4795815851769,6.47958158517687,0.029298563018606,5.75988650598324,0.0461009965215133,10.4548797271303,12.5817309769374,3.23144534088095,231,26960,4860,790,30,"CB","CB_noWithinFam","mechanism","bridge pool selected across families",5,8005,0,"core",3.16569960175574,2.83430039824426,6,0.508665630619133,0.3,3,2,"poolMean",0,0
17,51,12.6031348526577,6.60313485265774,0.0376265520240216,7.39710917331365,0.0432198555263555,9.80148858910529,12.6906069346433,3.24198589985551,252,28660,5160,840,32,"CB","CB_noWithinFam","mechanism","bridge pool selected across families",5,8005,0,"core",3.16569960175574,2.83430039824426,6,0.508665630619133,0.3,3,2,"poolMean",0,0
18,54,12.783609126734,6.78360912673399,0.0229801402509363,4.51773008979701,0.0315027984255602,7.14427004747209,12.8594663992247,3.15824022994898,265,30360,5460,890,34,"CB","CB_noWithinFam","mechanism","bridge pool selected across families",5,8005,0,"core",3.16569960175574,2.83430039824426,6,0.508665630619133,0.3,3,2,"poolMean",0,0
19,57,12.9246664069202,6.92466640692024,0.0172237454904613,3.38606433257483,0.0210378050012023,4.7709971064888,12.8589233021063,3.24114818823563,223,32060,5760,940,36,"CB","CB_noWithinFam","mechanism","bridge pool selected across families",5,8005,0,"core",3.16569960175574,2.83430039824426,6,0.508665630619133,0.3,3,2,"poolMean",0,0
20,60,12.819956779416,6.81995677941604,0.0150767553254486,2.96398152694092,0.0269846602974651,6.11963730015712,12.8464876028175,3.25084712078999,262,33760,6060,990,38,"CB","CB_noWithinFam","mechanism","bridge pool selected across families",5,8005,0,"core",3.16569960175574,2.83430039824426,6,0.508665630619133,0.3,3,2,"poolMean",0,0
1,3,6.41638819671401,0.416388196714006,0.421526987828617,82.8691703262017,0.438500933017358,99.4441522059406,5.07801158550628,2.95010694408118,0,1460,360,40,0,"CB","CB_noDistinctFam","mechanism","highest-ranking eligible lines admitted",5,8005,0,"core",2.90819663968956,3.09180336031044,6,0.508665630619133,0.3,3,2,"poolMean",0,0
2,6,7.30971240145826,1.30971240145826,0.328457944754119,64.5724666623004,0.36934128943542,83.7599846135341,6.38812683425516,2.75826788554554,18,3160,660,90,2,"CB","CB_noDistinctFam","mechanism","highest-ranking eligible lines admitted",5,8005,0,"core",2.90819663968956,3.09180336031044,6,0.508665630619133,0.3,3,2,"poolMean",0,0
3,9,7.90156463849857,1.90156463849857,0.258594924350602,50.8378999453625,0.339646776115641,77.0258012175398,6.95506261707166,2.69254901964324,75,4860,960,140,4,"CB","CB_noDistinctFam","mechanism","highest-ranking eligible lines admitted",5,8005,0,"core",2.90819663968956,3.09180336031044,6,0.508665630619133,0.3,3,2,"poolMean",0,0
4,12,8.60017372542047,2.60017372542047,0.204579860397254,40.2189273429473,0.317614834309373,72.0293517019167,7.28067814467395,2.71306074479333,63,6560,1260,190,6,"CB","CB_noDistinctFam","mechanism","highest-ranking eligible lines admitted",5,8005,0,"core",2.90819663968956,3.09180336031044,6,0.508665630619133,0.3,3,2,"poolMean",0,0
5,15,9.29776340234114,3.29776340234114,0.28163483848162,55.3673811495427,0.281770299840303,63.9004537381987,7.89758352055547,2.70163796490351,71,8260,1560,240,8,"CB","CB_noDistinctFam","mechanism","highest-ranking eligible lines admitted",5,8005,0,"core",2.90819663968956,3.09180336031044,6,0.508665630619133,0.3,3,2,"poolMean",0,0
6,18,10.2969029713596,4.29690297135961,0.220872546518432,43.4219521082233,0.245848044509274,55.7539300760058,8.53282884520203,2.63301340365419,25,9960,1860,290,10,"CB","CB_noDistinctFam","mechanism","highest-ranking eligible lines admitted",5,8005,0,"core",2.90819663968956,3.09180336031044,6,0.508665630619133,0.3,3,2,"poolMean",0,0
7,21,10.9315631857815,4.93156318578155,0.149269552847851,29.3453191767969,0.209932799395752,47.6089962054972,8.86600196720251,2.49452839015059,42,11660,2160,340,12,"CB","CB_noDistinctFam","mechanism","highest-ranking eligible lines admitted",5,8005,0,"core",2.90819663968956,3.09180336031044,6,0.508665630619133,0.3,3,2,"poolMean",0,0
8,24,11.3782384900305,5.37823849003054,0.123732888435094,24.3249948467109,0.178099383855099,40.3897481220857,9.01542829061203,2.43236227729535,64,13360,2460,390,14,"CB","CB_noDistinctFam","mechanism","highest-ranking eligible lines admitted",5,8005,0,"core",2.90819663968956,3.09180336031044,6,0.508665630619133,0.3,3,2,"poolMean",0,0
9,27,11.7914729507509,5.79147295075093,0.0995690298618415,19.574554258885,0.152170157165209,34.5094642472288,9.2709273795118,2.41111091548166,100,15060,2760,440,16,"CB","CB_noDistinctFam","mechanism","highest-ranking eligible lines admitted",5,8005,0,"core",2.90819663968956,3.09180336031044,6,0.508665630619133,0.3,3,2,"poolMean",0,0
10,30,12.086842511796,6.08684251179599,0.112343679028667,22.0859582928624,0.134393845389514,30.4781153474249,9.55537012413581,2.4010784073264,77,16760,3060,490,18,"CB","CB_noDistinctFam","mechanism","highest-ranking eligible lines admitted",5,8005,0,"core",2.90819663968956,3.09180336031044,6,0.508665630619133,0.3,3,2,"poolMean",0,0
11,33,12.5124446272519,6.51244462725186,0.0866968817236435,17.0439826292409,0.127086599264503,28.8209628965471,9.81756925282214,2.39841348248555,59,18460,3360,540,20,"CB","CB_noDistinctFam","mechanism","highest-ranking eligible lines admitted",5,8005,0,"core",2.90819663968956,3.09180336031044,6,0.508665630619133,0.3,3,2,"poolMean",0,0
12,36,12.6632812440202,6.66328124402023,0.0889758051297146,17.4920025599952,0.117120210702482,26.5607646016763,9.70785820661086,2.4206094089853,28,20160,3660,590,22,"CB","CB_noDistinctFam","mechanism","highest-ranking eligible lines admitted",5,8005,0,"core",2.90819663968956,3.09180336031044,6,0.508665630619133,0.3,3,2,"poolMean",0,0
13,39,12.9080137066166,6.90801370661656,0.0991372357978924,19.4896666553283,0.108739164261982,24.6600934853365,10.1798057416609,2.37338614828541,76,21860,3960,640,24,"CB","CB_noDistinctFam","mechanism","highest-ranking eligible lines admitted",5,8005,0,"core",2.90819663968956,3.09180336031044,6,0.508665630619133,0.3,3,2,"poolMean",0,0
14,42,13.2762330068797,7.27623300687973,0.0542596287399618,10.6670522783147,0.0850307100228985,19.2834409986571,10.385293048409,2.39662118506771,83,23560,4260,690,26,"CB","CB_noDistinctFam","mechanism","highest-ranking eligible lines admitted",5,8005,0,"core",2.90819663968956,3.09180336031044,6,0.508665630619133,0.3,3,2,"poolMean",0,0
15,45,13.3422228404074,7.34222284040737,0.0547310156490242,10.7597235501064,0.0646334769942049,14.6577141343424,10.1217986185018,2.48800314855088,56,25260,4560,740,28,"CB","CB_noDistinctFam","mechanism","highest-ranking eligible lines admitted",5,8005,0,"core",2.90819663968956,3.09180336031044,6,0.508665630619133,0.3,3,2,"poolMean",0,0
16,48,13.5134990504879,7.51349905048792,0.0537328229757784,10.5634860586858,0.0641381207486043,14.5453762162798,10.414243427402,2.42136071082137,79,26960,4860,790,30,"CB","CB_noDistinctFam","mechanism","highest-ranking eligible lines admitted",5,8005,0,"core",2.90819663968956,3.09180336031044,6,0.508665630619133,0.3,3,2,"poolMean",0,0
17,51,13.8213013841762,7.82130138417619,0.0348395629074513,6.84920718253474,0.0527653579121259,11.9662374428897,10.3120974962409,2.41254674689905,22,28660,5160,840,32,"CB","CB_noDistinctFam","mechanism","highest-ranking eligible lines admitted",5,8005,0,"core",2.90819663968956,3.09180336031044,6,0.508665630619133,0.3,3,2,"poolMean",0,0
18,54,13.9040940773031,7.90409407730311,0.0368638721685407,7.24717180590147,0.0443220405475404,10.0514443970704,10.4731276178743,2.45225155383038,0,30360,5460,890,34,"CB","CB_noDistinctFam","mechanism","highest-ranking eligible lines admitted",5,8005,0,"core",2.90819663968956,3.09180336031044,6,0.508665630619133,0.3,3,2,"poolMean",0,0
19,57,14.1643277052786,8.1643277052786,0.0298342224560019,5.865193294009,0.0400073064509548,9.07294003842169,10.6858568957609,2.39158117660018,0,32060,5760,940,36,"CB","CB_noDistinctFam","mechanism","highest-ranking eligible lines admitted",5,8005,0,"core",2.90819663968956,3.09180336031044,6,0.508665630619133,0.3,3,2,"poolMean",0,0
20,60,14.2593795381204,8.25937953812042,0.0268433110653548,5.27720165262235,0.0299609760136326,6.79461235905803,10.7244461562185,2.4090628284352,6,33760,6060,990,38,"CB","CB_noDistinctFam","mechanism","highest-ranking eligible lines admitted",5,8005,0,"core",2.90819663968956,3.09180336031044,6,0.508665630619133,0.3,3,2,"poolMean",0,0
1,3,6.29626424755208,0.296264247552079,0.317922136883207,60.6485942389353,0.373441016827574,95.9828681362663,NA,NA,0,1260,260,30,0,"GSRS","GSRS_base","baseline","baseline",6,8006,0,"core",NA,NA,11,0.524203637153896,0.3,3,2,"poolMean",0,0
2,6,7.24384615181597,1.24384615181597,0.214570587460734,40.9326781145054,0.267436594896782,68.7373112917642,NA,NA,0,2460,460,60,0,"GSRS","GSRS_base","baseline","baseline",6,8006,0,"core",NA,NA,11,0.524203637153896,0.3,3,2,"poolMean",0,0
3,9,7.46489207873521,1.46489207873521,0.187058399827219,35.6843002545407,0.233999079798685,60.1431064298303,NA,NA,0,3660,660,90,0,"GSRS","GSRS_base","baseline","baseline",6,8006,0,"core",NA,NA,11,0.524203637153896,0.3,3,2,"poolMean",0,0
4,12,7.93296934070039,1.93296934070039,0.120409938256464,22.9700692101672,0.209293437671851,53.7931922971345,NA,NA,0,4860,860,120,0,"GSRS","GSRS_base","baseline","baseline",6,8006,0,"core",NA,NA,11,0.524203637153896,0.3,3,2,"poolMean",0,0
5,15,8.40730065662891,2.40730065662891,0.1018306662476,19.4257839950287,0.182296317324131,46.8543159401473,NA,NA,0,6060,1060,150,0,"GSRS","GSRS_base","baseline","baseline",6,8006,0,"core",NA,NA,11,0.524203637153896,0.3,3,2,"poolMean",0,0
6,18,8.65124048566531,2.65124048566531,0.108741583402798,20.7441489710368,0.160388545155239,41.2235182706533,NA,NA,0,7260,1260,180,0,"GSRS","GSRS_base","baseline","baseline",6,8006,0,"core",NA,NA,11,0.524203637153896,0.3,3,2,"poolMean",0,0
7,21,9.10787614271668,3.10787614271668,0.147440061225905,28.1264857348975,0.135810819541501,34.9064816025524,NA,NA,0,8460,1460,210,0,"GSRS","GSRS_base","baseline","baseline",6,8006,0,"core",NA,NA,11,0.524203637153896,0.3,3,2,"poolMean",0,0
8,24,9.57220885254178,3.57220885254178,0.0589713659473379,11.2497056043938,0.110833608744362,28.4867681208368,NA,NA,0,9660,1660,240,0,"GSRS","GSRS_base","baseline","baseline",6,8006,0,"core",NA,NA,11,0.524203637153896,0.3,3,2,"poolMean",0,0
9,27,9.73940814546215,3.73940814546215,0.0630851166122457,12.03446755058,0.0828118492227637,21.2845361004865,NA,NA,0,10860,1860,270,0,"GSRS","GSRS_base","baseline","baseline",6,8006,0,"core",NA,NA,11,0.524203637153896,0.3,3,2,"poolMean",0,0
10,30,10.0614368975809,4.06143689758088,0.0535588184026386,10.2171779450883,0.0710465386257511,18.2605826386827,NA,NA,0,12060,2060,300,0,"GSRS","GSRS_base","baseline","baseline",6,8006,0,"core",NA,NA,11,0.524203637153896,0.3,3,2,"poolMean",0,0
11,33,10.3229322895806,4.3229322895806,0.0492738100370115,9.39974592784934,0.0645366623771157,16.5873958022065,NA,NA,0,13260,2260,330,0,"GSRS","GSRS_base","baseline","baseline",6,8006,0,"core",NA,NA,11,0.524203637153896,0.3,3,2,"poolMean",0,0
12,36,10.5948608692897,4.59486086928968,0.0258275536689236,4.9270077195861,0.0458880670928152,11.7942810091251,NA,NA,0,14460,2460,360,0,"GSRS","GSRS_base","baseline","baseline",6,8006,0,"core",NA,NA,11,0.524203637153896,0.3,3,2,"poolMean",0,0
13,39,10.6988639235053,4.69886392350529,0.0219536804398913,4.18800612660497,0.0434754452699654,11.1741821130464,NA,NA,0,15660,2660,390,0,"GSRS","GSRS_base","baseline","baseline",6,8006,0,"core",NA,NA,11,0.524203637153896,0.3,3,2,"poolMean",0,0
14,42,10.8121285922717,4.8121285922717,0.0348117281984297,6.64087879806329,0.0466922889425556,12.0009843873766,NA,NA,0,16860,2860,420,0,"GSRS","GSRS_base","baseline","baseline",6,8006,0,"core",NA,NA,11,0.524203637153896,0.3,3,2,"poolMean",0,0
15,45,11.0085582604675,5.00855826046754,0.0333235354448183,6.35698287515603,0.0301006579972253,7.73655639625817,NA,NA,0,18060,3060,450,0,"GSRS","GSRS_base","baseline","baseline",6,8006,0,"core",NA,NA,11,0.524203637153896,0.3,3,2,"poolMean",0,0
16,48,11.1407331311797,5.14073313117973,0.0218332444003171,4.16503107816234,0.0279546604004502,7.18498601413511,NA,NA,0,19260,3260,480,0,"GSRS","GSRS_base","baseline","baseline",6,8006,0,"core",NA,NA,11,0.524203637153896,0.3,3,2,"poolMean",0,0
17,51,11.1187581951354,5.11875819513539,0.0212207349300292,4.04818536651991,0.0229198817158111,5.89093293263838,NA,NA,0,20460,3460,510,0,"GSRS","GSRS_base","baseline","baseline",6,8006,0,"core",NA,NA,11,0.524203637153896,0.3,3,2,"poolMean",0,0
18,54,11.2545492263245,5.25454922632447,0.0129593033451801,2.47218875007071,0.0143934230000126,3.69943835729643,NA,NA,0,21660,3660,540,0,"GSRS","GSRS_base","baseline","baseline",6,8006,0,"core",NA,NA,11,0.524203637153896,0.3,3,2,"poolMean",0,0
19,57,11.3070339030051,5.30703390300509,0.0073971424293721,1.41112001235513,0.0152552221838491,3.92094042507896,NA,NA,0,22860,3860,570,0,"GSRS","GSRS_base","baseline","baseline",6,8006,0,"core",NA,NA,11,0.524203637153896,0.3,3,2,"poolMean",0,0
20,60,11.330641793803,5.33064179380301,0.00854091320295704,1.62931208362631,0.016299977904849,4.1894665003752,NA,NA,0,24060,4060,600,0,"GSRS","GSRS_base","baseline","baseline",6,8006,0,"core",NA,NA,11,0.524203637153896,0.3,3,2,"poolMean",0,0
1,3,6.29626424755208,0.296264247552079,0.317922136883207,60.6485942389353,0.373441016827574,95.9828681362663,5.48486805574993,3.18114647879351,0,1460,360,40,0,"CB","CB_base","baseline","2 bridge lines per cycle (as specified)",6,8006,0,"core",3.13604563516162,2.86395436483838,11,0.524203637153896,0.3,3,2,"poolMean",0,0
2,6,6.98449384009421,0.984493840094212,0.255733415189682,48.7851279663296,0.317597691892352,81.6298585523649,6.11580946710959,3.18241076420355,28,3160,660,90,2,"CB","CB_base","baseline","2 bridge lines per cycle (as specified)",6,8006,0,"core",3.13604563516162,2.86395436483838,11,0.524203637153896,0.3,3,2,"poolMean",0,0
3,9,7.24256441340049,1.24256441340049,0.22905335093932,43.695490588913,0.270797748621953,69.6012045446518,6.53933676836912,3.22077496941126,59,4860,960,140,4,"CB","CB_base","baseline","2 bridge lines per cycle (as specified)",6,8006,0,"core",3.13604563516162,2.86395436483838,11,0.524203637153896,0.3,3,2,"poolMean",0,0
4,12,7.8139873325488,1.8139873325488,0.202090404660856,38.551889063205,0.212184329067648,54.5362173938319,7.01207162639029,3.24280322132116,46,6560,1260,190,6,"CB","CB_base","baseline","2 bridge lines per cycle (as specified)",6,8006,0,"core",3.13604563516162,2.86395436483838,11,0.524203637153896,0.3,3,2,"poolMean",0,0
5,15,8.32973949834881,2.32973949834881,0.139122135518487,26.5397119855624,0.170946012406924,43.9370284139146,7.30515465446719,3.36797467539245,59,8260,1560,240,8,"CB","CB_base","baseline","2 bridge lines per cycle (as specified)",6,8006,0,"core",3.13604563516162,2.86395436483838,11,0.524203637153896,0.3,3,2,"poolMean",0,0
6,18,8.8511219104481,2.8511219104481,0.0917083175914029,17.494788492755,0.146186280774834,37.5732120433378,7.65600831243421,3.26560666769362,50,9960,1860,290,10,"CB","CB_base","baseline","2 bridge lines per cycle (as specified)",6,8006,0,"core",3.13604563516162,2.86395436483838,11,0.524203637153896,0.3,3,2,"poolMean",0,0
7,21,9.18721971923449,3.18721971923449,0.081782784868145,15.6013386919967,0.136087467655612,34.9775864846095,7.78682353873862,3.24462521934777,112,11660,2160,340,12,"CB","CB_base","baseline","2 bridge lines per cycle (as specified)",6,8006,0,"core",3.13604563516162,2.86395436483838,11,0.524203637153896,0.3,3,2,"poolMean",0,0
8,24,9.61101227654763,3.61101227654763,0.0932573870974699,17.7902976033894,0.109272224105031,28.0854566172959,7.97862879949241,3.18063775474235,104,13360,2460,390,14,"CB","CB_base","baseline","2 bridge lines per cycle (as specified)",6,8006,0,"core",3.13604563516162,2.86395436483838,11,0.524203637153896,0.3,3,2,"poolMean",0,0
9,27,9.98433135862307,3.98433135862307,0.0493109494375882,9.40683084637039,0.0919540398319827,23.634287831498,8.26561202408416,3.23548668644068,71,15060,2760,440,16,"CB","CB_base","baseline","2 bridge lines per cycle (as specified)",6,8006,0,"core",3.13604563516162,2.86395436483838,11,0.524203637153896,0.3,3,2,"poolMean",0,0
10,30,10.0887322221246,4.08873222212463,0.074319766948084,14.1776519048198,0.0849303774049691,21.8290462158536,8.40751889456723,3.23659050665305,107,16760,3060,490,18,"CB","CB_base","baseline","2 bridge lines per cycle (as specified)",6,8006,0,"core",3.13604563516162,2.86395436483838,11,0.524203637153896,0.3,3,2,"poolMean",0,0
11,33,10.3330992626312,4.33309926263118,0.0427819122775171,8.16131542119712,0.0684087364286417,17.582607244856,8.58530257050053,3.32018783045427,94,18460,3360,540,20,"CB","CB_base","baseline","2 bridge lines per cycle (as specified)",6,8006,0,"core",3.13604563516162,2.86395436483838,11,0.524203637153896,0.3,3,2,"poolMean",0,0
12,36,10.6225064164066,4.62250641640663,0.0440769186168276,8.40835802974169,0.0687168559637686,17.6618010007041,8.56182716552623,3.4026745604481,80,20160,3660,590,22,"CB","CB_base","baseline","2 bridge lines per cycle (as specified)",6,8006,0,"core",3.13604563516162,2.86395436483838,11,0.524203637153896,0.3,3,2,"poolMean",0,0
13,39,10.8288267977309,4.82882679773088,0.0477678510053551,9.11246081097514,0.064273573253263,16.5197758902393,8.89443016376418,3.51627224470815,39,21860,3960,640,24,"CB","CB_base","baseline","2 bridge lines per cycle (as specified)",6,8006,0,"core",3.13604563516162,2.86395436483838,11,0.524203637153896,0.3,3,2,"poolMean",0,0
14,42,10.984256836661,4.98425683666098,0.0220804640530734,4.21219207347678,0.048733035212887,12.5255027753908,8.72440340643184,3.56364971687057,6,23560,4260,690,25,"CB","CB_base","baseline","2 bridge lines per cycle (as specified)",6,8006,0,"core",3.13604563516162,2.86395436483838,11,0.524203637153896,0.3,3,2,"poolMean",0,0
15,45,11.1129880881919,5.11298808819193,0.0245305095635396,4.67957637545692,0.0464318322960256,11.9340410821889,9.05250346222143,3.51807411864062,25,25260,4560,740,27,"CB","CB_base","baseline","2 bridge lines per cycle (as specified)",6,8006,0,"core",3.13604563516162,2.86395436483838,11,0.524203637153896,0.3,3,2,"poolMean",0,0
16,48,11.2077844252912,5.20778442529122,0.029043873528754,5.5405707763579,0.0339072771933591,8.71494444653544,9.12749442175895,3.52518769487236,31,26960,4860,790,29,"CB","CB_base","baseline","2 bridge lines per cycle (as specified)",6,8006,0,"core",3.13604563516162,2.86395436483838,11,0.524203637153896,0.3,3,2,"poolMean",0,0
17,51,11.5176208538036,5.51762085380361,0.0256687481743944,4.89671310061104,0.0389587899782333,10.0132985738838,9.1389239130803,3.50305953248633,64,28660,5160,840,31,"CB","CB_base","baseline","2 bridge lines per cycle (as specified)",6,8006,0,"core",3.13604563516162,2.86395436483838,11,0.524203637153896,0.3,3,2,"poolMean",0,0
18,54,11.7008942862059,5.7008942862059,0.0278269002069077,5.30841418002949,0.0319736228364242,8.21795112550318,9.23287967213254,3.44496956496477,0,30360,5460,890,33,"CB","CB_base","baseline","2 bridge lines per cycle (as specified)",6,8006,0,"core",3.13604563516162,2.86395436483838,11,0.524203637153896,0.3,3,2,"poolMean",0,0
19,57,11.7729093135677,5.77290931356766,0.0332392170541188,6.34089783019959,0.0303500395418031,7.80065314736542,9.24049037477373,3.47157619522156,15,32060,5760,940,34,"CB","CB_base","baseline","2 bridge lines per cycle (as specified)",6,8006,0,"core",3.13604563516162,2.86395436483838,11,0.524203637153896,0.3,3,2,"poolMean",0,0
20,60,11.8392046752472,5.83920467524716,0.0194247535369563,3.7055739716765,0.0261132153945617,6.71169260174601,9.30470756967224,3.56361488444325,0,33760,6060,990,35,"CB","CB_base","baseline","2 bridge lines per cycle (as specified)",6,8006,0,"core",3.13604563516162,2.86395436483838,11,0.524203637153896,0.3,3,2,"poolMean",0,0
1,3,6.29626424755208,0.296264247552079,0.317922136883207,60.6485942389353,0.373441016827574,95.9828681362663,5.44582771114097,3.1197102752859,0,1460,360,40,0,"CB","CB_nB1","inflow_rate","1 bridge line per cycle",6,8006,0,"core",3.15195732849832,2.84804267150168,11,0.524203637153896,0.3,3,1,"poolMean",0,0
2,6,6.9454078225859,0.945407822585904,0.324016860217759,61.8112575442954,0.323313688174498,83.099000110722,6.45807396901984,3.02848974762239,112,3160,660,90,1,"CB","CB_nB1","inflow_rate","1 bridge line per cycle",6,8006,0,"core",3.15195732849832,2.84804267150168,11,0.524203637153896,0.3,3,1,"poolMean",0,0
3,9,7.87799600497345,1.87799600497345,0.174637640729155,33.3148471989494,0.250838563297615,64.4712381864629,6.79690597000125,2.97723930783016,38,4860,960,140,2,"CB","CB_nB1","inflow_rate","1 bridge line per cycle",6,8006,0,"core",3.15195732849832,2.84804267150168,11,0.524203637153896,0.3,3,1,"poolMean",0,0
4,12,8.44924195307767,2.44924195307767,0.114381547245052,21.8200598275269,0.20552492162843,52.8245976271172,6.88642867933729,2.86622038189589,19,6560,1260,190,3,"CB","CB_nB1","inflow_rate","1 bridge line per cycle",6,8006,0,"core",3.15195732849832,2.84804267150168,11,0.524203637153896,0.3,3,1,"poolMean",0,0
5,15,8.77907932802963,2.77907932802963,0.093924238330992,17.9175098518856,0.168289708455169,43.2542976466919,7.28829750609875,3.11653687464127,23,8260,1560,240,4,"CB","CB_nB1","inflow_rate","1 bridge line per cycle",6,8006,0,"core",3.15195732849832,2.84804267150168,11,0.524203637153896,0.3,3,1,"poolMean",0,0
6,18,8.9357153976787,2.9357153976787,0.0996488863992461,19.0095755421077,0.145622647394508,37.4283453951035,7.67299441635305,3.09959561622072,16,9960,1860,290,5,"CB","CB_nB1","inflow_rate","1 bridge line per cycle",6,8006,0,"core",3.15195732849832,2.84804267150168,11,0.524203637153896,0.3,3,1,"poolMean",0,0
7,21,9.41968495536165,3.41968495536165,0.0720024150670079,13.7355809772585,0.124995521520392,32.1267030644764,7.93523671194817,2.72412925908785,64,11660,2160,340,6,"CB","CB_nB1","inflow_rate","1 bridge line per cycle",6,8006,0,"core",3.15195732849832,2.84804267150168,11,0.524203637153896,0.3,3,1,"poolMean",0,0
8,24,9.7426620631305,3.7426620631305,0.0520179982851063,9.92324253367108,0.111843108200364,28.7462325310191,7.79574019026236,2.67377357910887,63,13360,2460,390,7,"CB","CB_nB1","inflow_rate","1 bridge line per cycle",6,8006,0,"core",3.15195732849832,2.84804267150168,11,0.524203637153896,0.3,3,1,"poolMean",0,0
9,27,9.78552061381088,3.78552061381088,0.0590439881453071,11.263559418603,0.0952427031185224,24.4795493864767,7.93149337084259,2.55795064509774,86,15060,2760,440,8,"CB","CB_nB1","inflow_rate","1 bridge line per cycle",6,8006,0,"core",3.15195732849832,2.84804267150168,11,0.524203637153896,0.3,3,1,"poolMean",0,0
10,30,10.0171107847344,4.01711078473437,0.0512366180761225,9.7741821011212,0.0770288792707424,19.7981807797555,7.99573902504564,2.59488175786147,116,16760,3060,490,9,"CB","CB_nB1","inflow_rate","1 bridge line per cycle",6,8006,0,"core",3.15195732849832,2.84804267150168,11,0.524203637153896,0.3,3,1,"poolMean",0,0
11,33,10.2890379369818,4.28903793698176,0.0547879921905091,10.4516619701409,0.0818979652664558,21.0496470569226,8.14670802739318,2.64194747883549,97,18460,3360,540,10,"CB","CB_nB1","inflow_rate","1 bridge line per cycle",6,8006,0,"core",3.15195732849832,2.84804267150168,11,0.524203637153896,0.3,3,1,"poolMean",0,0
12,36,10.4675367791632,4.46753677916316,0.0477610096450525,9.11115571505101,0.0736312978270235,18.9249247714439,8.45847180085822,2.64301405370498,69,20160,3660,590,11,"CB","CB_nB1","inflow_rate","1 bridge line per cycle",6,8006,0,"core",3.15195732849832,2.84804267150168,11,0.524203637153896,0.3,3,1,"poolMean",0,0
13,39,10.682466781875,4.68246678187504,0.0420857924672064,8.02851973628156,0.0583784566842575,15.0045963282898,8.58022440045206,2.5381939621874,38,21860,3960,640,12,"CB","CB_nB1","inflow_rate","1 bridge line per cycle",6,8006,0,"core",3.15195732849832,2.84804267150168,11,0.524203637153896,0.3,3,1,"poolMean",0,0
14,42,10.8349880791772,4.83498807917717,0.0262272319444844,5.00325256934159,0.0359061340474124,9.22869629810148,8.58456524799016,2.45933301472024,16,23560,4260,690,13,"CB","CB_nB1","inflow_rate","1 bridge line per cycle",6,8006,0,"core",3.15195732849832,2.84804267150168,11,0.524203637153896,0.3,3,1,"poolMean",0,0
15,45,11.0194929925935,5.01949299259355,0.0328255002191941,6.26197490681605,0.0498178680807863,12.8043295925252,8.65653927046147,2.4663116547138,31,25260,4560,740,14,"CB","CB_nB1","inflow_rate","1 bridge line per cycle",6,8006,0,"core",3.15195732849832,2.84804267150168,11,0.524203637153896,0.3,3,1,"poolMean",0,0
16,48,11.1580533415509,5.15805334155091,0.0276503107591794,5.2747269952768,0.0365965205106038,9.40614138279649,8.65523368148056,2.52722129569322,31,26960,4860,790,15,"CB","CB_nB1","inflow_rate","1 bridge line per cycle",6,8006,0,"core",3.15195732849832,2.84804267150168,11,0.524203637153896,0.3,3,1,"poolMean",0,0
17,51,11.3724496231542,5.37244962315417,0.0215867684857046,4.11801196247082,0.0298524572663357,7.67276314123044,8.76660026372022,2.56314817801362,52,28660,5160,840,16,"CB","CB_nB1","inflow_rate","1 bridge line per cycle",6,8006,0,"core",3.15195732849832,2.84804267150168,11,0.524203637153896,0.3,3,1,"poolMean",0,0
18,54,11.5087202174793,5.50872021747928,0.0170541612818586,3.25334661439058,0.0219164746010669,5.63303439326623,8.82835820610362,2.42859871917562,0,30360,5460,890,17,"CB","CB_nB1","inflow_rate","1 bridge line per cycle",6,8006,0,"core",3.15195732849832,2.84804267150168,11,0.524203637153896,0.3,3,1,"poolMean",0,0
19,57,11.5547656357237,5.55476563572372,0.015903086035845,3.03376110135157,0.016247511988675,4.1759815619596,8.87517648189534,2.3011628366575,14,32060,5760,940,18,"CB","CB_nB1","inflow_rate","1 bridge line per cycle",6,8006,0,"core",3.15195732849832,2.84804267150168,11,0.524203637153896,0.3,3,1,"poolMean",0,0
20,60,11.6466961121838,5.64669611218378,0.0102632276620534,1.95787036461182,0.0132020713667739,3.39323378531748,8.74790666124218,2.26375592562612,0,33760,6060,990,19,"CB","CB_nB1","inflow_rate","1 bridge line per cycle",6,8006,0,"core",3.15195732849832,2.84804267150168,11,0.524203637153896,0.3,3,1,"poolMean",0,0
1,3,6.29626424755208,0.296264247552079,0.317922136883207,60.6485942389353,0.373441016827574,95.9828681362663,5.44582771114097,3.1197102752859,0,1460,360,40,0,"CB","CB_nB4","inflow_rate","4 bridge lines per cycle",6,8006,0,"core",3.15195732849832,2.84804267150168,11,0.524203637153896,0.3,3,4,"poolMean",0,0
2,6,6.9454078225859,0.945407822585904,0.324016860217759,61.8112575442954,0.323313688174498,83.099000110722,6.45807396901984,3.02848974762239,112,3160,660,90,4,"CB","CB_nB4","inflow_rate","4 bridge lines per cycle",6,8006,0,"core",3.15195732849832,2.84804267150168,11,0.524203637153896,0.3,3,4,"poolMean",0,0
3,9,7.84622315301325,1.84622315301325,0.191890088451804,36.606020037108,0.272867081790855,70.1330704183257,6.72416973082266,2.97723930783016,37,4860,960,140,8,"CB","CB_nB4","inflow_rate","4 bridge lines per cycle",6,8006,0,"core",3.15195732849832,2.84804267150168,11,0.524203637153896,0.3,3,4,"poolMean",0,0
4,12,8.26916476013619,2.26916476013619,0.157459882372721,30.0379225195062,0.234269963899186,60.2127298287794,7.01481359281202,2.86622038189589,35,6560,1260,190,12,"CB","CB_nB4","inflow_rate","4 bridge lines per cycle",6,8006,0,"core",3.15195732849832,2.84804267150168,11,0.524203637153896,0.3,3,4,"poolMean",0,0
5,15,8.78461124065513,2.78461124065513,0.146081418001983,27.8673034004716,0.224858815239257,57.7938497375929,7.42423294233118,3.11653687464127,67,8260,1560,240,16,"CB","CB_nB4","inflow_rate","4 bridge lines per cycle",6,8006,0,"core",3.15195732849832,2.84804267150168,11,0.524203637153896,0.3,3,4,"poolMean",0,0
6,18,9.38495291834302,3.38495291834302,0.143236925181256,27.3246721367568,0.199663016009229,51.3179540375759,7.74216430099066,3.09959561622072,15,9960,1860,290,20,"CB","CB_nB4","inflow_rate","4 bridge lines per cycle",6,8006,0,"core",3.15195732849832,2.84804267150168,11,0.524203637153896,0.3,3,4,"poolMean",0,0
7,21,9.70849839110492,3.70849839110492,0.116995935832397,22.3187951284758,0.169626918596221,43.597991185579,8.10275397995261,2.72412925908785,43,11660,2160,340,24,"CB","CB_nB4","inflow_rate","4 bridge lines per cycle",6,8006,0,"core",3.15195732849832,2.84804267150168,11,0.524203637153896,0.3,3,4,"poolMean",0,0
8,24,10.1305062097358,4.13050620973577,0.118642204813813,22.6328465513836,0.151403690198594,38.9142053948122,8.19299645160586,2.67377357910887,94,13360,2460,390,28,"CB","CB_nB4","inflow_rate","4 bridge lines per cycle",6,8006,0,"core",3.15195732849832,2.84804267150168,11,0.524203637153896,0.3,3,4,"poolMean",0,0
9,27,10.5926920636313,4.59269206363131,0.106103669341075,20.2409258198116,0.134790651911643,34.6442752281017,8.59023585076731,2.55795064509774,89,15060,2760,440,32,"CB","CB_nB4","inflow_rate","4 bridge lines per cycle",6,8006,0,"core",3.15195732849832,2.84804267150168,11,0.524203637153896,0.3,3,4,"poolMean",0,0
10,30,11.0417290882213,5.0417290882213,0.100439414797487,19.1603811340973,0.118291772029922,30.4036863781241,8.8636067831333,2.59488175786147,105,16760,3060,490,36,"CB","CB_nB4","inflow_rate","4 bridge lines per cycle",6,8006,0,"core",3.15195732849832,2.84804267150168,11,0.524203637153896,0.3,3,4,"poolMean",0,0
11,33,11.4260931421068,5.42609314210683,0.0768900659686883,14.6679764349126,0.0981014498343959,25.2143125664714,8.92455883468308,2.64194747883549,98,18460,3360,540,40,"CB","CB_nB4","inflow_rate","4 bridge lines per cycle",6,8006,0,"core",3.15195732849832,2.84804267150168,11,0.524203637153896,0.3,3,4,"poolMean",0,0
12,36,11.6781321862111,5.67813218621112,0.0826641288824981,15.7694687757822,0.0896605393509386,23.0448058401715,9.35007759410083,2.64301405370498,82,20160,3660,590,44,"CB","CB_nB4","inflow_rate","4 bridge lines per cycle",6,8006,0,"core",3.15195732849832,2.84804267150168,11,0.524203637153896,0.3,3,4,"poolMean",0,0
13,39,11.9266747324055,5.92667473240548,0.091380304252788,17.4322148447742,0.0742685167062681,19.0887045730844,9.71367346938618,2.5381939621874,61,21860,3960,640,48,"CB","CB_nB4","inflow_rate","4 bridge lines per cycle",6,8006,0,"core",3.15195732849832,2.84804267150168,11,0.524203637153896,0.3,3,4,"poolMean",0,0
14,42,12.3204168872562,6.3204168872562,0.0481654951710135,9.18831762261754,0.0533723125679012,13.7179029846573,9.4950427956744,2.45933301472024,23,23560,4260,690,49,"CB","CB_nB4","inflow_rate","4 bridge lines per cycle",6,8006,0,"core",3.15195732849832,2.84804267150168,11,0.524203637153896,0.3,3,4,"poolMean",0,0
15,45,12.4326779394929,6.43267793949286,0.0195433374818302,3.72819570423786,0.0364619130769544,9.37154419884525,9.68885393631554,2.4663116547138,11,25260,4560,740,50,"CB","CB_nB4","inflow_rate","4 bridge lines per cycle",6,8006,0,"core",3.15195732849832,2.84804267150168,11,0.524203637153896,0.3,3,4,"poolMean",0,0
16,48,12.5519032080177,6.55190320801775,0.0270686802785441,5.16377193136439,0.033643668119769,8.64719089561364,9.72568772699188,2.52722129569322,24,26960,4860,790,54,"CB","CB_nB4","inflow_rate","4 bridge lines per cycle",6,8006,0,"core",3.15195732849832,2.84804267150168,11,0.524203637153896,0.3,3,4,"poolMean",0,0
17,51,12.5990711833343,6.59907118333426,0.0370704484569899,7.07176483136585,0.0384167446535057,9.87398054886022,9.60618112994972,2.56314817801362,47,28660,5160,840,57,"CB","CB_nB4","inflow_rate","4 bridge lines per cycle",6,8006,0,"core",3.15195732849832,2.84804267150168,11,0.524203637153896,0.3,3,4,"poolMean",0,0
18,54,12.5743290755162,6.57432907551619,0.0396658558613346,7.56687917632466,0.0402733846812959,10.3511794288273,9.53866850662777,2.42859871917562,2,30360,5460,890,58,"CB","CB_nB4","inflow_rate","4 bridge lines per cycle",6,8006,0,"core",3.15195732849832,2.84804267150168,11,0.524203637153896,0.3,3,4,"poolMean",0,0
19,57,12.5919603291714,6.59196032917145,0.056895270655138,10.8536581249311,0.064317279014916,16.5310092689216,9.59206548386381,2.3011628366575,10,32060,5760,940,60,"CB","CB_nB4","inflow_rate","4 bridge lines per cycle",6,8006,0,"core",3.15195732849832,2.84804267150168,11,0.524203637153896,0.3,3,4,"poolMean",0,0
20,60,12.6434862756742,6.64348627567422,0.0363129637588686,6.9272628393091,0.0451623815596342,11.607763257456,9.6279248553912,2.26375592562612,0,33760,6060,990,62,"CB","CB_nB4","inflow_rate","4 bridge lines per cycle",6,8006,0,"core",3.15195732849832,2.84804267150168,11,0.524203637153896,0.3,3,4,"poolMean",0,0
1,3,6.29626424755208,0.296264247552079,0.317922136883207,60.6485942389353,0.373441016827574,95.9828681362663,5.44582771114097,3.1197102752859,0,1460,360,40,0,"CB","CB_nB8","inflow_rate","8 bridge lines per cycle",6,8006,0,"core",3.15195732849832,2.84804267150168,11,0.524203637153896,0.3,3,8,"poolMean",0,0
2,6,6.9454078225859,0.945407822585904,0.324016860217759,61.8112575442954,0.323313688174498,83.099000110722,6.45807396901984,3.02848974762239,112,3160,660,90,8,"CB","CB_nB8","inflow_rate","8 bridge lines per cycle",6,8006,0,"core",3.15195732849832,2.84804267150168,11,0.524203637153896,0.3,3,8,"poolMean",0,0
3,9,7.63278798223447,1.63278798223447,0.254008461403556,48.4560661926472,0.297087033006351,76.3581508969844,6.56642283710512,2.97723930783016,33,4860,960,140,12,"CB","CB_nB8","inflow_rate","8 bridge lines per cycle",6,8006,0,"core",3.15195732849832,2.84804267150168,11,0.524203637153896,0.3,3,8,"poolMean",0,0
4,12,8.0289648965246,2.0289648965246,0.201973486490034,38.5295851029623,0.255497425801376,65.6686722261468,6.91654728410602,2.86622038189589,59,6560,1260,190,18,"CB","CB_nB8","inflow_rate","8 bridge lines per cycle",6,8006,0,"core",3.15195732849832,2.84804267150168,11,0.524203637153896,0.3,3,8,"poolMean",0,0
5,15,8.49931871866464,2.49931871866464,0.190819869323157,36.4018590865168,0.259291246082718,66.6437706630839,7.19368555536358,3.11653687464127,56,8260,1560,240,24,"CB","CB_nB8","inflow_rate","8 bridge lines per cycle",6,8006,0,"core",3.15195732849832,2.84804267150168,11,0.524203637153896,0.3,3,8,"poolMean",0,0
6,18,8.98975339816228,2.98975339816228,0.169644711384468,32.3623682402386,0.231415898146739,59.4791697632663,7.72924896552492,3.09959561622072,60,9960,1860,290,30,"CB","CB_nB8","inflow_rate","8 bridge lines per cycle",6,8006,0,"core",3.15195732849832,2.84804267150168,11,0.524203637153896,0.3,3,8,"poolMean",0,0
7,21,9.69545788787464,3.69545788787464,0.191734538318289,36.5763464288973,0.213018526945294,54.7506252957004,8.41448149034874,2.72412925908785,103,11660,2160,340,38,"CB","CB_nB8","inflow_rate","8 bridge lines per cycle",6,8006,0,"core",3.15195732849832,2.84804267150168,11,0.524203637153896,0.3,3,8,"poolMean",0,0
8,24,10.2685022449728,4.26850224497285,0.199264753489729,38.0128521373132,0.206996134091017,53.2027328223254,8.39271769272671,2.67377357910887,106,13360,2460,390,44,"CB","CB_nB8","inflow_rate","8 bridge lines per cycle",6,8006,0,"core",3.15195732849832,2.84804267150168,11,0.524203637153896,0.3,3,8,"poolMean",0,0
9,27,10.6630515136657,4.66305151366569,0.122256438744575,23.3223179084281,0.153223158173989,39.3818502085611,8.71925454473949,2.55795064509774,94,15060,2760,440,50,"CB","CB_nB8","inflow_rate","8 bridge lines per cycle",6,8006,0,"core",3.15195732849832,2.84804267150168,11,0.524203637153896,0.3,3,8,"poolMean",0,0
10,30,11.0226205480033,5.02262054800334,0.112284544598405,21.4200239449006,0.132752275736252,34.1203660086035,8.7619407035296,2.59488175786147,130,16760,3060,490,55,"CB","CB_nB8","inflow_rate","8 bridge lines per cycle",6,8006,0,"core",3.15195732849832,2.84804267150168,11,0.524203637153896,0.3,3,8,"poolMean",0,0
11,33,11.4161302196544,5.41613021965438,0.0891167635838808,17.000409243196,0.109476443731244,28.1379457241975,9.12223835201892,2.64194747883549,117,18460,3360,540,59,"CB","CB_nB8","inflow_rate","8 bridge lines per cycle",6,8006,0,"core",3.15195732849832,2.84804267150168,11,0.524203637153896,0.3,3,8,"poolMean",0,0
12,36,11.8432039769475,5.8432039769475,0.0469612258380159,8.95858450982648,0.0948588652771337,24.3808942970367,9.28294276766215,2.64301405370498,86,20160,3660,590,63,"CB","CB_nB8","inflow_rate","8 bridge lines per cycle",6,8006,0,"core",3.15195732849832,2.84804267150168,11,0.524203637153896,0.3,3,8,"poolMean",0,0
13,39,12.0001225677033,6.00012256770327,0.0444294433879098,8.47560761484494,0.0942868061666397,24.2338620437637,9.56074609319801,2.5381939621874,40,21860,3960,640,68,"CB","CB_nB8","inflow_rate","8 bridge lines per cycle",6,8006,0,"core",3.15195732849832,2.84804267150168,11,0.524203637153896,0.3,3,8,"poolMean",0,0
14,42,12.0476443314284,6.04764433142841,0.0458197473774268,8.74082973292591,0.0936562739250661,24.0718008606812,9.33385840080904,2.45933301472024,9,23560,4260,690,69,"CB","CB_nB8","inflow_rate","8 bridge lines per cycle",6,8006,0,"core",3.15195732849832,2.84804267150168,11,0.524203637153896,0.3,3,8,"poolMean",0,0
15,45,12.1834674966739,6.18346749667389,0.0458582219728604,8.74816936064053,0.0699381549204172,17.9757027185893,9.61482090508112,2.4663116547138,26,25260,4560,740,71,"CB","CB_nB8","inflow_rate","8 bridge lines per cycle",6,8006,0,"core",3.15195732849832,2.84804267150168,11,0.524203637153896,0.3,3,8,"poolMean",0,0
16,48,12.421326663019,6.42132666301896,0.0307260820691384,5.86147822933129,0.0647962434838548,16.6541140736767,9.58573478520096,2.52722129569322,32,26960,4860,790,75,"CB","CB_nB8","inflow_rate","8 bridge lines per cycle",6,8006,0,"core",3.15195732849832,2.84804267150168,11,0.524203637153896,0.3,3,8,"poolMean",0,0
17,51,12.5026404347805,6.50264043478047,0.0784777563065346,14.97085307012,0.0752254151000114,19.3346493092217,9.56792136711015,2.56314817801362,61,28660,5160,840,78,"CB","CB_nB8","inflow_rate","8 bridge lines per cycle",6,8006,0,"core",3.15195732849832,2.84804267150168,11,0.524203637153896,0.3,3,8,"poolMean",0,0
18,54,12.7118423248942,6.71184232489423,0.0577472910340199,11.0161942689967,0.0598271318929098,15.3769389346419,9.68491861227882,2.42859871917562,0,30360,5460,890,81,"CB","CB_nB8","inflow_rate","8 bridge lines per cycle",6,8006,0,"core",3.15195732849832,2.84804267150168,11,0.524203637153896,0.3,3,8,"poolMean",0,0
19,57,12.9226619650916,6.9226619650916,0.0760493285840444,14.5075926975527,0.049016085673996,12.5982532068119,9.95184119120959,2.3011628366575,6,32060,5760,940,83,"CB","CB_nB8","inflow_rate","8 bridge lines per cycle",6,8006,0,"core",3.15195732849832,2.84804267150168,11,0.524203637153896,0.3,3,8,"poolMean",0,0
20,60,13.2100823647261,7.21008236472607,0.0210462429829088,4.01489831264373,0.0299451632801455,7.69659070354413,9.78324847621383,2.26375592562612,0,33760,6060,990,85,"CB","CB_nB8","inflow_rate","8 bridge lines per cycle",6,8006,0,"core",3.15195732849832,2.84804267150168,11,0.524203637153896,0.3,3,8,"poolMean",0,0
1,3,6.29626424755208,0.296264247552079,0.317922136883207,60.6485942389353,0.373441016827574,95.9828681362663,7.12024112385268,3.12097794319465,274,1760,360,50,2,"CB","CB_noRecurrent","mechanism","bridge pool rebuilt each cycle (not recurrent)",6,8006,0,"core",3.15195732849832,2.84804267150168,11,0.524203637153896,0.3,3,2,"poolMean",0,0
2,6,7.23269574566254,1.23269574566254,0.236540130089152,45.1237102003754,0.27638426092892,71.0370657648689,7.59306233578233,2.95792211482737,58,3460,660,100,4,"CB","CB_noRecurrent","mechanism","bridge pool rebuilt each cycle (not recurrent)",6,8006,0,"core",3.15195732849832,2.84804267150168,11,0.524203637153896,0.3,3,2,"poolMean",0,0
3,9,8.03293607383418,2.03293607383418,0.229663040571624,43.8117983725853,0.251226815472006,64.5710278602775,8.29312551476036,2.95377816249891,134,5160,960,150,6,"CB","CB_noRecurrent","mechanism","bridge pool rebuilt each cycle (not recurrent)",6,8006,0,"core",3.15195732849832,2.84804267150168,11,0.524203637153896,0.3,3,2,"poolMean",0,0
4,12,8.66435278013804,2.66435278013804,0.17499362560451,33.3827568527792,0.262895769975529,67.5702156059474,8.6776728543128,2.94624109447494,20,6860,1260,200,8,"CB","CB_noRecurrent","mechanism","bridge pool rebuilt each cycle (not recurrent)",6,8006,0,"core",3.15195732849832,2.84804267150168,11,0.524203637153896,0.3,3,2,"poolMean",0,0
5,15,9.09861824097372,3.09861824097372,0.255491611609729,48.7390001711723,0.235058887094083,60.4155011034208,9.25741068290829,3.16161472383697,32,8560,1560,250,10,"CB","CB_noRecurrent","mechanism","bridge pool rebuilt each cycle (not recurrent)",6,8006,0,"core",3.15195732849832,2.84804267150168,11,0.524203637153896,0.3,3,2,"poolMean",0,0
6,18,9.97653993249822,3.97653993249822,0.153375578270411,29.2587779633018,0.196007629999794,50.3784363694008,10.1127599805868,3.22106342464909,19,10260,1860,300,12,"CB","CB_noRecurrent","mechanism","bridge pool rebuilt each cycle (not recurrent)",6,8006,0,"core",3.15195732849832,2.84804267150168,11,0.524203637153896,0.3,3,2,"poolMean",0,0
7,21,10.6080081941999,4.60800819419987,0.145454064974328,27.7476260493068,0.160056314967434,41.1381275265464,10.3922422627323,3.34379813853341,2,11960,2160,350,14,"CB","CB_noRecurrent","mechanism","bridge pool rebuilt each cycle (not recurrent)",6,8006,0,"core",3.15195732849832,2.84804267150168,11,0.524203637153896,0.3,3,2,"poolMean",0,0
8,24,11.1200311097444,5.12003110974437,0.0609069218023429,11.618942999524,0.122390306855757,31.4571034105698,10.5513088157283,3.47058226595635,1,13660,2460,400,15,"CB","CB_noRecurrent","mechanism","bridge pool rebuilt each cycle (not recurrent)",6,8006,0,"core",3.15195732849832,2.84804267150168,11,0.524203637153896,0.3,3,2,"poolMean",0,0
9,27,11.2339251793068,5.23392517930682,0.0734691866313971,14.0153904750241,0.107235197959369,27.5618943862637,10.7633399695745,3.45757940688327,0,15360,2760,450,16,"CB","CB_noRecurrent","mechanism","bridge pool rebuilt each cycle (not recurrent)",6,8006,0,"core",3.15195732849832,2.84804267150168,11,0.524203637153896,0.3,3,2,"poolMean",0,0
10,30,11.6018313882493,5.6018313882493,0.0793940961134404,15.1456591458429,0.0885007082556536,22.7467027661578,11.0684904051037,3.53741075904654,0,17060,3060,500,17,"CB","CB_noRecurrent","mechanism","bridge pool rebuilt each cycle (not recurrent)",6,8006,0,"core",3.15195732849832,2.84804267150168,11,0.524203637153896,0.3,3,2,"poolMean",0,0
11,33,11.9896543351604,5.98965433516043,0.0920059716613595,17.5515706378718,0.0787665023206739,20.2447895788879,11.371386659692,3.48135602183707,0,18760,3360,550,18,"CB","CB_noRecurrent","mechanism","bridge pool rebuilt each cycle (not recurrent)",6,8006,0,"core",3.15195732849832,2.84804267150168,11,0.524203637153896,0.3,3,2,"poolMean",0,0
12,36,12.2377476069527,6.23774760695275,0.10833616684812,20.6668094552565,0.0674152597382226,17.3272610512777,11.6880515738615,3.45368137139539,0,20460,3660,600,19,"CB","CB_noRecurrent","mechanism","bridge pool rebuilt each cycle (not recurrent)",6,8006,0,"core",3.15195732849832,2.84804267150168,11,0.524203637153896,0.3,3,2,"poolMean",0,0
13,39,12.5024151186309,6.50241511863091,0.13520277182614,25.7920323789069,0.0633008993622898,16.2697764911107,11.4486748117821,3.43356534077591,0,22160,3960,650,20,"CB","CB_noRecurrent","mechanism","bridge pool rebuilt each cycle (not recurrent)",6,8006,0,"core",3.15195732849832,2.84804267150168,11,0.524203637153896,0.3,3,2,"poolMean",0,0
14,42,12.6760788795671,6.67607887956708,0.141763597297546,27.0436119190693,0.0623542917275798,16.0264767150148,11.70133375548,3.26714572865052,0,23860,4260,700,21,"CB","CB_noRecurrent","mechanism","bridge pool rebuilt each cycle (not recurrent)",6,8006,0,"core",3.15195732849832,2.84804267150168,11,0.524203637153896,0.3,3,2,"poolMean",0,0
15,45,12.8645500784321,6.8645500784321,0.0619622095315935,11.820255553359,0.0420143426158179,10.7986453694451,11.7801751975074,3.34472439722788,0,25560,4560,750,22,"CB","CB_noRecurrent","mechanism","bridge pool rebuilt each cycle (not recurrent)",6,8006,0,"core",3.15195732849832,2.84804267150168,11,0.524203637153896,0.3,3,2,"poolMean",0,0
16,48,12.9684291684848,6.96842916848476,0.0106205720070572,2.02603935842957,0.027717622911919,7.12406196728479,11.9709604738099,3.4166428909361,0,27260,4860,800,23,"CB","CB_noRecurrent","mechanism","bridge pool rebuilt each cycle (not recurrent)",6,8006,0,"core",3.15195732849832,2.84804267150168,11,0.524203637153896,0.3,3,2,"poolMean",0,0
17,51,12.9308797502341,6.93087975023411,0.116672410185602,22.2570775775349,0.0398340823371557,10.2382686957542,12.0123171586923,3.40475880636146,0,28960,5160,850,24,"CB","CB_noRecurrent","mechanism","bridge pool rebuilt each cycle (not recurrent)",6,8006,0,"core",3.15195732849832,2.84804267150168,11,0.524203637153896,0.3,3,2,"poolMean",0,0
18,54,13.0264164612636,7.02641646126358,0.129464842113301,24.6974330083278,0.0421588249006022,10.8357806156114,11.7494281094464,3.5590067864266,0,30660,5460,900,25,"CB","CB_noRecurrent","mechanism","bridge pool rebuilt each cycle (not recurrent)",6,8006,0,"core",3.15195732849832,2.84804267150168,11,0.524203637153896,0.3,3,2,"poolMean",0,0
19,57,13.0520489586025,7.05204895860252,0.155175590917833,29.6021583826356,0.0394779179889821,10.1467263259418,11.8768167919484,3.71033418014088,0,32360,5760,950,26,"CB","CB_noRecurrent","mechanism","bridge pool rebuilt each cycle (not recurrent)",6,8006,0,"core",3.15195732849832,2.84804267150168,11,0.524203637153896,0.3,3,2,"poolMean",0,0
20,60,13.2005272207482,7.20052722074822,0.046879892597488,8.94306892871195,0.0166424776561242,4.27749675677988,11.949922457771,3.92649884981589,0,34060,6060,1000,27,"CB","CB_noRecurrent","mechanism","bridge pool rebuilt each cycle (not recurrent)",6,8006,0,"core",3.15195732849832,2.84804267150168,11,0.524203637153896,0.3,3,2,"poolMean",0,0
1,3,6.29626424755208,0.296264247552079,0.317922136883207,60.6485942389353,0.373441016827574,95.9828681362663,5.61166455409056,3.25442533690065,2,1460,360,40,1,"CB","CB_noWithinFam","mechanism","bridge pool selected across families",6,8006,0,"core",3.21664260061625,2.78335739938375,11,0.524203637153896,0.3,3,2,"poolMean",0,0
2,6,6.95461038910243,0.95461038910243,0.358242182644719,68.3402703174197,0.380718424970984,97.8533281948227,6.86206520091234,3.30380309672499,68,3160,660,90,3,"CB","CB_noWithinFam","mechanism","bridge pool selected across families",6,8006,0,"core",3.21664260061625,2.78335739938375,11,0.524203637153896,0.3,3,2,"poolMean",0,0
3,9,7.50655188506361,1.50655188506361,0.30294545419392,57.7915589900765,0.300041941163073,77.1176297629398,7.89581116447403,3.34436167136306,150,4860,960,140,5,"CB","CB_noWithinFam","mechanism","bridge pool selected across families",6,8006,0,"core",3.21664260061625,2.78335739938375,11,0.524203637153896,0.3,3,2,"poolMean",0,0
4,12,8.20954039767813,2.20954039767813,0.140870940957603,26.8733238331664,0.230743561802686,59.3063639713297,8.68104391074184,3.44357474665228,225,6560,1260,190,7,"CB","CB_noWithinFam","mechanism","bridge pool selected across families",6,8006,0,"core",3.21664260061625,2.78335739938375,11,0.524203637153896,0.3,3,2,"poolMean",0,0
5,15,8.70946435019351,2.70946435019351,0.180713062379685,34.4738284077628,0.221334706114503,56.8880732262373,9.88563643273214,3.481375470485,294,8260,1560,240,9,"CB","CB_noWithinFam","mechanism","bridge pool selected across families",6,8006,0,"core",3.21664260061625,2.78335739938375,11,0.524203637153896,0.3,3,2,"poolMean",0,0
6,18,9.74785112737749,3.74785112737749,0.169234753656846,32.2841624250619,0.175162956113455,45.0208792323396,10.550563801809,3.49086356539816,295,9960,1860,290,11,"CB","CB_noWithinFam","mechanism","bridge pool selected across families",6,8006,0,"core",3.21664260061625,2.78335739938375,11,0.524203637153896,0.3,3,2,"poolMean",0,0
7,21,10.4892121767215,4.48921217672151,0.109620235092082,20.9117654519248,0.130279277653702,33.4847490352056,10.9987673180293,3.4315653562568,252,11660,2160,340,13,"CB","CB_noWithinFam","mechanism","bridge pool selected across families",6,8006,0,"core",3.21664260061625,2.78335739938375,11,0.524203637153896,0.3,3,2,"poolMean",0,0
8,24,11.0143461036294,5.01434610362938,0.0549197614898978,10.4767990142301,0.113133581739366,29.0779136960386,11.2083123293602,3.18580733739453,199,13360,2460,390,15,"CB","CB_noWithinFam","mechanism","bridge pool selected across families",6,8006,0,"core",3.21664260061625,2.78335739938375,11,0.524203637153896,0.3,3,2,"poolMean",0,0
9,27,11.2243595065983,5.22435950659831,0.0672828482023761,12.8352501649322,0.115303033162017,29.6355122469349,11.538367165662,3.12336327400232,209,15060,2760,440,17,"CB","CB_noWithinFam","mechanism","bridge pool selected across families",6,8006,0,"core",3.21664260061625,2.78335739938375,11,0.524203637153896,0.3,3,2,"poolMean",0,0
10,30,11.4263194453236,5.42631944532357,0.0726941894933738,13.8675477125757,0.104391198994922,26.8309217151225,11.724921318481,3.23045807783014,243,16760,3060,490,19,"CB","CB_noWithinFam","mechanism","bridge pool selected across families",6,8006,0,"core",3.21664260061625,2.78335739938375,11,0.524203637153896,0.3,3,2,"poolMean",0,0
11,33,11.7006372981935,5.70063729819353,0.0373149926361431,7.11841543846215,0.0872968310193566,22.4372788281947,11.8202841913346,3.33666675347892,253,18460,3360,540,21,"CB","CB_noWithinFam","mechanism","bridge pool selected across families",6,8006,0,"core",3.21664260061625,2.78335739938375,11,0.524203637153896,0.3,3,2,"poolMean",0,0
12,36,11.8397825880564,5.83978258805644,0.0444425685747938,8.47811144846108,0.0586608132309061,15.0771684078503,12.0670155024609,3.40825240173447,234,20160,3660,590,23,"CB","CB_noWithinFam","mechanism","bridge pool selected across families",6,8006,0,"core",3.21664260061625,2.78335739938375,11,0.524203637153896,0.3,3,2,"poolMean",0,0
13,39,12.1063983792118,6.1063983792118,0.0370324536883502,7.06451673807791,0.04661882396053,11.9821022095636,12.1523827071499,3.47328328745216,243,21860,3960,640,25,"CB","CB_noWithinFam","mechanism","bridge pool selected across families",6,8006,0,"core",3.21664260061625,2.78335739938375,11,0.524203637153896,0.3,3,2,"poolMean",0,0
14,42,12.2627662816211,6.26276628162107,0.0214063294919487,4.08359041691735,0.030344473314724,7.79922249991194,12.38026600001,3.40783881914881,246,23560,4260,690,27,"CB","CB_noWithinFam","mechanism","bridge pool selected across families",6,8006,0,"core",3.21664260061625,2.78335739938375,11,0.524203637153896,0.3,3,2,"poolMean",0,0
15,45,12.3433328733017,6.34333287330172,0.0318709513587213,6.07987985962116,0.0329124178946093,8.45924289104689,12.5094751263973,3.35908948630241,236,25260,4560,740,29,"CB","CB_noWithinFam","mechanism","bridge pool selected across families",6,8006,0,"core",3.21664260061625,2.78335739938375,11,0.524203637153896,0.3,3,2,"poolMean",0,0
16,48,12.4625967462343,6.46259674623426,0.0259190095475123,4.94445435141133,0.0251829815041894,6.47260125180809,12.4969897112964,3.26893496323322,249,26960,4860,790,31,"CB","CB_noWithinFam","mechanism","bridge pool selected across families",6,8006,0,"core",3.21664260061625,2.78335739938375,11,0.524203637153896,0.3,3,2,"poolMean",0,0
17,51,12.520345857504,6.520345857504,0.00963125094153477,1.83731097209217,0.0165413399584979,4.25150205920398,12.499019063201,3.28331876365131,280,28660,5160,840,33,"CB","CB_noWithinFam","mechanism","bridge pool selected across families",6,8006,0,"core",3.21664260061625,2.78335739938375,11,0.524203637153896,0.3,3,2,"poolMean",0,0
18,54,12.4501983089133,6.45019830891331,0.00910178809636767,1.73630769633435,0.00844320605024866,2.17009673938019,12.5009428904652,3.34354787439841,249,30360,5460,890,35,"CB","CB_noWithinFam","mechanism","bridge pool selected across families",6,8006,0,"core",3.21664260061625,2.78335739938375,11,0.524203637153896,0.3,3,2,"poolMean",0,0
19,57,12.4762955956985,6.47629559569846,0.00770940467188952,1.47068889368011,0.00564414980434455,1.45067537308541,12.5904123277795,3.37144374003828,283,32060,5760,940,37,"CB","CB_noWithinFam","mechanism","bridge pool selected across families",6,8006,0,"core",3.21664260061625,2.78335739938375,11,0.524203637153896,0.3,3,2,"poolMean",0,0
20,60,12.5892649164169,6.58926491641685,0.00582938718726487,1.11204630683504,0.00558185665438201,1.43466461120007,12.5632593346596,3.27475475929934,295,33760,6060,990,39,"CB","CB_noWithinFam","mechanism","bridge pool selected across families",6,8006,0,"core",3.21664260061625,2.78335739938375,11,0.524203637153896,0.3,3,2,"poolMean",0,0
1,3,6.29626424755208,0.296264247552079,0.317922136883207,60.6485942389353,0.373441016827574,95.9828681362663,5.5008428273652,3.23367426491819,0,1460,360,40,0,"CB","CB_noDistinctFam","mechanism","highest-ranking eligible lines admitted",6,8006,0,"core",3.17545492486381,2.82454507513619,11,0.524203637153896,0.3,3,2,"poolMean",0,0
2,6,7.13083406365522,1.13083406365522,0.245548422285026,46.842182098965,0.317066765458372,81.4933983361421,6.50371585105211,3.06244163874915,53,3160,660,90,2,"CB","CB_noDistinctFam","mechanism","highest-ranking eligible lines admitted",6,8006,0,"core",3.17545492486381,2.82454507513619,11,0.524203637153896,0.3,3,2,"poolMean",0,0
3,9,7.74268227355118,1.74268227355118,0.202335678649176,38.5986788927553,0.276603762107752,71.0934825797187,6.78252940363117,3.09279383741833,46,4860,960,140,4,"CB","CB_noDistinctFam","mechanism","highest-ranking eligible lines admitted",6,8006,0,"core",3.17545492486381,2.82454507513619,11,0.524203637153896,0.3,3,2,"poolMean",0,0
4,12,8.22850256304741,2.22850256304741,0.227544092218844,43.4075760050558,0.261673822127448,67.2561471081479,7.2283331052002,3.09671703786281,79,6560,1260,190,6,"CB","CB_noDistinctFam","mechanism","highest-ranking eligible lines admitted",6,8006,0,"core",3.17545492486381,2.82454507513619,11,0.524203637153896,0.3,3,2,"poolMean",0,0
5,15,8.95712867171688,2.95712867171688,0.180369149610882,34.4082216960904,0.244825732851747,62.9258034703887,7.69706953994108,3.07233446887505,60,8260,1560,240,8,"CB","CB_noDistinctFam","mechanism","highest-ranking eligible lines admitted",6,8006,0,"core",3.17545492486381,2.82454507513619,11,0.524203637153896,0.3,3,2,"poolMean",0,0
6,18,9.53726166073729,3.53726166073729,0.19185805020898,36.5999082437983,0.239631120730673,61.5906695462372,8.23278330489586,3.03767132481069,61,9960,1860,290,10,"CB","CB_noDistinctFam","mechanism","highest-ranking eligible lines admitted",6,8006,0,"core",3.17545492486381,2.82454507513619,11,0.524203637153896,0.3,3,2,"poolMean",0,0
7,21,10.2524774326548,4.25247743265478,0.176847491991037,33.7364107107707,0.198277468264306,50.961836630797,8.7572030904525,3.07140414863939,114,11660,2160,340,12,"CB","CB_noDistinctFam","mechanism","highest-ranking eligible lines admitted",6,8006,0,"core",3.17545492486381,2.82454507513619,11,0.524203637153896,0.3,3,2,"poolMean",0,0
8,24,10.8963765476317,4.89637654763171,0.0951804901681712,18.1571594361578,0.153889836544769,39.5532017721775,8.78911880386091,3.12861293207429,86,13360,2460,390,14,"CB","CB_noDistinctFam","mechanism","highest-ranking eligible lines admitted",6,8006,0,"core",3.17545492486381,2.82454507513619,11,0.524203637153896,0.3,3,2,"poolMean",0,0
9,27,11.3082553782473,5.30825537824726,0.0930163535347657,17.7443167010033,0.123207622443398,31.6671721784321,9.3311800073421,3.07498139842984,83,15060,2760,440,16,"CB","CB_noDistinctFam","mechanism","highest-ranking eligible lines admitted",6,8006,0,"core",3.17545492486381,2.82454507513619,11,0.524203637153896,0.3,3,2,"poolMean",0,0
10,30,11.5955857783726,5.59558577837264,0.0840209711748591,16.0283075544919,0.105093568733302,27.011446775156,9.18099054958582,3.02000648847639,91,16760,3060,490,18,"CB","CB_noDistinctFam","mechanism","highest-ranking eligible lines admitted",6,8006,0,"core",3.17545492486381,2.82454507513619,11,0.524203637153896,0.3,3,2,"poolMean",0,0
11,33,11.8648440465676,5.86484404656759,0.0580408201371385,11.0721895125079,0.0790342475542475,20.3136062173667,9.43290986686537,2.92478080236796,93,18460,3360,540,20,"CB","CB_noDistinctFam","mechanism","highest-ranking eligible lines admitted",6,8006,0,"core",3.17545492486381,2.82454507513619,11,0.524203637153896,0.3,3,2,"poolMean",0,0
12,36,12.0795295463448,6.07952954634476,0.0522182792017013,9.96144923473146,0.0680415163567984,17.4882233016241,9.51054667237439,2.86495825060079,66,20160,3660,590,22,"CB","CB_noDistinctFam","mechanism","highest-ranking eligible lines admitted",6,8006,0,"core",3.17545492486381,2.82454507513619,11,0.524203637153896,0.3,3,2,"poolMean",0,0
13,39,12.2231978610003,6.22319786100029,0.0458906175768921,8.75434932616071,0.05423599127571,13.9398881330161,9.64849124754033,2.8409415782919,32,21860,3960,640,24,"CB","CB_noDistinctFam","mechanism","highest-ranking eligible lines admitted",6,8006,0,"core",3.17545492486381,2.82454507513619,11,0.524203637153896,0.3,3,2,"poolMean",0,0
14,42,12.3015352260659,6.30153522606595,0.0573991908000225,10.9497887331848,0.0500665222219021,12.8682393843339,9.33914731685697,2.79780896468458,0,23560,4260,690,26,"CB","CB_noDistinctFam","mechanism","highest-ranking eligible lines admitted",6,8006,0,"core",3.17545492486381,2.82454507513619,11,0.524203637153896,0.3,3,2,"poolMean",0,0
15,45,12.5336518851993,6.53365188519926,0.0299732866718877,5.71787079437758,0.0474135924433713,12.1863758566725,9.85015628740896,2.82819499647897,5,25260,4560,740,28,"CB","CB_noDistinctFam","mechanism","highest-ranking eligible lines admitted",6,8006,0,"core",3.17545492486381,2.82454507513619,11,0.524203637153896,0.3,3,2,"poolMean",0,0
16,48,12.6827445619333,6.68274456193329,0.0337438301713822,6.43716063371678,0.0395563873600755,10.1668947460108,9.97216580739201,2.87390885687603,32,26960,4860,790,30,"CB","CB_noDistinctFam","mechanism","highest-ranking eligible lines admitted",6,8006,0,"core",3.17545492486381,2.82454507513619,11,0.524203637153896,0.3,3,2,"poolMean",0,0
17,51,12.8506527110702,6.85065271107021,0.0293486251456524,5.59870688898638,0.0343599886662344,8.83130163186527,9.92811221269469,2.7666292178725,58,28660,5160,840,32,"CB","CB_noDistinctFam","mechanism","highest-ranking eligible lines admitted",6,8006,0,"core",3.17545492486381,2.82454507513619,11,0.524203637153896,0.3,3,2,"poolMean",0,0
18,54,12.8732237548401,6.87322375484009,0.0325955596738506,6.21811017009048,0.0381167018969438,9.79686270952116,9.82147975519427,2.85186335965897,0,30360,5460,890,34,"CB","CB_noDistinctFam","mechanism","highest-ranking eligible lines admitted",6,8006,0,"core",3.17545492486381,2.82454507513619,11,0.524203637153896,0.3,3,2,"poolMean",0,0
19,57,12.9390758371176,6.93907583711764,0.033108821102747,6.31602277361286,0.034261822646385,8.80607072333061,10.0286263098396,2.81586259452859,11,32060,5760,940,36,"CB","CB_noDistinctFam","mechanism","highest-ranking eligible lines admitted",6,8006,0,"core",3.17545492486381,2.82454507513619,11,0.524203637153896,0.3,3,2,"poolMean",0,0
20,60,13.1182961564272,7.11829615642722,0.0278751382246466,5.31761633246032,0.0243247396595378,6.25201350142112,9.91366829761117,2.76112350060216,0,33760,6060,990,38,"CB","CB_noDistinctFam","mechanism","highest-ranking eligible lines admitted",6,8006,0,"core",3.17545492486381,2.82454507513619,11,0.524203637153896,0.3,3,2,"poolMean",0,0
