"cycle","year","meanG","gain","varG","varGpct","varGenic","varGenicPct","bridgePoolY","donorPoolY","nElig","nGeno","nPheno","nCross","nBridgeIn","strategy","scenario","axis","level","rep","seed","donorImprove","group","donorMeanObs","donorGapObs","burnInUsed","eliteVarObs","h2","cycleYears","nBridge","bridgeBar","bridgeLag","varGxERatio"
1,3,6.39175036830771,0.391750368307711,0.322108326753819,73.9695696584962,0.334646202833687,95.3154352914158,5.25582241339304,3.22681512039086,0,1460,360,40,0,"CB","CB_bar_q75","bridge_bar","elite top quartile",1,8111,0,"peripheral",3.23476418621738,2.76523581378262,10,0.435460593107319,0.3,3,2,"q75",0,0
2,6,7.0383055050792,1.0383055050792,0.223447971901423,51.3130178570153,0.303567052723917,86.4633320967106,6.19372222302909,3.27789342633378,1,3160,660,90,1,"CB","CB_bar_q75","bridge_bar","elite top quartile",1,8111,0,"peripheral",3.23476418621738,2.76523581378262,10,0.435460593107319,0.3,3,2,"q75",0,0
3,9,7.47925023584739,1.47925023584739,0.291504997277943,66.9417627891077,0.288356786495486,82.1310757191247,6.82727565651423,3.21960568833077,21,4860,960,140,3,"CB","CB_bar_q75","bridge_bar","elite top quartile",1,8111,0,"peripheral",3.23476418621738,2.76523581378262,10,0.435460593107319,0.3,3,2,"q75",0,0
4,12,8.35237974931415,2.35237974931415,0.260204939367373,59.7539578749541,0.223598600077933,63.6863580596826,7.24307867214862,3.08563937389237,33,6560,1260,190,5,"CB","CB_bar_q75","bridge_bar","elite top quartile",1,8111,0,"peripheral",3.23476418621738,2.76523581378262,10,0.435460593107319,0.3,3,2,"q75",0,0
5,15,9.06879557525317,3.06879557525317,0.122836880075271,28.2084951014152,0.173368071496586,49.3794731881144,7.71582861799419,3.18745783223516,38,8260,1560,240,7,"CB","CB_bar_q75","bridge_bar","elite top quartile",1,8111,0,"peripheral",3.23476418621738,2.76523581378262,10,0.435460593107319,0.3,3,2,"q75",0,0
6,18,9.48546727352733,3.48546727352733,0.102502776395785,23.5389328031626,0.152870102744916,43.5411496165,8.02371445338604,3.17940791583343,20,9960,1860,290,9,"CB","CB_bar_q75","bridge_bar","elite top quartile",1,8111,0,"peripheral",3.23476418621738,2.76523581378262,10,0.435460593107319,0.3,3,2,"q75",0,0
7,21,10.0528272070484,4.05282720704837,0.0895043039618639,20.5539388359317,0.12738767067981,36.2831288052595,8.27415122927602,3.10713588580477,20,11660,2160,340,11,"CB","CB_bar_q75","bridge_bar","elite top quartile",1,8111,0,"peripheral",3.23476418621738,2.76523581378262,10,0.435460593107319,0.3,3,2,"q75",0,0
8,24,10.3462316712516,4.34623167125162,0.0849378124653224,19.5052810311103,0.117558980291923,33.4836770417753,8.6194489692567,3.19555729074969,30,13360,2460,390,13,"CB","CB_bar_q75","bridge_bar","elite top quartile",1,8111,0,"peripheral",3.23476418621738,2.76523581378262,10,0.435460593107319,0.3,3,2,"q75",0,0
9,27,10.5817515052223,4.58175150522229,0.0647456261696436,14.8683089111779,0.0943441318499485,26.8715195879203,8.78788892707905,3.16168994840625,50,15060,2760,440,15,"CB","CB_bar_q75","bridge_bar","elite top quartile",1,8111,0,"peripheral",3.23476418621738,2.76523581378262,10,0.435460593107319,0.3,3,2,"q75",0,0
10,30,10.7404812016727,4.7404812016727,0.0641871141957658,14.7400511577283,0.078795163534256,22.4427925598141,8.58437008162184,3.2779970693313,1,16760,3060,490,16,"CB","CB_bar_q75","bridge_bar","elite top quartile",1,8111,0,"peripheral",3.23476418621738,2.76523581378262,10,0.435460593107319,0.3,3,2,"q75",0,0
11,33,11.0133292304271,5.01332923042709,0.0585582961009617,13.4474386495244,0.077082364554717,21.9549454576535,8.78184220469513,3.20333241125663,0,18460,3360,540,17,"CB","CB_bar_q75","bridge_bar","elite top quartile",1,8111,0,"peripheral",3.23476418621738,2.76523581378262,10,0.435460593107319,0.3,3,2,"q75",0,0
12,36,11.1186590943889,5.11865909438887,0.0683835365728734,15.7037255851117,0.0657984692198119,18.7410156819023,9.02713337388566,3.26212174181574,1,20160,3660,590,18,"CB","CB_bar_q75","bridge_bar","elite top quartile",1,8111,0,"peripheral",3.23476418621738,2.76523581378262,10,0.435460593107319,0.3,3,2,"q75",0,0
13,39,11.4362532308573,5.43625323085735,0.0255871830602836,5.8758894525222,0.0387309865592699,11.0315336373246,9.08171343588317,3.38842270976178,7,21860,3960,640,20,"CB","CB_bar_q75","bridge_bar","elite top quartile",1,8111,0,"peripheral",3.23476418621738,2.76523581378262,10,0.435460593107319,0.3,3,2,"q75",0,0
14,42,11.5920858263927,5.59208582639272,0.024033109820874,5.5190091138628,0.0318180372075141,9.06255633822292,9.24152445674395,3.44780714608752,0,23560,4260,690,22,"CB","CB_bar_q75","bridge_bar","elite top quartile",1,8111,0,"peripheral",3.23476418621738,2.76523581378262,10,0.435460593107319,0.3,3,2,"q75",0,0
15,45,11.7108137069593,5.71081370695934,0.0191765097483639,4.40373022310147,0.02460853905397,7.00911467679392,9.42100968311433,3.53813568086266,11,25260,4560,740,24,"CB","CB_bar_q75","bridge_bar","elite top quartile",1,8111,0,"peripheral",3.23476418621738,2.76523581378262,10,0.435460593107319,0.3,3,2,"q75",0,0
16,48,11.7441044935164,5.74410449351635,0.0269077522506047,6.17914747660606,0.02492265286572,7.09858198419044,9.37704545976116,3.38105932998179,11,26960,4860,790,26,"CB","CB_bar_q75","bridge_bar","elite top quartile",1,8111,0,"peripheral",3.23476418621738,2.76523581378262,10,0.435460593107319,0.3,3,2,"q75",0,0
17,51,11.7833394302334,5.78333943023343,0.0186477038351691,4.28229422600665,0.024931197732131,7.10101577143971,9.44327952375174,3.43355518472205,5,28660,5160,840,28,"CB","CB_bar_q75","bridge_bar","elite top quartile",1,8111,0,"peripheral",3.23476418621738,2.76523581378262,10,0.435460593107319,0.3,3,2,"q75",0,0
18,54,11.8154376487864,5.81543764878645,0.0154237439775944,3.54193794380682,0.0258561679283852,7.36446993927728,9.59962365091672,3.34113294900248,41,30360,5460,890,30,"CB","CB_bar_q75","bridge_bar","elite top quartile",1,8111,0,"peripheral",3.23476418621738,2.76523581378262,10,0.435460593107319,0.3,3,2,"q75",0,0
19,57,11.924508197953,5.92450819795302,0.0247939357980372,5.69372664036369,0.0331380096247875,9.43851681367349,9.60686004850852,3.47783381846792,52,32060,5760,940,32,"CB","CB_bar_q75","bridge_bar","elite top quartile",1,8111,0,"peripheral",3.23476418621738,2.76523581378262,10,0.435460593107319,0.3,3,2,"q75",0,0
20,60,12.091399609729,6.09139960972898,0.0422806147096036,9.70940089157127,0.0333221235752491,9.49095697639719,9.69655846632638,3.48981418605041,31,33760,6060,990,34,"CB","CB_bar_q75","bridge_bar","elite top quartile",1,8111,0,"peripheral",3.23476418621738,2.76523581378262,10,0.435460593107319,0.3,3,2,"q75",0,0
1,3,6.39175036830771,0.391750368307711,0.322108326753819,73.9695696584962,0.334646202833687,95.3154352914158,5.54089804337643,3.52544346385572,0,1460,360,40,0,"CB","CB_bar_parentMean","bridge_bar","mean of the selected elite parents",1,8111,0,"peripheral",3.32067188109556,2.67932811890444,10,0.435460593107319,0.3,3,2,"parentMean",0,0
2,6,7.16305010994455,1.16305010994455,0.204424146660062,46.944350394912,0.284547412045736,81.0460725701531,6.26625633950234,3.48586845960559,0,3160,660,90,0,"CB","CB_bar_parentMean","bridge_bar","mean of the selected elite parents",1,8111,0,"peripheral",3.32067188109556,2.67932811890444,10,0.435460593107319,0.3,3,2,"parentMean",0,0
3,9,7.67221284476412,1.67221284476412,0.159361361654606,36.5960466175481,0.224881347752165,64.0517160165431,6.99847588290188,3.48210271414292,6,4860,960,140,2,"CB","CB_bar_parentMean","bridge_bar","mean of the selected elite parents",1,8111,0,"peripheral",3.32067188109556,2.67932811890444,10,0.435460593107319,0.3,3,2,"parentMean",0,0
4,12,8.20926383516242,2.20926383516242,0.247513877023618,56.8395581463369,0.187223740911438,53.3259072141025,7.34473222473024,3.63432308459138,0,6560,1260,190,4,"CB","CB_bar_parentMean","bridge_bar","mean of the selected elite parents",1,8111,0,"peripheral",3.32067188109556,2.67932811890444,10,0.435460593107319,0.3,3,2,"parentMean",0,0
5,15,8.93901175018927,2.93901175018927,0.265595329380581,60.991817304379,0.169465833908992,48.2680203429229,7.76755410945246,3.69204177832203,3,8260,1560,240,5,"CB","CB_bar_parentMean","bridge_bar","mean of the selected elite parents",1,8111,0,"peripheral",3.32067188109556,2.67932811890444,10,0.435460593107319,0.3,3,2,"parentMean",0,0
6,18,9.37120427645742,3.37120427645742,0.118247604129795,27.154605032344,0.148304259203206,42.2406855414096,8.01959000812183,3.66889803055588,1,9960,1860,290,6,"CB","CB_bar_parentMean","bridge_bar","mean of the selected elite parents",1,8111,0,"peripheral",3.32067188109556,2.67932811890444,10,0.435460593107319,0.3,3,2,"parentMean",0,0
7,21,9.64828360148712,3.64828360148712,0.0958566544414061,22.0127046990409,0.13415425435026,38.2104175732877,7.98787025041488,3.57936942428498,3,11660,2160,340,7,"CB","CB_bar_parentMean","bridge_bar","mean of the selected elite parents",1,8111,0,"peripheral",3.32067188109556,2.67932811890444,10,0.435460593107319,0.3,3,2,"parentMean",0,0
8,24,9.91298176299817,3.91298176299817,0.0868123198734779,19.9357464825946,0.0987882032578515,28.1372999766519,8.20176523712285,3.55161136364033,0,13360,2460,390,8,"CB","CB_bar_parentMean","bridge_bar","mean of the selected elite parents",1,8111,0,"peripheral",3.32067188109556,2.67932811890444,10,0.435460593107319,0.3,3,2,"parentMean",0,0
9,27,10.1118882050992,4.11188820509919,0.0574772838043179,13.199192926776,0.0802241919713397,22.8498148608922,8.35957038550433,3.6047105137859,5,15060,2760,440,10,"CB","CB_bar_parentMean","bridge_bar","mean of the selected elite parents",1,8111,0,"peripheral",3.32067188109556,2.67932811890444,10,0.435460593107319,0.3,3,2,"parentMean",0,0
10,30,10.2922869591946,4.2922869591946,0.0631927145906758,14.5116953384349,0.0651134580537262,18.5459077233417,8.51339537717208,3.60824631997591,0,16760,3060,490,12,"CB","CB_bar_parentMean","bridge_bar","mean of the selected elite parents",1,8111,0,"peripheral",3.32067188109556,2.67932811890444,10,0.435460593107319,0.3,3,2,"parentMean",0,0
11,33,10.4633685876841,4.46336858768407,0.0481967240484388,11.067987508243,0.0629509071322705,17.9299602520332,8.40451150879402,3.63284010890149,0,18460,3360,540,14,"CB","CB_bar_parentMean","bridge_bar","mean of the selected elite parents",1,8111,0,"peripheral",3.32067188109556,2.67932811890444,10,0.435460593107319,0.3,3,2,"parentMean",0,0
12,36,10.5737421291851,4.5737421291851,0.0430115763886706,9.8772603237764,0.0558053037388013,15.8947173832927,8.67960797296289,3.61593343893947,0,20160,3660,590,16,"CB","CB_bar_parentMean","bridge_bar","mean of the selected elite parents",1,8111,0,"peripheral",3.32067188109556,2.67932811890444,10,0.435460593107319,0.3,3,2,"parentMean",0,0
13,39,10.8075336738431,4.80753367384314,0.049570163363026,11.3833867283622,0.0538800645116946,15.3463620951768,8.69368255283479,3.50060398286783,0,21860,3960,640,18,"CB","CB_bar_parentMean","bridge_bar","mean of the selected elite parents",1,8111,0,"peripheral",3.32067188109556,2.67932811890444,10,0.435460593107319,0.3,3,2,"parentMean",0,0
14,42,10.8976080677622,4.89760806776221,0.0402600859793978,9.24540282557227,0.045137465043337,12.8562556279621,8.83967326332005,3.46268692618882,0,23560,4260,690,20,"CB","CB_bar_parentMean","bridge_bar","mean of the selected elite parents",1,8111,0,"peripheral",3.32067188109556,2.67932811890444,10,0.435460593107319,0.3,3,2,"parentMean",0,0
15,45,10.8540840719329,4.85408407193288,0.0319440659176731,7.33569613951278,0.0350025531804305,9.96958448789492,8.94795165988555,3.51906911310348,1,25260,4560,740,21,"CB","CB_bar_parentMean","bridge_bar","mean of the selected elite parents",1,8111,0,"peripheral",3.32067188109556,2.67932811890444,10,0.435460593107319,0.3,3,2,"parentMean",0,0
16,48,10.9121109340516,4.91211093405158,0.0371683205249659,8.53540391789385,0.0293539513006619,8.36072431736541,9.01713108310849,3.34882769713982,11,26960,4860,790,23,"CB","CB_bar_parentMean","bridge_bar","mean of the selected elite parents",1,8111,0,"peripheral",3.32067188109556,2.67932811890444,10,0.435460593107319,0.3,3,2,"parentMean",0,0
17,51,11.1007236096316,5.10072360963161,0.0262180139472622,6.0207546589183,0.0283253048523075,8.06774061351449,8.9262041318502,3.42167162994573,2,28660,5160,840,25,"CB","CB_bar_parentMean","bridge_bar","mean of the selected elite parents",1,8111,0,"peripheral",3.32067188109556,2.67932811890444,10,0.435460593107319,0.3,3,2,"parentMean",0,0
18,54,11.148519905671,5.14851990567102,0.0243380920430013,5.58904581223568,0.0274532968415262,7.81937137333957,8.93051319493753,3.34969396223396,0,30360,5460,890,27,"CB","CB_bar_parentMean","bridge_bar","mean of the selected elite parents",1,8111,0,"peripheral",3.32067188109556,2.67932811890444,10,0.435460593107319,0.3,3,2,"parentMean",0,0
19,57,11.2495764756889,5.24957647568894,0.0237108663670916,5.44500851337609,0.0314511705459234,8.9580637270792,9.06924917373533,3.35713541059239,13,32060,5760,940,29,"CB","CB_bar_parentMean","bridge_bar","mean of the selected elite parents",1,8111,0,"peripheral",3.32067188109556,2.67932811890444,10,0.435460593107319,0.3,3,2,"parentMean",0,0
20,60,11.3124786017679,5.3124786017679,0.0304252301337452,6.98690779724514,0.0378615045562415,10.783883866029,9.1165480254614,3.47108261674084,5,33760,6060,990,30,"CB","CB_bar_parentMean","bridge_bar","mean of the selected elite parents",1,8111,0,"peripheral",3.32067188109556,2.67932811890444,10,0.435460593107319,0.3,3,2,"parentMean",0,0
1,3,6.39175036830771,0.391750368307711,0.322108326753819,73.9695696584962,0.334646202833687,95.3154352914158,5.8212813716409,4.07036129164821,0,1460,360,40,0,"CB","CB_donorImp1","donor_quality","donors pre-improved one cycle",1,8111,1,"peripheral",4.02341544712686,1.97658455287314,10,0.435460593107319,0.3,3,2,"poolMean",0,0
2,6,7.00973769549629,1.00973769549629,0.179346929640339,41.1855705152495,0.280603147053223,79.9226492906337,6.51941905951346,4.16943235517065,26,3160,660,90,2,"CB","CB_donorImp1","donor_quality","donors pre-improved one cycle",1,8111,1,"peripheral",4.02341544712686,1.97658455287314,10,0.435460593107319,0.3,3,2,"poolMean",0,0
3,9,7.31175800208498,1.31175800208498,0.189165042762646,43.4402207126987,0.239922131905323,68.3356997478481,6.89182284056345,4.04044822495522,134,4860,960,140,4,"CB","CB_donorImp1","donor_quality","donors pre-improved one cycle",1,8111,1,"peripheral",4.02341544712686,1.97658455287314,10,0.435460593107319,0.3,3,2,"poolMean",0,0
4,12,8.04468573195771,2.04468573195771,0.199877357684838,45.9002171146124,0.218883882739046,62.343491080686,7.48692805386104,3.94168914269676,80,6560,1260,190,6,"CB","CB_donorImp1","donor_quality","donors pre-improved one cycle",1,8111,1,"peripheral",4.02341544712686,1.97658455287314,10,0.435460593107319,0.3,3,2,"poolMean",0,0
5,15,8.71650671118429,2.71650671118429,0.128394681896888,29.4847992973834,0.186692421274993,53.1745743676581,7.67754489799657,3.90139231455892,138,8260,1560,240,8,"CB","CB_donorImp1","donor_quality","donors pre-improved one cycle",1,8111,1,"peripheral",4.02341544712686,1.97658455287314,10,0.435460593107319,0.3,3,2,"poolMean",0,0
6,18,9.12265799647957,3.12265799647957,0.127979391136058,29.389431136084,0.165883260062403,47.2476155609181,7.91081881114351,3.80860063697037,86,9960,1860,290,10,"CB","CB_donorImp1","donor_quality","donors pre-improved one cycle",1,8111,1,"peripheral",4.02341544712686,1.97658455287314,10,0.435460593107319,0.3,3,2,"poolMean",0,0
7,21,9.70576223217591,3.70576223217591,0.0928864930523751,21.330631180554,0.147451295566755,41.997740605511,8.20468412632674,3.76703918063144,34,11660,2160,340,12,"CB","CB_donorImp1","donor_quality","donors pre-improved one cycle",1,8111,1,"peripheral",4.02341544712686,1.97658455287314,10,0.435460593107319,0.3,3,2,"poolMean",0,0
8,24,10.0562125650083,4.05621256500831,0.0959120657402083,22.0254294552368,0.131424947743197,37.4330442007733,8.59312923543488,3.75058116964487,86,13360,2460,390,14,"CB","CB_donorImp1","donor_quality","donors pre-improved one cycle",1,8111,1,"peripheral",4.02341544712686,1.97658455287314,10,0.435460593107319,0.3,3,2,"poolMean",0,0
9,27,10.5184374458065,4.51843744580653,0.0923972091112669,21.2182710844046,0.110258173041486,31.4042283130535,8.68250077562549,3.759316637354,86,15060,2760,440,16,"CB","CB_donorImp1","donor_quality","donors pre-improved one cycle",1,8111,1,"peripheral",4.02341544712686,1.97658455287314,10,0.435460593107319,0.3,3,2,"poolMean",0,0
10,30,10.8275050788518,4.82750507885177,0.0654448893706051,15.0288890444964,0.100619976343663,28.6590338183951,8.95365186869161,3.68729668367946,4,16760,3060,490,18,"CB","CB_donorImp1","donor_quality","donors pre-improved one cycle",1,8111,1,"peripheral",4.02341544712686,1.97658455287314,10,0.435460593107319,0.3,3,2,"poolMean",0,0
11,33,10.9221131682192,4.92211316821919,0.0579643265895951,13.3110383596317,0.101138502835394,28.8067228638737,9.01762664777774,3.76034013261091,2,18460,3360,540,19,"CB","CB_donorImp1","donor_quality","donors pre-improved one cycle",1,8111,1,"peripheral",4.02341544712686,1.97658455287314,10,0.435460593107319,0.3,3,2,"poolMean",0,0
12,36,11.2425247569457,5.24252475694567,0.0769041022058864,17.660404505749,0.0719898115337974,20.5044616218193,9.30733616610762,3.61768341553153,14,20160,3660,590,21,"CB","CB_donorImp1","donor_quality","donors pre-improved one cycle",1,8111,1,"peripheral",4.02341544712686,1.97658455287314,10,0.435460593107319,0.3,3,2,"poolMean",0,0
13,39,11.6884266423304,5.6884266423304,0.0540924285139149,12.4218883109324,0.0544194514369462,15.4999927030711,9.50208062510806,3.61712476771778,25,21860,3960,640,23,"CB","CB_donorImp1","donor_quality","donors pre-improved one cycle",1,8111,1,"peripheral",4.02341544712686,1.97658455287314,10,0.435460593107319,0.3,3,2,"poolMean",0,0
14,42,11.7991871537303,5.79918715373029,0.0318881308441122,7.32285110268367,0.0456639023235339,13.00619785976,9.3468032839841,3.60948352023455,6,23560,4260,690,25,"CB","CB_donorImp1","donor_quality","donors pre-improved one cycle",1,8111,1,"peripheral",4.02341544712686,1.97658455287314,10,0.435460593107319,0.3,3,2,"poolMean",0,0
15,45,11.857460135655,5.85746013565495,0.0399848041210215,9.18218657529989,0.0448802495058502,12.7829943427251,9.41248692827461,3.62822144376471,39,25260,4560,740,27,"CB","CB_donorImp1","donor_quality","donors pre-improved one cycle",1,8111,1,"peripheral",4.02341544712686,1.97658455287314,10,0.435460593107319,0.3,3,2,"poolMean",0,0
16,48,11.9253078811803,5.9253078811803,0.0403880397749082,9.2747863788801,0.0464834847034211,13.2396349961585,9.3736520743438,3.56716812244525,26,26960,4860,790,29,"CB","CB_donorImp1","donor_quality","donors pre-improved one cycle",1,8111,1,"peripheral",4.02341544712686,1.97658455287314,10,0.435460593107319,0.3,3,2,"poolMean",0,0
17,51,12.0461961507641,6.04619615076406,0.0333473125639807,7.65794037206077,0.0500340870385109,14.2509335085878,9.68644819970892,3.6967434332009,13,28660,5160,840,31,"CB","CB_donorImp1","donor_quality","donors pre-improved one cycle",1,8111,1,"peripheral",4.02341544712686,1.97658455287314,10,0.435460593107319,0.3,3,2,"poolMean",0,0
18,54,12.1794913192834,6.17949131928343,0.0362913166827831,8.334007085192,0.0586617842686325,16.7083130039717,9.96769417958985,3.60099322974031,69,30360,5460,890,33,"CB","CB_donorImp1","donor_quality","donors pre-improved one cycle",1,8111,1,"peripheral",4.02341544712686,1.97658455287314,10,0.435460593107319,0.3,3,2,"poolMean",0,0
19,57,12.2675981701067,6.2675981701067,0.0444623609183508,10.210421246405,0.054667810344653,15.570731403215,10.010685941804,3.66872198737518,101,32060,5760,940,35,"CB","CB_donorImp1","donor_quality","donors pre-improved one cycle",1,8111,1,"peripheral",4.02341544712686,1.97658455287314,10,0.435460593107319,0.3,3,2,"poolMean",0,0
20,60,12.3639633091861,6.36396330918609,0.0245609203235351,5.64021652298674,0.0559737709433521,15.9427009695343,9.89023506504912,3.67239866341546,72,33760,6060,990,37,"CB","CB_donorImp1","donor_quality","donors pre-improved one cycle",1,8111,1,"peripheral",4.02341544712686,1.97658455287314,10,0.435460593107319,0.3,3,2,"poolMean",0,0
1,3,6.39175036830771,0.391750368307711,0.322108326753819,73.9695696584962,0.334646202833687,95.3154352914158,6.17830473307053,4.55376439006388,6,1460,360,40,2,"CB","CB_donorImp2","donor_quality","donors pre-improved two cycles",1,8111,2,"peripheral",4.55687985612408,1.44312014387592,10,0.435460593107319,0.3,3,2,"poolMean",0,0
2,6,7.05510778343848,1.05510778343848,0.222290553546583,51.047226101536,0.306698159951517,87.3551481275387,6.62706291766255,4.64110248391768,76,3160,660,90,4,"CB","CB_donorImp2","donor_quality","donors pre-improved two cycles",1,8111,2,"peripheral",4.55687985612408,1.44312014387592,10,0.435460593107319,0.3,3,2,"poolMean",0,0
3,9,7.64717806295887,1.64717806295887,0.259985365703917,59.7035345606678,0.26673529063956,75.9727441088796,7.47745906481841,4.61461060903475,139,4860,960,140,6,"CB","CB_donorImp2","donor_quality","donors pre-improved two cycles",1,8111,2,"peripheral",4.55687985612408,1.44312014387592,10,0.435460593107319,0.3,3,2,"poolMean",0,0
4,12,8.70867429611266,2.70867429611266,0.221443724344619,50.852758630686,0.281828686189084,80.2717128545173,8.1924645544636,4.63656913534583,88,6560,1260,190,8,"CB","CB_donorImp2","donor_quality","donors pre-improved two cycles",1,8111,2,"peripheral",4.55687985612408,1.44312014387592,10,0.435460593107319,0.3,3,2,"poolMean",0,0
5,15,9.45699889603135,3.45699889603135,0.221084049334181,50.7701621762351,0.276961771576583,78.8854963641207,8.96455790813282,4.66983595625858,218,8260,1560,240,10,"CB","CB_donorImp2","donor_quality","donors pre-improved two cycles",1,8111,2,"peripheral",4.55687985612408,1.44312014387592,10,0.435460593107319,0.3,3,2,"poolMean",0,0
6,18,10.3050054939828,4.3050054939828,0.258064522915943,59.2624285643094,0.224032520876325,63.8099493313915,9.22738856149745,4.64282479513401,127,9960,1860,290,12,"CB","CB_donorImp2","donor_quality","donors pre-improved two cycles",1,8111,2,"peripheral",4.55687985612408,1.44312014387592,10,0.435460593107319,0.3,3,2,"poolMean",0,0
7,21,11.1002984962003,5.10029849620031,0.121721480761253,27.9523526785018,0.193365215505288,55.0751496058798,9.47113738916319,4.59072913253032,32,11660,2160,340,14,"CB","CB_donorImp2","donor_quality","donors pre-improved two cycles",1,8111,2,"peripheral",4.55687985612408,1.44312014387592,10,0.435460593107319,0.3,3,2,"poolMean",0,0
8,24,11.4707361329144,5.47073613291438,0.135314533030729,31.0738870916342,0.179967426136282,51.2591310321263,9.86924350690134,4.69231461165538,86,13360,2460,390,16,"CB","CB_donorImp2","donor_quality","donors pre-improved two cycles",1,8111,2,"peripheral",4.55687985612408,1.44312014387592,10,0.435460593107319,0.3,3,2,"poolMean",0,0
9,27,11.9665883908732,5.96658839087321,0.122667085989054,28.1695032640583,0.148252827681731,42.2260365843451,10.1127595044898,4.6167634838326,81,15060,2760,440,18,"CB","CB_donorImp2","donor_quality","donors pre-improved two cycles",1,8111,2,"peripheral",4.55687985612408,1.44312014387592,10,0.435460593107319,0.3,3,2,"poolMean",0,0
10,30,12.4856002576596,6.48560025765961,0.0758227955970913,17.4120911965976,0.125806457447043,35.8327605468014,10.2184175700704,4.64089215571539,7,16760,3060,490,20,"CB","CB_donorImp2","donor_quality","donors pre-improved two cycles",1,8111,2,"peripheral",4.55687985612408,1.44312014387592,10,0.435460593107319,0.3,3,2,"poolMean",0,0
11,33,12.7002814163857,6.70028141638568,0.0986006158138232,22.6428332148813,0.110450971673636,31.4591420858419,10.3758898388746,4.60196090067851,1,18460,3360,540,21,"CB","CB_donorImp2","donor_quality","donors pre-improved two cycles",1,8111,2,"peripheral",4.55687985612408,1.44312014387592,10,0.435460593107319,0.3,3,2,"poolMean",0,0
12,36,13.1221433254422,7.12214332544217,0.0796220203115026,18.2845523961981,0.0804646395412609,22.9183002182569,10.8873831103022,4.54610903175532,15,20160,3660,590,23,"CB","CB_donorImp2","donor_quality","donors pre-improved two cycles",1,8111,2,"peripheral",4.55687985612408,1.44312014387592,10,0.435460593107319,0.3,3,2,"poolMean",0,0
13,39,13.3800513194539,7.38005131945391,0.0518744269773618,11.9125422135677,0.0666274853133587,18.9771397710176,10.7900259580451,4.59642729309221,6,21860,3960,640,25,"CB","CB_donorImp2","donor_quality","donors pre-improved two cycles",1,8111,2,"peripheral",4.55687985612408,1.44312014387592,10,0.435460593107319,0.3,3,2,"poolMean",0,0
14,42,13.5866064836195,7.5866064836195,0.0377303569855523,8.66447104118412,0.0550286435963305,15.6735055514349,11.0702175199692,4.54588851761472,16,23560,4260,690,27,"CB","CB_donorImp2","donor_quality","donors pre-improved two cycles",1,8111,2,"peripheral",4.55687985612408,1.44312014387592,10,0.435460593107319,0.3,3,2,"poolMean",0,0
15,45,13.6875515987315,7.68755159873152,0.0338507723228866,7.77355583000919,0.0501433141117713,14.2820440544277,11.117820560124,4.43016193943494,26,25260,4560,740,29,"CB","CB_donorImp2","donor_quality","donors pre-improved two cycles",1,8111,2,"peripheral",4.55687985612408,1.44312014387592,10,0.435460593107319,0.3,3,2,"poolMean",0,0
16,48,13.7611284241255,7.76112842412553,0.0380188110364845,8.73071217884342,0.0406140883783556,11.5678871595351,11.2146053444279,4.48998682867793,17,26960,4860,790,31,"CB","CB_donorImp2","donor_quality","donors pre-improved two cycles",1,8111,2,"peripheral",4.55687985612408,1.44312014387592,10,0.435460593107319,0.3,3,2,"poolMean",0,0
17,51,13.8100377522181,7.8100377522181,0.0235570414932497,5.40968387636491,0.0347860010269695,9.9079051304253,11.1605762332682,4.4196965611008,23,28660,5160,840,33,"CB","CB_donorImp2","donor_quality","donors pre-improved two cycles",1,8111,2,"peripheral",4.55687985612408,1.44312014387592,10,0.435460593107319,0.3,3,2,"poolMean",0,0
18,54,13.8317518422131,7.83175184221307,0.0320508227499902,7.36021198182019,0.0309366773378897,8.81152345958786,11.2867822175347,4.41299717131688,35,30360,5460,890,35,"CB","CB_donorImp2","donor_quality","donors pre-improved two cycles",1,8111,2,"peripheral",4.55687985612408,1.44312014387592,10,0.435460593107319,0.3,3,2,"poolMean",0,0
19,57,13.8580279440372,7.8580279440372,0.0214412589155474,4.92381153540184,0.02259488880651,6.43557776456814,11.3703605107704,4.53723205648805,67,32060,5760,940,37,"CB","CB_donorImp2","donor_quality","donors pre-improved two cycles",1,8111,2,"peripheral",4.55687985612408,1.44312014387592,10,0.435460593107319,0.3,3,2,"poolMean",0,0
20,60,14.0655009376035,8.06550093760352,0.0196247001080255,4.5066535109387,0.0193985786416431,5.52519034014525,11.2308061271974,4.45379841088244,80,33760,6060,990,39,"CB","CB_donorImp2","donor_quality","donors pre-improved two cycles",1,8111,2,"peripheral",4.55687985612408,1.44312014387592,10,0.435460593107319,0.3,3,2,"poolMean",0,0
1,3,6.39175036830771,0.391750368307711,0.322108326753819,73.9695696584962,0.334646202833687,95.3154352914158,6.31424914769904,5.1094284599917,44,1460,360,40,2,"CB","CB_donorImp3","donor_quality","donors pre-improved three cycles",1,8111,3,"peripheral",5.12732825265493,0.87267174734507,10,0.435460593107319,0.3,3,2,"poolMean",0,0
2,6,6.99015847074034,0.990158470740338,0.253503923436124,58.2151238134304,0.30171446316961,85.9356692148676,6.91108863878951,5.16564910098075,142,3160,660,90,4,"CB","CB_donorImp3","donor_quality","donors pre-improved three cycles",1,8111,3,"peripheral",5.12732825265493,0.87267174734507,10,0.435460593107319,0.3,3,2,"poolMean",0,0
3,9,7.731680047883,1.731680047883,0.263069958074458,60.4118862276993,0.264459852237759,75.3246435181364,7.69895089841185,5.29290706600073,161,4860,960,140,6,"CB","CB_donorImp3","donor_quality","donors pre-improved three cycles",1,8111,3,"peripheral",5.12732825265493,0.87267174734507,10,0.435460593107319,0.3,3,2,"poolMean",0,0
4,12,8.85723760688181,2.85723760688181,0.287679414133136,66.0632485893477,0.292424125539765,83.2895535031258,8.57367986231598,5.30726705017993,132,6560,1260,190,8,"CB","CB_donorImp3","donor_quality","donors pre-improved three cycles",1,8111,3,"peripheral",5.12732825265493,0.87267174734507,10,0.435460593107319,0.3,3,2,"poolMean",0,0
5,15,9.72601293406951,3.72601293406951,0.219264676246539,50.3523578751249,0.248139431134374,70.6761878403607,9.21001805410511,5.37939550489914,203,8260,1560,240,10,"CB","CB_donorImp3","donor_quality","donors pre-improved three cycles",1,8111,3,"peripheral",5.12732825265493,0.87267174734507,10,0.435460593107319,0.3,3,2,"poolMean",0,0
6,18,10.3279341052492,4.32793410524917,0.157716362463729,36.2182858702118,0.194023580279403,55.2626680193385,9.55864839809816,5.46961202361601,146,9960,1860,290,12,"CB","CB_donorImp3","donor_quality","donors pre-improved three cycles",1,8111,3,"peripheral",5.12732825265493,0.87267174734507,10,0.435460593107319,0.3,3,2,"poolMean",0,0
7,21,11.1988248842017,5.19882488420173,0.153162309534779,35.1724844817432,0.171752797398162,48.9194035608408,10.0365994838726,5.39967871885159,94,11660,2160,340,14,"CB","CB_donorImp3","donor_quality","donors pre-improved three cycles",1,8111,3,"peripheral",5.12732825265493,0.87267174734507,10,0.435460593107319,0.3,3,2,"poolMean",0,0
8,24,12.0134622320384,6.01346223203839,0.0995574397413441,22.8625600840093,0.143842399286468,40.9698385496552,10.6039161277739,5.33288031113161,77,13360,2460,390,16,"CB","CB_donorImp3","donor_quality","donors pre-improved three cycles",1,8111,3,"peripheral",5.12732825265493,0.87267174734507,10,0.435460593107319,0.3,3,2,"poolMean",0,0
9,27,12.5026479343814,6.50264793438136,0.112294325405338,25.7874827671635,0.120155261496739,34.2231615214452,10.7355471276011,5.40577458527704,82,15060,2760,440,18,"CB","CB_donorImp3","donor_quality","donors pre-improved three cycles",1,8111,3,"peripheral",5.12732825265493,0.87267174734507,10,0.435460593107319,0.3,3,2,"poolMean",0,0
10,30,12.9167787353777,6.91677873537768,0.066714582842095,15.3204638716076,0.101694284320512,28.9650230439813,10.7348666580642,5.43089588817529,15,16760,3060,490,20,"CB","CB_donorImp3","donor_quality","donors pre-improved three cycles",1,8111,3,"peripheral",5.12732825265493,0.87267174734507,10,0.435460593107319,0.3,3,2,"poolMean",0,0
11,33,13.1384133781344,7.13841337813441,0.0703915496429642,16.164849531084,0.103953165749516,29.6084078033303,10.8604306654163,5.36460195754849,4,18460,3360,540,22,"CB","CB_donorImp3","donor_quality","donors pre-improved three cycles",1,8111,3,"peripheral",5.12732825265493,0.87267174734507,10,0.435460593107319,0.3,3,2,"poolMean",0,0
12,36,13.4450980820245,7.44509808202447,0.0498732599298055,11.4529904012495,0.0870938803627514,24.8064703788669,11.1525022131745,5.35585914966586,9,20160,3660,590,24,"CB","CB_donorImp3","donor_quality","donors pre-improved three cycles",1,8111,3,"peripheral",5.12732825265493,0.87267174734507,10,0.435460593107319,0.3,3,2,"poolMean",0,0
13,39,13.5629231493648,7.5629231493648,0.0350157430366859,8.04108192358436,0.0729244986079811,20.7706833944935,11.1126455123575,5.40642906946766,42,21860,3960,640,26,"CB","CB_donorImp3","donor_quality","donors pre-improved three cycles",1,8111,3,"peripheral",5.12732825265493,0.87267174734507,10,0.435460593107319,0.3,3,2,"poolMean",0,0
14,42,13.7466526343001,7.74665263430009,0.0344647662443378,7.91455456357309,0.06392639863888,18.2078041265139,11.1563214519687,5.36884389934155,17,23560,4260,690,28,"CB","CB_donorImp3","donor_quality","donors pre-improved three cycles",1,8111,3,"peripheral",5.12732825265493,0.87267174734507,10,0.435460593107319,0.3,3,2,"poolMean",0,0
15,45,13.8226469376744,7.82264693767436,0.0352916393737168,8.10443928390535,0.0569713395614786,16.2268329461253,11.4101797213679,5.34504540498169,37,25260,4560,740,30,"CB","CB_donorImp3","donor_quality","donors pre-improved three cycles",1,8111,3,"peripheral",5.12732825265493,0.87267174734507,10,0.435460593107319,0.3,3,2,"poolMean",0,0
16,48,13.9473524669205,7.94735246692045,0.0477432242313366,10.9638449464864,0.0497958653293551,14.1830821308886,11.5735140934487,5.29368365360787,47,26960,4860,790,32,"CB","CB_donorImp3","donor_quality","donors pre-improved three cycles",1,8111,3,"peripheral",5.12732825265493,0.87267174734507,10,0.435460593107319,0.3,3,2,"poolMean",0,0
17,51,14.2581249340931,8.25812493409311,0.0190031571830238,4.36392120982128,0.0356770602967508,10.1617006357993,11.5968220697718,5.36882784210601,12,28660,5160,840,34,"CB","CB_donorImp3","donor_quality","donors pre-improved three cycles",1,8111,3,"peripheral",5.12732825265493,0.87267174734507,10,0.435460593107319,0.3,3,2,"poolMean",0,0
18,54,14.2462755895716,8.24627558957156,0.0237001642658072,5.44255086245342,0.0335096488069696,9.54436875557835,11.9417300809187,5.47096435266039,43,30360,5460,890,36,"CB","CB_donorImp3","donor_quality","donors pre-improved three cycles",1,8111,3,"peripheral",5.12732825265493,0.87267174734507,10,0.435460593107319,0.3,3,2,"poolMean",0,0
19,57,14.3003780401821,8.30037804018209,0.0278489541134919,6.39528686505705,0.0305649968140274,8.70565974255988,12.0857730218411,5.44473652703019,117,32060,5760,940,38,"CB","CB_donorImp3","donor_quality","donors pre-improved three cycles",1,8111,3,"peripheral",5.12732825265493,0.87267174734507,10,0.435460593107319,0.3,3,2,"poolMean",0,0
20,60,14.491930526556,8.49193052655596,0.00921468238255129,2.11607721304884,0.0230569447829812,6.56718262412855,11.7535987913404,5.46740009888134,46,33760,6060,990,40,"CB","CB_donorImp3","donor_quality","donors pre-improved three cycles",1,8111,3,"peripheral",5.12732825265493,0.87267174734507,10,0.435460593107319,0.3,3,2,"poolMean",0,0
1,3,6.19653600451544,0.196536004515439,0.294564208055809,67.6442857788544,0.337834009694564,96.223400766585,NA,NA,0,1260,260,30,0,"GSRS","GSRS_h2_0.15","heritability","h2 = 0.15",1,8111,0,"peripheral",NA,NA,10,0.435460593107319,0.15,3,2,"poolMean",0,0
2,6,6.65473830987732,0.654738309877322,0.299185041505818,68.7054227733723,0.317763551319747,90.5068426216098,NA,NA,0,2460,460,60,0,"GSRS","GSRS_h2_0.15","heritability","h2 = 0.15",1,8111,0,"peripheral",NA,NA,10,0.435460593107319,0.15,3,2,"poolMean",0,0
3,9,7.34792636269355,1.34792636269355,0.327716425310207,75.2574240924347,0.280436877606098,79.8752916795383,NA,NA,0,3660,660,90,0,"GSRS","GSRS_h2_0.15","heritability","h2 = 0.15",1,8111,0,"peripheral",NA,NA,10,0.435460593107319,0.15,3,2,"poolMean",0,0
4,12,7.9677844487805,1.9677844487805,0.17171907513841,39.4338954790543,0.228493716589562,65.0806071417199,NA,NA,0,4860,860,120,0,"GSRS","GSRS_h2_0.15","heritability","h2 = 0.15",1,8111,0,"peripheral",NA,NA,10,0.435460593107319,0.15,3,2,"poolMean",0,0
5,15,8.31003104590026,2.31003104590026,0.146079163260017,33.5458972803116,0.19522933113978,55.606095397676,NA,NA,0,6060,1060,150,0,"GSRS","GSRS_h2_0.15","heritability","h2 = 0.15",1,8111,0,"peripheral",NA,NA,10,0.435460593107319,0.15,3,2,"poolMean",0,0
6,18,8.55047485238079,2.55047485238079,0.11480039560688,26.3629815014254,0.143897682754635,40.985584635486,NA,NA,0,7260,1260,180,0,"GSRS","GSRS_h2_0.15","heritability","h2 = 0.15",1,8111,0,"peripheral",NA,NA,10,0.435460593107319,0.15,3,2,"poolMean",0,0
7,21,8.78778666836239,2.78778666836239,0.103350445553267,23.7335931629975,0.123313487099028,35.1227015296138,NA,NA,0,8460,1460,210,0,"GSRS","GSRS_h2_0.15","heritability","h2 = 0.15",1,8111,0,"peripheral",NA,NA,10,0.435460593107319,0.15,3,2,"poolMean",0,0
8,24,9.16203292131811,3.16203292131811,0.0529870344034892,12.1680435020283,0.0734233385818446,20.9127652374875,NA,NA,0,9660,1660,240,0,"GSRS","GSRS_h2_0.15","heritability","h2 = 0.15",1,8111,0,"peripheral",NA,NA,10,0.435460593107319,0.15,3,2,"poolMean",0,0
9,27,9.2577674383286,3.2577674383286,0.0502525018459142,11.5400802371868,0.0592219669162474,16.8678667429592,NA,NA,0,10860,1860,270,0,"GSRS","GSRS_h2_0.15","heritability","h2 = 0.15",1,8111,0,"peripheral",NA,NA,10,0.435460593107319,0.15,3,2,"poolMean",0,0
10,30,9.38143357714732,3.38143357714732,0.0416812270026923,9.571756356934,0.0491063597271976,13.9866940468494,NA,NA,0,12060,2060,300,0,"GSRS","GSRS_h2_0.15","heritability","h2 = 0.15",1,8111,0,"peripheral",NA,NA,10,0.435460593107319,0.15,3,2,"poolMean",0,0
11,33,9.45541691318371,3.45541691318371,0.0401923459018266,9.22984686513785,0.0444735178283341,12.667147198604,NA,NA,0,13260,2260,330,0,"GSRS","GSRS_h2_0.15","heritability","h2 = 0.15",1,8111,0,"peripheral",NA,NA,10,0.435460593107319,0.15,3,2,"poolMean",0,0
12,36,9.68644841400199,3.68644841400199,0.0283242929516718,6.50444458120951,0.0345641669310762,9.84472134637664,NA,NA,0,14460,2460,360,0,"GSRS","GSRS_h2_0.15","heritability","h2 = 0.15",1,8111,0,"peripheral",NA,NA,10,0.435460593107319,0.15,3,2,"poolMean",0,0
13,39,9.70439230962284,3.70439230962284,0.0350520002716914,8.04940810408828,0.027793139063568,7.91616676217118,NA,NA,0,15660,2660,390,0,"GSRS","GSRS_h2_0.15","heritability","h2 = 0.15",1,8111,0,"peripheral",NA,NA,10,0.435460593107319,0.15,3,2,"poolMean",0,0
14,42,9.89201559797906,3.89201559797906,0.0263216003886137,6.04454244660589,0.0259298563450535,7.38545820524655,NA,NA,0,16860,2860,420,0,"GSRS","GSRS_h2_0.15","heritability","h2 = 0.15",1,8111,0,"peripheral",NA,NA,10,0.435460593107319,0.15,3,2,"poolMean",0,0
15,45,10.1202877658419,4.12028776584187,0.021609010421114,4.96233431064759,0.0216685828384161,6.17174313619261,NA,NA,0,18060,3060,450,0,"GSRS","GSRS_h2_0.15","heritability","h2 = 0.15",1,8111,0,"peripheral",NA,NA,10,0.435460593107319,0.15,3,2,"poolMean",0,0
16,48,10.2980692767839,4.29806927678387,0.00989242915686036,2.27171627316972,0.0162374043101114,4.62481046166284,NA,NA,0,19260,3260,480,0,"GSRS","GSRS_h2_0.15","heritability","h2 = 0.15",1,8111,0,"peripheral",NA,NA,10,0.435460593107319,0.15,3,2,"poolMean",0,0
17,51,10.352434250263,4.35243425026303,0.0109952691180539,2.52497454237934,0.0117015808339673,3.33289683654824,NA,NA,0,20460,3460,510,0,"GSRS","GSRS_h2_0.15","heritability","h2 = 0.15",1,8111,0,"peripheral",NA,NA,10,0.435460593107319,0.15,3,2,"poolMean",0,0
18,54,10.4114786784134,4.41147867841344,0.00685118723099453,1.57331968482072,0.00872679312917634,2.48560443466011,NA,NA,0,21660,3660,540,0,"GSRS","GSRS_h2_0.15","heritability","h2 = 0.15",1,8111,0,"peripheral",NA,NA,10,0.435460593107319,0.15,3,2,"poolMean",0,0
19,57,10.4487913012855,4.44879130128548,0.00477328578603317,1.09614643933046,0.00559831601284116,1.59453752394152,NA,NA,0,22860,3860,570,0,"GSRS","GSRS_h2_0.15","heritability","h2 = 0.15",1,8111,0,"peripheral",NA,NA,10,0.435460593107319,0.15,3,2,"poolMean",0,0
20,60,10.4874731039225,4.48747310392255,0.00568955297650481,1.30655978211618,0.00519521767286673,1.47972524334617,NA,NA,0,24060,4060,600,0,"GSRS","GSRS_h2_0.15","heritability","h2 = 0.15",1,8111,0,"peripheral",NA,NA,10,0.435460593107319,0.15,3,2,"poolMean",0,0
1,3,6.19653600451544,0.196536004515439,0.294564208055809,67.6442857788544,0.337834009694564,96.223400766585,5.4401539114926,3.06694698495978,0,1460,360,40,0,"CB","CB_h2_0.15","heritability","h2 = 0.15",1,8111,0,"peripheral",3.21643594556037,2.78356405443963,10,0.435460593107319,0.15,3,2,"poolMean",0,0
2,6,6.60782128936642,0.607821289366422,0.230257113167715,52.876682026419,0.323233556119567,92.0648339692662,5.93671868133782,2.97704819302995,36,3160,660,90,2,"CB","CB_h2_0.15","heritability","h2 = 0.15",1,8111,0,"peripheral",3.21643594556037,2.78356405443963,10,0.435460593107319,0.15,3,2,"poolMean",0,0
3,9,6.95521834293126,0.955218342931264,0.326963212813646,75.0844549401204,0.286317107395532,81.5501251521656,6.42997952115145,2.95805369009029,117,4860,960,140,4,"CB","CB_h2_0.15","heritability","h2 = 0.15",1,8111,0,"peripheral",3.21643594556037,2.78356405443963,10,0.435460593107319,0.15,3,2,"poolMean",0,0
4,12,7.69895577892368,1.69895577892368,0.173171112302527,39.7673440590408,0.231092827405176,65.8208975638527,6.73306306627878,2.88461747438986,53,6560,1260,190,6,"CB","CB_h2_0.15","heritability","h2 = 0.15",1,8111,0,"peripheral",3.21643594556037,2.78356405443963,10,0.435460593107319,0.15,3,2,"poolMean",0,0
5,15,8.09689509648343,2.09689509648343,0.125840301494531,28.8982065165923,0.182791796153585,52.0635807923316,7.13172990358006,2.89506577589856,120,8260,1560,240,8,"CB","CB_h2_0.15","heritability","h2 = 0.15",1,8111,0,"peripheral",3.21643594556037,2.78356405443963,10,0.435460593107319,0.15,3,2,"poolMean",0,0
6,18,8.25194030959071,2.25194030959071,0.107601527519721,24.7098197225856,0.149174927854274,42.4886732991322,7.09776376155897,2.95090446042859,82,9960,1860,290,10,"CB","CB_h2_0.15","heritability","h2 = 0.15",1,8111,0,"peripheral",3.21643594556037,2.78356405443963,10,0.435460593107319,0.15,3,2,"poolMean",0,0
7,21,8.67275637146673,2.67275637146673,0.0822809805631071,18.8951610927579,0.12824496260988,36.5273065451963,7.27443733369443,2.93660068416461,57,11660,2160,340,12,"CB","CB_h2_0.15","heritability","h2 = 0.15",1,8111,0,"peripheral",3.21643594556037,2.78356405443963,10,0.435460593107319,0.15,3,2,"poolMean",0,0
8,24,8.84256493868307,2.84256493868307,0.105386768794796,24.2012183106597,0.103212410116553,29.3974224552146,7.47687751003096,2.81671954220667,85,13360,2460,390,14,"CB","CB_h2_0.15","heritability","h2 = 0.15",1,8111,0,"peripheral",3.21643594556037,2.78356405443963,10,0.435460593107319,0.15,3,2,"poolMean",0,0
9,27,9.17778791419181,3.17778791419181,0.0884718301737192,20.3168395887238,0.0925685829668419,26.3657997762462,7.51283838577623,2.78431715300588,78,15060,2760,440,16,"CB","CB_h2_0.15","heritability","h2 = 0.15",1,8111,0,"peripheral",3.21643594556037,2.78356405443963,10,0.435460593107319,0.15,3,2,"poolMean",0,0
10,30,9.41378223316343,3.41378223316343,0.0739106657442039,16.9729860552476,0.0755258689820498,21.5116173942191,7.46867727746977,2.8160078707356,19,16760,3060,490,17,"CB","CB_h2_0.15","heritability","h2 = 0.15",1,8111,0,"peripheral",3.21643594556037,2.78356405443963,10,0.435460593107319,0.15,3,2,"poolMean",0,0
11,33,9.57071099283785,3.57071099283785,0.039204091493645,9.00290224056695,0.0513602819009034,14.6286662888189,7.36033262896615,2.70133538344413,0,18460,3360,540,18,"CB","CB_h2_0.15","heritability","h2 = 0.15",1,8111,0,"peripheral",3.21643594556037,2.78356405443963,10,0.435460593107319,0.15,3,2,"poolMean",0,0
12,36,9.58365960589421,3.58365960589421,0.0453331194385924,10.4103838914811,0.0432440646853658,12.3169688296277,7.51988255543283,2.73097629054572,1,20160,3660,590,19,"CB","CB_h2_0.15","heritability","h2 = 0.15",1,8111,0,"peripheral",3.21643594556037,2.78356405443963,10,0.435460593107319,0.15,3,2,"poolMean",0,0
13,39,9.67698504877861,3.67698504877861,0.0457212990609834,10.4995261993122,0.0363158073721349,10.3436314481492,7.55976715869461,2.8294860906838,18,21860,3960,640,20,"CB","CB_h2_0.15","heritability","h2 = 0.15",1,8111,0,"peripheral",3.21643594556037,2.78356405443963,10,0.435460593107319,0.15,3,2,"poolMean",0,0
14,42,9.93382558770802,3.93382558770802,0.0343289884800452,7.8833742991722,0.0270421415099346,7.70226426418609,7.95174542036393,2.83700877192813,37,23560,4260,690,22,"CB","CB_h2_0.15","heritability","h2 = 0.15",1,8111,0,"peripheral",3.21643594556037,2.78356405443963,10,0.435460593107319,0.15,3,2,"poolMean",0,0
15,45,9.96991283220242,3.96991283220242,0.0239240146745931,5.49395629668309,0.0220210629965214,6.27213811876499,8.15710714549087,2.7887494587449,58,25260,4560,740,24,"CB","CB_h2_0.15","heritability","h2 = 0.15",1,8111,0,"peripheral",3.21643594556037,2.78356405443963,10,0.435460593107319,0.15,3,2,"poolMean",0,0
16,48,10.0720282325077,4.07202823250768,0.0293237412999811,6.73395980351184,0.0297011330154428,8.45961017350049,7.95449127669114,2.88896317170843,60,26960,4860,790,26,"CB","CB_h2_0.15","heritability","h2 = 0.15",1,8111,0,"peripheral",3.21643594556037,2.78356405443963,10,0.435460593107319,0.15,3,2,"poolMean",0,0
17,51,10.1123960573429,4.1123960573429,0.021893915207445,5.02776038842376,0.0238167778244419,6.78360168546068,8.02451772392754,2.83039362684204,33,28660,5160,840,28,"CB","CB_h2_0.15","heritability","h2 = 0.15",1,8111,0,"peripheral",3.21643594556037,2.78356405443963,10,0.435460593107319,0.15,3,2,"poolMean",0,0
18,54,10.1545134645018,4.15451346450184,0.0244009293386018,5.60347588848028,0.0285890148682759,8.14285168529682,8.20718949795684,2.89470945639592,86,30360,5460,890,30,"CB","CB_h2_0.15","heritability","h2 = 0.15",1,8111,0,"peripheral",3.21643594556037,2.78356405443963,10,0.435460593107319,0.15,3,2,"poolMean",0,0
19,57,10.2720359753608,4.27203597536081,0.0321216508201881,7.37647707476294,0.040583282252526,11.5591128203428,8.1027321566164,2.77823201196111,133,32060,5760,940,32,"CB","CB_h2_0.15","heritability","h2 = 0.15",1,8111,0,"peripheral",3.21643594556037,2.78356405443963,10,0.435460593107319,0.15,3,2,"poolMean",0,0
20,60,10.3248046625382,4.32480466253817,0.044836107649024,10.2962491574925,0.0386036804199822,10.9952737306569,8.15729667698876,2.75686792854647,66,33760,6060,990,34,"CB","CB_h2_0.15","heritability","h2 = 0.15",1,8111,0,"peripheral",3.21643594556037,2.78356405443963,10,0.435460593107319,0.15,3,2,"poolMean",0,0
1,3,6.40849983904959,0.408499839049592,0.262052609807717,60.1782604340351,0.332889742037302,94.8151522343778,NA,NA,0,1260,260,30,0,"GSRS","GSRS_h2_0.50","heritability","h2 = 0.50",1,8111,0,"peripheral",NA,NA,10,0.435460593107319,0.5,3,2,"poolMean",0,0
2,6,7.19214425892759,1.19214425892759,0.276337224701252,63.4586066053397,0.291111127083609,82.9155793826198,NA,NA,0,2460,460,60,0,"GSRS","GSRS_h2_0.50","heritability","h2 = 0.50",1,8111,0,"peripheral",NA,NA,10,0.435460593107319,0.5,3,2,"poolMean",0,0
3,9,8.13612925430705,2.13612925430705,0.198481239615357,45.5796099020241,0.265170547107253,75.5270668245166,NA,NA,0,3660,660,90,0,"GSRS","GSRS_h2_0.50","heritability","h2 = 0.50",1,8111,0,"peripheral",NA,NA,10,0.435460593107319,0.5,3,2,"poolMean",0,0
4,12,8.88691004770891,2.88691004770891,0.165906119882414,38.098997362438,0.223049297249644,63.5299031597262,NA,NA,0,4860,860,120,0,"GSRS","GSRS_h2_0.50","heritability","h2 = 0.50",1,8111,0,"peripheral",NA,NA,10,0.435460593107319,0.5,3,2,"poolMean",0,0
5,15,9.4825802387531,3.4825802387531,0.152264148408628,34.9662290500538,0.198025366230067,56.4024746766403,NA,NA,0,6060,1060,150,0,"GSRS","GSRS_h2_0.50","heritability","h2 = 0.50",1,8111,0,"peripheral",NA,NA,10,0.435460593107319,0.5,3,2,"poolMean",0,0
6,18,10.0937481223733,4.09374812237326,0.110786627198152,25.441252079232,0.178111536253502,50.7305281358966,NA,NA,0,7260,1260,180,0,"GSRS","GSRS_h2_0.50","heritability","h2 = 0.50",1,8111,0,"peripheral",NA,NA,10,0.435460593107319,0.5,3,2,"poolMean",0,0
7,21,10.4885664282596,4.48856642825957,0.115313880254512,26.4808990939149,0.155795937575715,44.3744990408378,NA,NA,0,8460,1460,210,0,"GSRS","GSRS_h2_0.50","heritability","h2 = 0.50",1,8111,0,"peripheral",NA,NA,10,0.435460593107319,0.5,3,2,"poolMean",0,0
8,24,10.8607859806322,4.86078598063221,0.0884290388701888,20.3070129122787,0.137504222295969,39.1645704973422,NA,NA,0,9660,1660,240,0,"GSRS","GSRS_h2_0.50","heritability","h2 = 0.50",1,8111,0,"peripheral",NA,NA,10,0.435460593107319,0.5,3,2,"poolMean",0,0
9,27,11.1453500929438,5.14535009294385,0.082326028926057,18.905506084627,0.1231417936289,35.0737990239128,NA,NA,0,10860,1860,270,0,"GSRS","GSRS_h2_0.50","heritability","h2 = 0.50",1,8111,0,"peripheral",NA,NA,10,0.435460593107319,0.5,3,2,"poolMean",0,0
10,30,11.4409835484041,5.44098354840411,0.0615604147146271,14.1368508859436,0.111467537651695,31.7486849758574,NA,NA,0,12060,2060,300,0,"GSRS","GSRS_h2_0.50","heritability","h2 = 0.50",1,8111,0,"peripheral",NA,NA,10,0.435460593107319,0.5,3,2,"poolMean",0,0
11,33,11.76175369566,5.76175369566,0.0515863098405666,11.8463784455126,0.085805506300547,24.4395098889007,NA,NA,0,13260,2260,330,0,"GSRS","GSRS_h2_0.50","heritability","h2 = 0.50",1,8111,0,"peripheral",NA,NA,10,0.435460593107319,0.5,3,2,"poolMean",0,0
12,36,11.9964157163956,5.99641571639564,0.0679194933752869,15.5971618213794,0.0697401734899437,19.8637096049658,NA,NA,0,14460,2460,360,0,"GSRS","GSRS_h2_0.50","heritability","h2 = 0.50",1,8111,0,"peripheral",NA,NA,10,0.435460593107319,0.5,3,2,"poolMean",0,0
13,39,12.345724796027,6.34572479602703,0.0357496466304544,8.20961694268484,0.0513715868243628,14.6318862079196,NA,NA,0,15660,2660,390,0,"GSRS","GSRS_h2_0.50","heritability","h2 = 0.50",1,8111,0,"peripheral",NA,NA,10,0.435460593107319,0.5,3,2,"poolMean",0,0
14,42,12.5021039709963,6.50210397099628,0.0220977230050004,5.07456319923635,0.040188942415991,11.4467951760552,NA,NA,0,16860,2860,420,0,"GSRS","GSRS_h2_0.50","heritability","h2 = 0.50",1,8111,0,"peripheral",NA,NA,10,0.435460593107319,0.5,3,2,"poolMean",0,0
15,45,12.5691653324178,6.56916533241783,0.0217591725161914,4.996817820167,0.0319710749597652,9.10614523852516,NA,NA,0,18060,3060,450,0,"GSRS","GSRS_h2_0.50","heritability","h2 = 0.50",1,8111,0,"peripheral",NA,NA,10,0.435460593107319,0.5,3,2,"poolMean",0,0
16,48,12.7894156760271,6.78941567602706,0.0262578555128808,6.0299039519311,0.0261412250199129,7.44566118104783,NA,NA,0,19260,3260,480,0,"GSRS","GSRS_h2_0.50","heritability","h2 = 0.50",1,8111,0,"peripheral",NA,NA,10,0.435460593107319,0.5,3,2,"poolMean",0,0
17,51,12.9609088612164,6.9609088612164,0.0198186253525651,4.55118687345398,0.0188068201434132,5.35664302549303,NA,NA,0,20460,3460,510,0,"GSRS","GSRS_h2_0.50","heritability","h2 = 0.50",1,8111,0,"peripheral",NA,NA,10,0.435460593107319,0.5,3,2,"poolMean",0,0
18,54,13.1348492883691,7.13484928836909,0.0122917333146664,2.82269704979644,0.0122380445072128,3.48569483066994,NA,NA,0,21660,3660,540,0,"GSRS","GSRS_h2_0.50","heritability","h2 = 0.50",1,8111,0,"peripheral",NA,NA,10,0.435460593107319,0.5,3,2,"poolMean",0,0
19,57,13.2129397789603,7.21293977896033,0.0059226418273333,1.36008674977248,0.00581703003876792,1.65683263564164,NA,NA,0,22860,3860,570,0,"GSRS","GSRS_h2_0.50","heritability","h2 = 0.50",1,8111,0,"peripheral",NA,NA,10,0.435460593107319,0.5,3,2,"poolMean",0,0
20,60,13.1948607078172,7.19486070781716,0.00441494014677153,1.01385526420837,0.00360288258345233,1.02618920769971,NA,NA,0,24060,4060,600,0,"GSRS","GSRS_h2_0.50","heritability","h2 = 0.50",1,8111,0,"peripheral",NA,NA,10,0.435460593107319,0.5,3,2,"poolMean",0,0
1,3,6.40849983904959,0.408499839049592,0.262052609807717,60.1782604340351,0.332889742037302,94.8151522343778,5.53374617088429,3.06694698495978,1,1460,360,40,1,"CB","CB_h2_0.50","heritability","h2 = 0.50",1,8111,0,"peripheral",3.21643594556037,2.78356405443963,10,0.435460593107319,0.5,3,2,"poolMean",0,0
2,6,7.17373419297507,1.17373419297507,0.283308363986289,65.0594723083169,0.320948148998837,91.4138940432014,6.58357876041297,2.97704819302995,61,3160,660,90,3,"CB","CB_h2_0.50","heritability","h2 = 0.50",1,8111,0,"peripheral",3.21643594556037,2.78356405443963,10,0.435460593107319,0.5,3,2,"poolMean",0,0
3,9,8.16100201059795,2.16100201059795,0.217227924432037,49.8846343091489,0.278117773336448,79.2147539800931,7.20692067332482,2.95805369009029,113,4860,960,140,5,"CB","CB_h2_0.50","heritability","h2 = 0.50",1,8111,0,"peripheral",3.21643594556037,2.78356405443963,10,0.435460593107319,0.5,3,2,"poolMean",0,0
4,12,8.87730467061742,2.87730467061742,0.179578758722157,41.238808187151,0.270844998381427,77.1432895357202,7.71191670549517,2.88461747438986,95,6560,1260,190,7,"CB","CB_h2_0.50","heritability","h2 = 0.50",1,8111,0,"peripheral",3.21643594556037,2.78356405443963,10,0.435460593107319,0.5,3,2,"poolMean",0,0
5,15,9.39804219047456,3.39804219047456,0.168090411323291,38.6006022092256,0.20971629064045,59.7323363027364,8.39842910692502,2.89506577589856,159,8260,1560,240,9,"CB","CB_h2_0.50","heritability","h2 = 0.50",1,8111,0,"peripheral",3.21643594556037,2.78356405443963,10,0.435460593107319,0.5,3,2,"poolMean",0,0
6,18,10.2364687214584,4.23646872145837,0.114632260377337,26.3243706070748,0.157778356956006,44.9391406371344,8.64069303574052,2.95090446042859,108,9960,1860,290,11,"CB","CB_h2_0.50","heritability","h2 = 0.50",1,8111,0,"peripheral",3.21643594556037,2.78356405443963,10,0.435460593107319,0.5,3,2,"poolMean",0,0
7,21,10.8353099822757,4.83530998227572,0.0899985588470239,20.6674404691411,0.13168710592988,37.5077132735653,8.72110074432189,2.93660068416461,37,11660,2160,340,13,"CB","CB_h2_0.50","heritability","h2 = 0.50",1,8111,0,"peripheral",3.21643594556037,2.78356405443963,10,0.435460593107319,0.5,3,2,"poolMean",0,0
8,24,11.3174170450901,5.31741704509006,0.0820698862709339,18.8466849974431,0.106847901976498,30.4328995835813,9.10724060654024,2.81671954220667,52,13360,2460,390,15,"CB","CB_h2_0.50","heritability","h2 = 0.50",1,8111,0,"peripheral",3.21643594556037,2.78356405443963,10,0.435460593107319,0.5,3,2,"poolMean",0,0
9,27,11.7199493969142,5.71994939691425,0.0475377060865756,10.9166493682839,0.0873262401543191,24.8726521388569,9.2917461108006,2.78431715300588,81,15060,2760,440,17,"CB","CB_h2_0.50","heritability","h2 = 0.50",1,8111,0,"peripheral",3.21643594556037,2.78356405443963,10,0.435460593107319,0.5,3,2,"poolMean",0,0
10,30,11.8973188739259,5.89731887392587,0.0468689937219599,10.7630849872124,0.0726490305062161,20.6922233318772,9.17560406072066,2.8160078707356,19,16760,3060,490,19,"CB","CB_h2_0.50","heritability","h2 = 0.50",1,8111,0,"peripheral",3.21643594556037,2.78356405443963,10,0.435460593107319,0.5,3,2,"poolMean",0,0
11,33,12.1381373881698,6.13813738816978,0.060266112521917,13.8396248652205,0.071605925862815,20.3951215799422,9.24406429917268,2.70133538344413,0,18460,3360,540,21,"CB","CB_h2_0.50","heritability","h2 = 0.50",1,8111,0,"peripheral",3.21643594556037,2.78356405443963,10,0.435460593107319,0.5,3,2,"poolMean",0,0
12,36,12.3155941137477,6.31559411374767,0.0446390856555973,10.2510046516645,0.0571170078272036,16.2683228361588,9.53351046360704,2.73097629054572,7,20160,3660,590,23,"CB","CB_h2_0.50","heritability","h2 = 0.50",1,8111,0,"peripheral",3.21643594556037,2.78356405443963,10,0.435460593107319,0.5,3,2,"poolMean",0,0
13,39,12.4507479834058,6.45074798340581,0.0185715617995078,4.26480882391369,0.0486286688193946,13.8506359758883,9.62251764216613,2.8294860906838,33,21860,3960,640,25,"CB","CB_h2_0.50","heritability","h2 = 0.50",1,8111,0,"peripheral",3.21643594556037,2.78356405443963,10,0.435460593107319,0.5,3,2,"poolMean",0,0
14,42,12.5696862689747,6.56968626897473,0.0207787899749144,4.77168090610519,0.0411757205189157,11.7278537496169,9.88262850880119,2.83700877192813,14,23560,4260,690,27,"CB","CB_h2_0.50","heritability","h2 = 0.50",1,8111,0,"peripheral",3.21643594556037,2.78356405443963,10,0.435460593107319,0.5,3,2,"poolMean",0,0
15,45,12.6617269433113,6.66172694331126,0.0125314396162474,2.87774366144746,0.0285384723761654,8.12845594557102,10.0676249249705,2.7887494587449,56,25260,4560,740,29,"CB","CB_h2_0.50","heritability","h2 = 0.50",1,8111,0,"peripheral",3.21643594556037,2.78356405443963,10,0.435460593107319,0.5,3,2,"poolMean",0,0
16,48,12.7438836298213,6.74388362982135,0.0211195438558765,4.84993227634529,0.0303784104339287,8.65251537131657,9.9760977326165,2.88896317170843,46,26960,4860,790,31,"CB","CB_h2_0.50","heritability","h2 = 0.50",1,8111,0,"peripheral",3.21643594556037,2.78356405443963,10,0.435460593107319,0.5,3,2,"poolMean",0,0
17,51,12.97623187423,6.97623187423004,0.0339691466414389,7.80073953398287,0.03312955703566,9.43610930925479,10.2411475279109,2.83039362684204,7,28660,5160,840,33,"CB","CB_h2_0.50","heritability","h2 = 0.50",1,8111,0,"peripheral",3.21643594556037,2.78356405443963,10,0.435460593107319,0.5,3,2,"poolMean",0,0
18,54,13.3237115347194,7.32371153471942,0.0225158067112541,5.17057273784245,0.0244032832995303,6.95065281045621,10.5342203680118,2.89470945639592,30,30360,5460,890,35,"CB","CB_h2_0.50","heritability","h2 = 0.50",1,8111,0,"peripheral",3.21643594556037,2.78356405443963,10,0.435460593107319,0.5,3,2,"poolMean",0,0
19,57,13.4739535354388,7.4739535354388,0.0140354061711857,3.22311740564931,0.0146850208225056,4.18265362077411,10.5422841332418,2.77823201196111,95,32060,5760,940,37,"CB","CB_h2_0.50","heritability","h2 = 0.50",1,8111,0,"peripheral",3.21643594556037,2.78356405443963,10,0.435460593107319,0.5,3,2,"poolMean",0,0
20,60,13.5264237533989,7.52642375339888,0.00714414178647801,1.64059432691705,0.0103298571009289,2.94219631878651,10.4102430351193,2.75686792854647,66,33760,6060,990,39,"CB","CB_h2_0.50","heritability","h2 = 0.50",1,8111,0,"peripheral",3.21643594556037,2.78356405443963,10,0.435460593107319,0.5,3,2,"poolMean",0,0
1,2,6.39175036830771,0.391750368307711,0.322108326753819,73.9695696584962,0.334646202833687,95.3154352914158,NA,NA,0,1260,260,30,0,"GSRS","GSRS_cyc2","cycle_length","2 yr",1,8111,0,"peripheral",NA,NA,10,0.435460593107319,0.3,2,2,"poolMean",0,0
2,4,6.98376275499114,0.983762754991142,0.240280344426247,55.1784359433485,0.296719227729544,84.5129038097284,NA,NA,0,2460,460,60,0,"GSRS","GSRS_cyc2","cycle_length","2 yr",1,8111,0,"peripheral",NA,NA,10,0.435460593107319,0.3,2,2,"poolMean",0,0
3,6,7.64227353266986,1.64227353266986,0.260210663304111,59.7552723306889,0.264955690566313,75.4658704190251,NA,NA,0,3660,660,90,0,"GSRS","GSRS_cyc2","cycle_length","2 yr",1,8111,0,"peripheral",NA,NA,10,0.435460593107319,0.3,2,2,"poolMean",0,0
4,8,8.3152610754071,2.3152610754071,0.258175445408086,59.2879010166732,0.223533179037182,63.6677245448733,NA,NA,0,4860,860,120,0,"GSRS","GSRS_cyc2","cycle_length","2 yr",1,8111,0,"peripheral",NA,NA,10,0.435460593107319,0.3,2,2,"poolMean",0,0
5,10,9.25809036783123,3.25809036783123,0.192743142911671,44.2619024459394,0.195970725629035,55.8172627077117,NA,NA,0,6060,1060,150,0,"GSRS","GSRS_cyc2","cycle_length","2 yr",1,8111,0,"peripheral",NA,NA,10,0.435460593107319,0.3,2,2,"poolMean",0,0
6,12,9.68086083744331,3.68086083744331,0.12874265627214,29.5647087956846,0.169220832090646,48.1982378240566,NA,NA,0,7260,1260,180,0,"GSRS","GSRS_cyc2","cycle_length","2 yr",1,8111,0,"peripheral",NA,NA,10,0.435460593107319,0.3,2,2,"poolMean",0,0
7,14,10.0566204429325,4.05662044293249,0.103913858853133,23.8629764662823,0.145401561040051,41.4139260067191,NA,NA,0,8460,1460,210,0,"GSRS","GSRS_cyc2","cycle_length","2 yr",1,8111,0,"peripheral",NA,NA,10,0.435460593107319,0.3,2,2,"poolMean",0,0
8,16,10.265017832412,4.26501783241201,0.0967327608131793,22.2138954349285,0.127059970041937,36.1897916369914,NA,NA,0,9660,1660,240,0,"GSRS","GSRS_cyc2","cycle_length","2 yr",1,8111,0,"peripheral",NA,NA,10,0.435460593107319,0.3,2,2,"poolMean",0,0
9,18,10.5180291739242,4.51802917392421,0.0642768524642366,14.7606588246197,0.116283198760686,33.1203032130664,NA,NA,0,10860,1860,270,0,"GSRS","GSRS_cyc2","cycle_length","2 yr",1,8111,0,"peripheral",NA,NA,10,0.435460593107319,0.3,2,2,"poolMean",0,0
10,20,10.8262962535265,4.82629625352649,0.0623132472522442,14.3097327837624,0.0752795645281574,21.4414638528426,NA,NA,0,12060,2060,300,0,"GSRS","GSRS_cyc2","cycle_length","2 yr",1,8111,0,"peripheral",NA,NA,10,0.435460593107319,0.3,2,2,"poolMean",0,0
11,22,10.9606903859164,4.96069038591637,0.0544204681870418,12.4972199662691,0.0730141000055516,20.7962040671915,NA,NA,0,13260,2260,330,0,"GSRS","GSRS_cyc2","cycle_length","2 yr",1,8111,0,"peripheral",NA,NA,10,0.435460593107319,0.3,2,2,"poolMean",0,0
12,24,11.0327761589413,5.03277615894134,0.0557876878606368,12.8111908961847,0.0611777771802125,17.4249294111703,NA,NA,0,14460,2460,360,0,"GSRS","GSRS_cyc2","cycle_length","2 yr",1,8111,0,"peripheral",NA,NA,10,0.435460593107319,0.3,2,2,"poolMean",0,0
13,26,11.2155891935375,5.21558919353746,0.0274901334807808,6.31288661153454,0.0353235312364948,10.0610069002029,NA,NA,0,15660,2660,390,0,"GSRS","GSRS_cyc2","cycle_length","2 yr",1,8111,0,"peripheral",NA,NA,10,0.435460593107319,0.3,2,2,"poolMean",0,0
14,28,11.2272643701914,5.22726437019143,0.0263576991761459,6.05283224093025,0.0285745416649175,8.13872936247803,NA,NA,0,16860,2860,420,0,"GSRS","GSRS_cyc2","cycle_length","2 yr",1,8111,0,"peripheral",NA,NA,10,0.435460593107319,0.3,2,2,"poolMean",0,0
15,30,11.3603643914543,5.36036439145435,0.0210145490863548,4.82582107749432,0.0218885689631809,6.23440057280022,NA,NA,0,18060,3060,450,0,"GSRS","GSRS_cyc2","cycle_length","2 yr",1,8111,0,"peripheral",NA,NA,10,0.435460593107319,0.3,2,2,"poolMean",0,0
16,32,11.4663625105337,5.46636251053368,0.0186770728135779,4.28903857414601,0.016836860406662,4.79555024085947,NA,NA,0,19260,3260,480,0,"GSRS","GSRS_cyc2","cycle_length","2 yr",1,8111,0,"peripheral",NA,NA,10,0.435460593107319,0.3,2,2,"poolMean",0,0
17,34,11.5734259678311,5.57342596783107,0.0168388512810263,3.86690588024722,0.013705636625472,3.90370101271423,NA,NA,0,20460,3460,510,0,"GSRS","GSRS_cyc2","cycle_length","2 yr",1,8111,0,"peripheral",NA,NA,10,0.435460593107319,0.3,2,2,"poolMean",0,0
18,36,11.6866294364061,5.68662943640605,0.0189973690663387,4.36259201568138,0.012329842390774,3.51184111637817,NA,NA,0,21660,3660,540,0,"GSRS","GSRS_cyc2","cycle_length","2 yr",1,8111,0,"peripheral",NA,NA,10,0.435460593107319,0.3,2,2,"poolMean",0,0
19,38,11.7756307861835,5.77563078618346,0.00992431442251772,2.27903846630546,0.00945826415458876,2.69394529913092,NA,NA,0,22860,3860,570,0,"GSRS","GSRS_cyc2","cycle_length","2 yr",1,8111,0,"peripheral",NA,NA,10,0.435460593107319,0.3,2,2,"poolMean",0,0
20,40,11.8192622919706,5.81926229197057,0.0101111009709567,2.32193248505147,0.00799309925268976,2.27663044775753,NA,NA,0,24060,4060,600,0,"GSRS","GSRS_cyc2","cycle_length","2 yr",1,8111,0,"peripheral",NA,NA,10,0.435460593107319,0.3,2,2,"poolMean",0,0
21,42,11.797396439191,5.797396439191,0.00570947906270317,1.31113564650294,0.00551926301946847,1.57202129512851,NA,NA,0,25260,4260,630,0,"GSRS","GSRS_cyc2","cycle_length","2 yr",1,8111,0,"peripheral",NA,NA,10,0.435460593107319,0.3,2,2,"poolMean",0,0
22,44,11.789996773012,5.78999677301204,0.00609588881017301,1.39987151688618,0.00589078949474933,1.67784113534728,NA,NA,0,26460,4460,660,0,"GSRS","GSRS_cyc2","cycle_length","2 yr",1,8111,0,"peripheral",NA,NA,10,0.435460593107319,0.3,2,2,"poolMean",0,0
23,46,11.7904675752702,5.7904675752702,0.00563592566380223,1.29424470388604,0.00593190569016236,1.68955203488875,NA,NA,0,27660,4660,690,0,"GSRS","GSRS_cyc2","cycle_length","2 yr",1,8111,0,"peripheral",NA,NA,10,0.435460593107319,0.3,2,2,"poolMean",0,0
24,48,11.8162773376984,5.81627733769835,0.00468223114927489,1.07523647911832,0.00412423804698982,1.17468401364057,NA,NA,0,28860,4860,720,0,"GSRS","GSRS_cyc2","cycle_length","2 yr",1,8111,0,"peripheral",NA,NA,10,0.435460593107319,0.3,2,2,"poolMean",0,0
25,50,11.8454928316459,5.84549283164593,0.00403551632013021,0.926723653989893,0.0032434542356973,0.923815210528226,NA,NA,0,30060,5060,750,0,"GSRS","GSRS_cyc2","cycle_length","2 yr",1,8111,0,"peripheral",NA,NA,10,0.435460593107319,0.3,2,2,"poolMean",0,0
26,52,11.8952511450592,5.8952511450592,0.0045638329427812,1.04804728947229,0.00363306778104004,1.03478669131993,NA,NA,0,31260,5260,780,0,"GSRS","GSRS_cyc2","cycle_length","2 yr",1,8111,0,"peripheral",NA,NA,10,0.435460593107319,0.3,2,2,"poolMean",0,0
27,54,11.8411965711047,5.84119657110473,0.00500143809576722,1.14853977028746,0.00412059827543075,1.17364731754907,NA,NA,0,32460,5460,810,0,"GSRS","GSRS_cyc2","cycle_length","2 yr",1,8111,0,"peripheral",NA,NA,10,0.435460593107319,0.3,2,2,"poolMean",0,0
28,56,11.8683423039025,5.86834230390255,0.00323414681838702,0.742695635283344,0.00349238278453206,0.994716158418071,NA,NA,0,33660,5660,840,0,"GSRS","GSRS_cyc2","cycle_length","2 yr",1,8111,0,"peripheral",NA,NA,10,0.435460593107319,0.3,2,2,"poolMean",0,0
29,58,11.8889159283968,5.8889159283968,0.00378354974958238,0.868861570821847,0.00342605933342287,0.975825615035325,NA,NA,0,34860,5860,870,0,"GSRS","GSRS_cyc2","cycle_length","2 yr",1,8111,0,"peripheral",NA,NA,10,0.435460593107319,0.3,2,2,"poolMean",0,0
30,60,11.925906701855,5.92590670185498,0.00252010379510063,0.578721435415754,0.00234511835950536,0.667947149417477,NA,NA,0,36060,6060,900,0,"GSRS","GSRS_cyc2","cycle_length","2 yr",1,8111,0,"peripheral",NA,NA,10,0.435460593107319,0.3,2,2,"poolMean",0,0
1,2,6.39175036830771,0.391750368307711,0.322108326753819,73.9695696584962,0.334646202833687,95.3154352914158,5.54897956190845,3.07794110189574,0,1460,360,40,0,"CB","CB_cyc2","cycle_length","2 yr",1,8111,0,"peripheral",3.25275723947079,2.74724276052921,10,0.435460593107319,0.3,2,2,"poolMean",0,0
2,4,6.94876043248988,0.948760432489884,0.228956601272314,52.5780299977426,0.302271553469844,86.094342177578,6.39068563303463,3.0347913757296,57,3160,660,90,2,"CB","CB_cyc2","cycle_length","2 yr",1,8111,0,"peripheral",3.25275723947079,2.74724276052921,10,0.435460593107319,0.3,2,2,"poolMean",0,0
3,6,7.44093912361031,1.44093912361031,0.198404510290726,45.5619896337736,0.275992166013122,78.6093289504173,6.67194962006076,2.87128441382317,89,4860,960,140,4,"CB","CB_cyc2","cycle_length","2 yr",1,8111,0,"peripheral",3.25275723947079,2.74724276052921,10,0.435460593107319,0.3,2,2,"poolMean",0,0
4,8,7.90851955007032,1.90851955007032,0.178146339457211,40.9098646988953,0.266494523581853,75.9041677535681,7.12450232398065,2.83798168312413,105,6560,1260,190,6,"CB","CB_cyc2","cycle_length","2 yr",1,8111,0,"peripheral",3.25275723947079,2.74724276052921,10,0.435460593107319,0.3,2,2,"poolMean",0,0
5,10,8.41987768599131,2.41987768599131,0.193548514848799,44.446849591531,0.250739180608949,71.4166601682088,7.2913611191008,2.90741614828845,139,8260,1560,240,8,"CB","CB_cyc2","cycle_length","2 yr",1,8111,0,"peripheral",3.25275723947079,2.74724276052921,10,0.435460593107319,0.3,2,2,"poolMean",0,0
6,12,8.89407981157487,2.89407981157487,0.144217339356075,33.1183444928925,0.230899696374516,65.7658891158267,7.70908692683992,2.86810777370545,136,9960,1860,290,10,"CB","CB_cyc2","cycle_length","2 yr",1,8111,0,"peripheral",3.25275723947079,2.74724276052921,10,0.435460593107319,0.3,2,2,"poolMean",0,0
7,14,9.4958086743282,3.4958086743282,0.12360592042612,28.3850989923346,0.208232979013309,59.3098528195335,7.84623277345579,2.85297262023646,71,11660,2160,340,12,"CB","CB_cyc2","cycle_length","2 yr",1,8111,0,"peripheral",3.25275723947079,2.74724276052921,10,0.435460593107319,0.3,2,2,"poolMean",0,0
8,16,9.97460887429463,3.97460887429463,0.132737747269093,30.4821491014642,0.197841045233923,56.3499755422347,8.33531949754351,2.84025826887024,89,13360,2460,390,14,"CB","CB_cyc2","cycle_length","2 yr",1,8111,0,"peripheral",3.25275723947079,2.74724276052921,10,0.435460593107319,0.3,2,2,"poolMean",0,0
9,18,10.4358027926163,4.43580279261628,0.102247641284702,23.480343090311,0.189776681432228,54.0530472053881,8.62850659314616,2.94849916289973,100,15060,2760,440,16,"CB","CB_cyc2","cycle_length","2 yr",1,8111,0,"peripheral",3.25275723947079,2.74724276052921,10,0.435460593107319,0.3,2,2,"poolMean",0,0
10,20,10.7789588638682,4.77895886386823,0.102554688421266,23.5508539795681,0.182107807672763,51.8687641195836,8.71022643649622,3.04015696372015,13,16760,3060,490,18,"CB","CB_cyc2","cycle_length","2 yr",1,8111,0,"peripheral",3.25275723947079,2.74724276052921,10,0.435460593107319,0.3,2,2,"poolMean",0,0
11,22,11.0153156134773,5.01531561347735,0.0967925124177867,22.2276169072163,0.167852403093541,47.8084757277887,8.75172879249375,3.16444765172966,11,18460,3360,540,20,"CB","CB_cyc2","cycle_length","2 yr",1,8111,0,"peripheral",3.25275723947079,2.74724276052921,10,0.435460593107319,0.3,2,2,"poolMean",0,0
12,24,11.3799389727754,5.37993897277538,0.0831848105921096,19.1027183420955,0.139418760088171,39.7098777546797,9.12603573651737,3.22635724102885,28,20160,3660,590,22,"CB","CB_cyc2","cycle_length","2 yr",1,8111,0,"peripheral",3.25275723947079,2.74724276052921,10,0.435460593107319,0.3,2,2,"poolMean",0,0
13,26,11.6448454924609,5.64484549246094,0.065729350895731,15.0942133309252,0.120155166031934,34.2231343307303,9.09094879919182,3.12427163857402,24,21860,3960,640,24,"CB","CB_cyc2","cycle_length","2 yr",1,8111,0,"peripheral",3.25275723947079,2.74724276052921,10,0.435460593107319,0.3,2,2,"poolMean",0,0
14,28,11.788242368361,5.78824236836102,0.0611428066224556,14.0409505682612,0.0989524836717081,28.1840910623538,9.40344555249767,3.10211294100567,11,23560,4260,690,26,"CB","CB_cyc2","cycle_length","2 yr",1,8111,0,"peripheral",3.25275723947079,2.74724276052921,10,0.435460593107319,0.3,2,2,"poolMean",0,0
15,30,11.9871536766394,5.98715367663941,0.0532955298506684,12.2388869840936,0.0744773397404485,21.2129705838482,9.6190934596248,3.13071103960655,83,25260,4560,740,28,"CB","CB_cyc2","cycle_length","2 yr",1,8111,0,"peripheral",3.25275723947079,2.74724276052921,10,0.435460593107319,0.3,2,2,"poolMean",0,0
16,32,12.1598868418805,6.15988684188047,0.0490303595781799,11.2594251590744,0.0623899579185778,17.7701881762506,9.44120432777672,3.13751716234149,26,26960,4860,790,30,"CB","CB_cyc2","cycle_length","2 yr",1,8111,0,"peripheral",3.25275723947079,2.74724276052921,10,0.435460593107319,0.3,2,2,"poolMean",0,0
17,34,12.3443098713197,6.34430987131971,0.0585088694338808,13.4360882155556,0.0619452045908148,17.6435115348482,9.65725248337438,3.11905648663107,17,28660,5160,840,32,"CB","CB_cyc2","cycle_length","2 yr",1,8111,0,"peripheral",3.25275723947079,2.74724276052921,10,0.435460593107319,0.3,2,2,"poolMean",0,0
18,36,12.4584933657473,6.45849336574729,0.0436193072073458,10.0168207864898,0.0538144286459466,15.3276673929464,10.088139417058,3.28387831662245,66,30360,5460,890,34,"CB","CB_cyc2","cycle_length","2 yr",1,8111,0,"peripheral",3.25275723947079,2.74724276052921,10,0.435460593107319,0.3,2,2,"poolMean",0,0
19,38,12.6295683256512,6.62956832565118,0.0421175063816455,9.67194438447514,0.0503720299738473,14.3471879340451,10.0293046907783,3.25427881323697,63,32060,5760,940,36,"CB","CB_cyc2","cycle_length","2 yr",1,8111,0,"peripheral",3.25275723947079,2.74724276052921,10,0.435460593107319,0.3,2,2,"poolMean",0,0
20,40,12.7850120548131,6.78501205481306,0.0243655473067685,5.59535069129978,0.0416921513644285,11.8749459037222,10.1562855087257,3.32535336028687,33,33760,6060,990,38,"CB","CB_cyc2","cycle_length","2 yr",1,8111,0,"peripheral",3.25275723947079,2.74724276052921,10,0.435460593107319,0.3,2,2,"poolMean",0,0
21,42,12.8644874549061,6.86448745490615,0.020112623337699,4.61870113072258,0.034641113687395,9.86663766728715,10.0304997487788,3.22144159565613,5,35460,6360,1040,39,"CB","CB_cyc2","cycle_length","2 yr",1,8111,0,"peripheral",3.25275723947079,2.74724276052921,10,0.435460593107319,0.3,2,2,"poolMean",0,0
22,44,12.8983708755086,6.89837087550857,0.0209044537389521,4.80053857222396,0.0309952702363282,8.82821215222014,10.0025514103947,3.23944542852186,2,37160,6660,1090,40,"CB","CB_cyc2","cycle_length","2 yr",1,8111,0,"peripheral",3.25275723947079,2.74724276052921,10,0.435460593107319,0.3,2,2,"poolMean",0,0
23,46,12.9728107745579,6.97281077455785,0.0292288862372001,6.71217710622937,0.023891883101596,6.80499350800045,10.1678097696367,3.22446896051899,4,38860,6960,1140,42,"CB","CB_cyc2","cycle_length","2 yr",1,8111,0,"peripheral",3.25275723947079,2.74724276052921,10,0.435460593107319,0.3,2,2,"poolMean",0,0
24,48,13.0125545786891,7.01255457868905,0.0236478255882513,5.43053170885276,0.0242669869680152,6.91183227683898,10.0866281558176,3.22746432372332,5,40560,7260,1190,43,"CB","CB_cyc2","cycle_length","2 yr",1,8111,0,"peripheral",3.25275723947079,2.74724276052921,10,0.435460593107319,0.3,2,2,"poolMean",0,0
25,50,13.0521167236145,7.05211672361454,0.0123791344611196,2.84276801553631,0.0202549546496818,5.76910720305344,10.2393145376753,3.15921987833712,33,42260,7560,1240,45,"CB","CB_cyc2","cycle_length","2 yr",1,8111,0,"peripheral",3.25275723947079,2.74724276052921,10,0.435460593107319,0.3,2,2,"poolMean",0,0
26,52,12.9750697343473,6.97506973434731,0.0120740201688602,2.77270098832675,0.0209990926469711,5.98105593137582,10.1898894107376,3.0770882055683,88,43960,7860,1290,47,"CB","CB_cyc2","cycle_length","2 yr",1,8111,0,"peripheral",3.25275723947079,2.74724276052921,10,0.435460593107319,0.3,2,2,"poolMean",0,0
27,54,12.9768116105638,6.97681161056382,0.0121218372576166,2.78368179566346,0.0254986349216888,7.26263578166321,9.90826572212645,3.04711832468713,0,45660,8160,1340,49,"CB","CB_cyc2","cycle_length","2 yr",1,8111,0,"peripheral",3.25275723947079,2.74724276052921,10,0.435460593107319,0.3,2,2,"poolMean",0,0
28,56,12.9097437377406,6.90974373774058,0.0104063500678441,2.3897340500061,0.0282049081637578,8.03344868765489,10.0469678482972,3.03646320874879,5,47360,8460,1390,51,"CB","CB_cyc2","cycle_length","2 yr",1,8111,0,"peripheral",3.25275723947079,2.74724276052921,10,0.435460593107319,0.3,2,2,"poolMean",0,0
29,58,12.9897411187818,6.98974111878178,0.0186420384171152,4.28099320861415,0.0281604529761288,8.02078676134605,10.2162227300102,3.0976598123011,25,49060,8760,1440,53,"CB","CB_cyc2","cycle_length","2 yr",1,8111,0,"peripheral",3.25275723947079,2.74724276052921,10,0.435460593107319,0.3,2,2,"poolMean",0,0
30,60,13.0356700032576,7.03567000325763,0.00916747675021284,2.10523682172855,0.0240901066607345,6.86145243287189,10.2877654802323,3.0301508526175,75,50760,9060,1490,55,"CB","CB_cyc2","cycle_length","2 yr",1,8111,0,"peripheral",3.25275723947079,2.74724276052921,10,0.435460593107319,0.3,2,2,"poolMean",0,0
1,4,6.39175036830771,0.391750368307711,0.322108326753819,73.9695696584962,0.334646202833687,95.3154352914158,NA,NA,0,1260,260,30,0,"GSRS","GSRS_cyc4","cycle_length","4 yr",1,8111,0,"peripheral",NA,NA,10,0.435460593107319,0.3,4,2,"poolMean",0,0
2,8,6.98376275499114,0.983762754991142,0.240280344426247,55.1784359433485,0.296719227729544,84.5129038097284,NA,NA,0,2460,460,60,0,"GSRS","GSRS_cyc4","cycle_length","4 yr",1,8111,0,"peripheral",NA,NA,10,0.435460593107319,0.3,4,2,"poolMean",0,0
3,12,7.64227353266986,1.64227353266986,0.260210663304111,59.7552723306889,0.264955690566313,75.4658704190251,NA,NA,0,3660,660,90,0,"GSRS","GSRS_cyc4","cycle_length","4 yr",1,8111,0,"peripheral",NA,NA,10,0.435460593107319,0.3,4,2,"poolMean",0,0
4,16,8.3152610754071,2.3152610754071,0.258175445408086,59.2879010166732,0.223533179037182,63.6677245448733,NA,NA,0,4860,860,120,0,"GSRS","GSRS_cyc4","cycle_length","4 yr",1,8111,0,"peripheral",NA,NA,10,0.435460593107319,0.3,4,2,"poolMean",0,0
5,20,9.25809036783123,3.25809036783123,0.192743142911671,44.2619024459394,0.195970725629035,55.8172627077117,NA,NA,0,6060,1060,150,0,"GSRS","GSRS_cyc4","cycle_length","4 yr",1,8111,0,"peripheral",NA,NA,10,0.435460593107319,0.3,4,2,"poolMean",0,0
6,24,9.68086083744331,3.68086083744331,0.12874265627214,29.5647087956846,0.169220832090646,48.1982378240566,NA,NA,0,7260,1260,180,0,"GSRS","GSRS_cyc4","cycle_length","4 yr",1,8111,0,"peripheral",NA,NA,10,0.435460593107319,0.3,4,2,"poolMean",0,0
7,28,10.0566204429325,4.05662044293249,0.103913858853133,23.8629764662823,0.145401561040051,41.4139260067191,NA,NA,0,8460,1460,210,0,"GSRS","GSRS_cyc4","cycle_length","4 yr",1,8111,0,"peripheral",NA,NA,10,0.435460593107319,0.3,4,2,"poolMean",0,0
8,32,10.265017832412,4.26501783241201,0.0967327608131793,22.2138954349285,0.127059970041937,36.1897916369914,NA,NA,0,9660,1660,240,0,"GSRS","GSRS_cyc4","cycle_length","4 yr",1,8111,0,"peripheral",NA,NA,10,0.435460593107319,0.3,4,2,"poolMean",0,0
9,36,10.5180291739242,4.51802917392421,0.0642768524642366,14.7606588246197,0.116283198760686,33.1203032130664,NA,NA,0,10860,1860,270,0,"GSRS","GSRS_cyc4","cycle_length","4 yr",1,8111,0,"peripheral",NA,NA,10,0.435460593107319,0.3,4,2,"poolMean",0,0
10,40,10.8262962535265,4.82629625352649,0.0623132472522442,14.3097327837624,0.0752795645281574,21.4414638528426,NA,NA,0,12060,2060,300,0,"GSRS","GSRS_cyc4","cycle_length","4 yr",1,8111,0,"peripheral",NA,NA,10,0.435460593107319,0.3,4,2,"poolMean",0,0
11,44,10.9606903859164,4.96069038591637,0.0544204681870418,12.4972199662691,0.0730141000055516,20.7962040671915,NA,NA,0,13260,2260,330,0,"GSRS","GSRS_cyc4","cycle_length","4 yr",1,8111,0,"peripheral",NA,NA,10,0.435460593107319,0.3,4,2,"poolMean",0,0
12,48,11.0327761589413,5.03277615894134,0.0557876878606368,12.8111908961847,0.0611777771802125,17.4249294111703,NA,NA,0,14460,2460,360,0,"GSRS","GSRS_cyc4","cycle_length","4 yr",1,8111,0,"peripheral",NA,NA,10,0.435460593107319,0.3,4,2,"poolMean",0,0
13,52,11.2155891935375,5.21558919353746,0.0274901334807808,6.31288661153454,0.0353235312364948,10.0610069002029,NA,NA,0,15660,2660,390,0,"GSRS","GSRS_cyc4","cycle_length","4 yr",1,8111,0,"peripheral",NA,NA,10,0.435460593107319,0.3,4,2,"poolMean",0,0
14,56,11.2272643701914,5.22726437019143,0.0263576991761459,6.05283224093025,0.0285745416649175,8.13872936247803,NA,NA,0,16860,2860,420,0,"GSRS","GSRS_cyc4","cycle_length","4 yr",1,8111,0,"peripheral",NA,NA,10,0.435460593107319,0.3,4,2,"poolMean",0,0
15,60,11.3603643914543,5.36036439145435,0.0210145490863548,4.82582107749432,0.0218885689631809,6.23440057280022,NA,NA,0,18060,3060,450,0,"GSRS","GSRS_cyc4","cycle_length","4 yr",1,8111,0,"peripheral",NA,NA,10,0.435460593107319,0.3,4,2,"poolMean",0,0
1,4,6.39175036830771,0.391750368307711,0.322108326753819,73.9695696584962,0.334646202833687,95.3154352914158,5.40822200007241,3.4942709954469,0,1460,360,40,0,"CB","CB_cyc4","cycle_length","4 yr",1,8111,0,"peripheral",3.43637121626838,2.56362878373162,10,0.435460593107319,0.3,4,2,"poolMean",0,0
2,8,6.92706653412471,0.927066534124707,0.20129163608947,46.2249947011536,0.313834052399787,89.3876250812293,6.1047989332984,3.40173032337463,35,3160,660,90,2,"CB","CB_cyc4","cycle_length","4 yr",1,8111,0,"peripheral",3.43637121626838,2.56362878373162,10,0.435460593107319,0.3,4,2,"poolMean",0,0
3,12,7.28803133390261,1.28803133390261,0.23481368804211,53.923062559243,0.291447510035015,83.011389486444,6.81435115303843,3.31886770083005,131,4860,960,140,4,"CB","CB_cyc4","cycle_length","4 yr",1,8111,0,"peripheral",3.43637121626838,2.56362878373162,10,0.435460593107319,0.3,4,2,"poolMean",0,0
4,16,8.04559448071665,2.04559448071665,0.253802220663637,58.2836253569074,0.27795802768646,79.1692545062142,7.24310557116091,3.32126811191865,114,6560,1260,190,6,"CB","CB_cyc4","cycle_length","4 yr",1,8111,0,"peripheral",3.43637121626838,2.56362878373162,10,0.435460593107319,0.3,4,2,"poolMean",0,0
5,20,8.65773980157914,2.65773980157914,0.275188756960426,63.1948702859103,0.26385317753753,75.1518477038018,7.87670394617222,3.20634853965268,176,8260,1560,240,8,"CB","CB_cyc4","cycle_length","4 yr",1,8111,0,"peripheral",3.43637121626838,2.56362878373162,10,0.435460593107319,0.3,4,2,"poolMean",0,0
6,24,9.65169138352857,3.65169138352857,0.161086707803274,36.9922583933041,0.242413935217818,69.0454263647347,8.18669397904799,3.0469840107298,93,9960,1860,290,10,"CB","CB_cyc4","cycle_length","4 yr",1,8111,0,"peripheral",3.43637121626838,2.56362878373162,10,0.435460593107319,0.3,4,2,"poolMean",0,0
7,28,10.1056802468268,4.10568024682679,0.164748700627745,37.8332054003203,0.215502416475355,61.3803666641597,8.62032681437476,2.9545436428211,63,11660,2160,340,12,"CB","CB_cyc4","cycle_length","4 yr",1,8111,0,"peripheral",3.43637121626838,2.56362878373162,10,0.435460593107319,0.3,4,2,"poolMean",0,0
8,32,10.5689247501243,4.56892475012429,0.174363508660767,40.0411682298415,0.185682041555332,52.8867934755589,9.23293388665264,3.02529165411309,125,13360,2460,390,14,"CB","CB_cyc4","cycle_length","4 yr",1,8111,0,"peripheral",3.43637121626838,2.56362878373162,10,0.435460593107319,0.3,4,2,"poolMean",0,0
9,36,11.534152891353,5.53415289135295,0.122519047173451,28.1355073484815,0.138555928370683,39.4641221475962,9.35142832776368,3.0415887609263,68,15060,2760,440,16,"CB","CB_cyc4","cycle_length","4 yr",1,8111,0,"peripheral",3.43637121626838,2.56362878373162,10,0.435460593107319,0.3,4,2,"poolMean",0,0
10,40,11.8100775578398,5.81007755783981,0.123328853586374,28.3214728355407,0.117791279850293,33.5498416458751,9.47928596804535,3.22512181014983,17,16760,3060,490,17,"CB","CB_cyc4","cycle_length","4 yr",1,8111,0,"peripheral",3.43637121626838,2.56362878373162,10,0.435460593107319,0.3,4,2,"poolMean",0,0
11,44,12.2485038090535,6.24850380905355,0.147211459545459,33.8059199559256,0.106648974175147,30.3762400732783,9.63830351769491,3.11985417953022,4,18460,3360,540,19,"CB","CB_cyc4","cycle_length","4 yr",1,8111,0,"peripheral",3.43637121626838,2.56362878373162,10,0.435460593107319,0.3,4,2,"poolMean",0,0
12,48,12.5663787540669,6.56637875406687,0.115290276169703,26.4754786069217,0.103573962377517,29.5004013948905,10.1513536174011,3.27460728275847,37,20160,3660,590,21,"CB","CB_cyc4","cycle_length","4 yr",1,8111,0,"peripheral",3.43637121626838,2.56362878373162,10,0.435460593107319,0.3,4,2,"poolMean",0,0
13,52,13.0372980710703,7.03729807107032,0.066137136763236,15.1878580542273,0.0752345072197086,21.4286304277761,10.3795633905219,3.14422962849954,57,21860,3960,640,23,"CB","CB_cyc4","cycle_length","4 yr",1,8111,0,"peripheral",3.43637121626838,2.56362878373162,10,0.435460593107319,0.3,4,2,"poolMean",0,0
14,56,13.4341757352145,7.43417573521454,0.0326304076494847,7.49330896204491,0.0538694717370186,15.3433450134928,10.4460599646497,3.07057222482133,25,23560,4260,690,25,"CB","CB_cyc4","cycle_length","4 yr",1,8111,0,"peripheral",3.43637121626838,2.56362878373162,10,0.435460593107319,0.3,4,2,"poolMean",0,0
15,60,13.3617744107756,7.36177441077562,0.054222329623044,12.4517190490486,0.0563742570468872,16.0567692212084,10.4546875826275,3.08896456104454,58,25260,4560,740,27,"CB","CB_cyc4","cycle_length","4 yr",1,8111,0,"peripheral",3.43637121626838,2.56362878373162,10,0.435460593107319,0.3,4,2,"poolMean",0,0
1,3,6.13824004555916,0.138240045559156,0.432924065072912,101.203088535679,0.418990092159034,99.199837370713,NA,NA,0,1260,260,30,0,"GSRS","GSRS_gxe0.5","gxe","varGxE/varA = 0.5",1,8111,0,"peripheral",NA,NA,7,0.427777522738634,0.3,3,2,"poolMean",0,0.5
2,6,7.09442368940682,1.09442368940682,0.22763373556096,53.2131127656375,0.308702400315178,73.0881910582051,NA,NA,0,2460,460,60,0,"GSRS","GSRS_gxe0.5","gxe","varGxE/varA = 0.5",1,8111,0,"peripheral",NA,NA,7,0.427777522738634,0.3,3,2,"poolMean",0,0.5
3,9,7.69037744105841,1.69037744105841,0.191820017968106,44.8410698954152,0.284513136263535,67.361155729815,NA,NA,0,3660,660,90,0,"GSRS","GSRS_gxe0.5","gxe","varGxE/varA = 0.5",1,8111,0,"peripheral",NA,NA,7,0.427777522738634,0.3,3,2,"poolMean",0,0.5
4,12,7.86856824112741,1.86856824112741,0.131267872019432,30.6860143513513,0.266683614393723,63.1398490617529,NA,NA,0,4860,860,120,0,"GSRS","GSRS_gxe0.5","gxe","varGxE/varA = 0.5",1,8111,0,"peripheral",NA,NA,7,0.427777522738634,0.3,3,2,"poolMean",0,0.5
5,15,8.19365517355176,2.19365517355176,0.140416049797053,32.8245506912352,0.225236039689488,53.3267466829262,NA,NA,0,6060,1060,150,0,"GSRS","GSRS_gxe0.5","gxe","varGxE/varA = 0.5",1,8111,0,"peripheral",NA,NA,7,0.427777522738634,0.3,3,2,"poolMean",0,0.5
6,18,8.56447782663834,2.56447782663834,0.128552812566438,30.0513247501743,0.202378829045855,47.9150875028426,NA,NA,0,7260,1260,180,0,"GSRS","GSRS_gxe0.5","gxe","varGxE/varA = 0.5",1,8111,0,"peripheral",NA,NA,7,0.427777522738634,0.3,3,2,"poolMean",0,0.5
7,21,8.82475186493599,2.82475186493599,0.133807776719591,31.2797586612202,0.193528665664765,45.8197282460534,NA,NA,0,8460,1460,210,0,"GSRS","GSRS_gxe0.5","gxe","varGxE/varA = 0.5",1,8111,0,"peripheral",NA,NA,7,0.427777522738634,0.3,3,2,"poolMean",0,0.5
8,24,9.30423725900379,3.30423725900379,0.112477249467219,26.2933986683402,0.163423409045235,38.6920261439057,NA,NA,0,9660,1660,240,0,"GSRS","GSRS_gxe0.5","gxe","varGxE/varA = 0.5",1,8111,0,"peripheral",NA,NA,7,0.427777522738634,0.3,3,2,"poolMean",0,0.5
9,27,9.71293261517861,3.71293261517861,0.0995863251547125,23.2799340454263,0.129154475314992,30.5785344014387,NA,NA,0,10860,1860,270,0,"GSRS","GSRS_gxe0.5","gxe","varGxE/varA = 0.5",1,8111,0,"peripheral",NA,NA,7,0.427777522738634,0.3,3,2,"poolMean",0,0.5
10,30,10.216068454226,4.21606845422604,0.0543120978436146,12.6963421303458,0.0907477516707166,21.4853820554689,NA,NA,0,12060,2060,300,0,"GSRS","GSRS_gxe0.5","gxe","varGxE/varA = 0.5",1,8111,0,"peripheral",NA,NA,7,0.427777522738634,0.3,3,2,"poolMean",0,0.5
11,33,10.3391769904126,4.33917699041263,0.0427039209095234,9.98274070973452,0.0744062371767791,17.616375101542,NA,NA,0,13260,2260,330,0,"GSRS","GSRS_gxe0.5","gxe","varGxE/varA = 0.5",1,8111,0,"peripheral",NA,NA,7,0.427777522738634,0.3,3,2,"poolMean",0,0.5
12,36,10.5221548974665,4.52215489746651,0.04196973439381,9.81111259075034,0.0556305486303432,13.1710545911404,NA,NA,0,14460,2460,360,0,"GSRS","GSRS_gxe0.5","gxe","varGxE/varA = 0.5",1,8111,0,"peripheral",NA,NA,7,0.427777522738634,0.3,3,2,"poolMean",0,0.5
13,39,10.6419904351581,4.64199043515811,0.046409619867585,10.8490085150969,0.0503913807696981,11.9306324201632,NA,NA,0,15660,2660,390,0,"GSRS","GSRS_gxe0.5","gxe","varGxE/varA = 0.5",1,8111,0,"peripheral",NA,NA,7,0.427777522738634,0.3,3,2,"poolMean",0,0.5
14,42,10.6846368713676,4.68463687136761,0.0393087704442949,9.18906869922476,0.0473689047764664,11.2150328568407,NA,NA,0,16860,2860,420,0,"GSRS","GSRS_gxe0.5","gxe","varGxE/varA = 0.5",1,8111,0,"peripheral",NA,NA,7,0.427777522738634,0.3,3,2,"poolMean",0,0.5
15,45,10.8632475954992,4.86324759549921,0.0390477044424089,9.1280402468146,0.0359274070199475,8.506150861862,NA,NA,0,18060,3060,450,0,"GSRS","GSRS_gxe0.5","gxe","varGxE/varA = 0.5",1,8111,0,"peripheral",NA,NA,7,0.427777522738634,0.3,3,2,"poolMean",0,0.5
16,48,11.0229127891753,5.02291278917533,0.0205579893670971,4.80576661332853,0.0264126739271253,6.25344848751697,NA,NA,0,19260,3260,480,0,"GSRS","GSRS_gxe0.5","gxe","varGxE/varA = 0.5",1,8111,0,"peripheral",NA,NA,7,0.427777522738634,0.3,3,2,"poolMean",0,0.5
17,51,11.0973865341506,5.09738653415058,0.025110225349535,5.86992630860528,0.027029126659199,6.39939945846554,NA,NA,0,20460,3460,510,0,"GSRS","GSRS_gxe0.5","gxe","varGxE/varA = 0.5",1,8111,0,"peripheral",NA,NA,7,0.427777522738634,0.3,3,2,"poolMean",0,0.5
18,54,11.2039484094726,5.20394840947259,0.0200620019174485,4.68982142610287,0.0220492156706158,5.2203587855883,NA,NA,0,21660,3660,540,0,"GSRS","GSRS_gxe0.5","gxe","varGxE/varA = 0.5",1,8111,0,"peripheral",NA,NA,7,0.427777522738634,0.3,3,2,"poolMean",0,0.5
19,57,11.3055486620265,5.30554866202654,0.0133006834276898,3.10925252513006,0.0164254500359968,3.88887948141074,NA,NA,0,22860,3860,570,0,"GSRS","GSRS_gxe0.5","gxe","varGxE/varA = 0.5",1,8111,0,"peripheral",NA,NA,7,0.427777522738634,0.3,3,2,"poolMean",0,0.5
20,60,11.3664483267008,5.36644832670079,0.0119359854611073,2.79023203105508,0.0109325962022262,2.58839477495061,NA,NA,0,24060,4060,600,0,"GSRS","GSRS_gxe0.5","gxe","varGxE/varA = 0.5",1,8111,0,"peripheral",NA,NA,7,0.427777522738634,0.3,3,2,"poolMean",0,0.5
1,3,6.13824004555916,0.138240045559156,0.432924065072912,101.203088535679,0.418990092159034,99.199837370713,5.27088841176272,3.3260417480941,2,1460,360,40,2,"CB","CB_gxe0.5","gxe","varGxE/varA = 0.5",1,8111,0,"peripheral",3.45067171744963,2.54932828255037,7,0.427777522738634,0.3,3,2,"poolMean",0,0.5
2,6,6.86130341965243,0.861303419652433,0.475426315873428,111.13868555546,0.370863249311963,87.8053555609065,6.33535928772635,3.4330652813712,114,3160,660,90,4,"CB","CB_gxe0.5","gxe","varGxE/varA = 0.5",1,8111,0,"peripheral",3.45067171744963,2.54932828255037,7,0.427777522738634,0.3,3,2,"poolMean",0,0.5
3,9,7.9233896570663,1.9233896570663,0.28680342993328,67.04499761866,0.283267636112837,67.066271877651,7.11202317136446,3.431164643379,102,4860,960,140,6,"CB","CB_gxe0.5","gxe","varGxE/varA = 0.5",1,8111,0,"peripheral",3.45067171744963,2.54932828255037,7,0.427777522738634,0.3,3,2,"poolMean",0,0.5
4,12,8.64991984807775,2.64991984807775,0.188707413753042,44.1134476970498,0.244841528710516,57.9685302450089,7.49891433768288,3.63724503464632,83,6560,1260,190,8,"CB","CB_gxe0.5","gxe","varGxE/varA = 0.5",1,8111,0,"peripheral",3.45067171744963,2.54932828255037,7,0.427777522738634,0.3,3,2,"poolMean",0,0.5
5,15,9.1691335941752,3.1691335941752,0.182766262420251,42.7246062977271,0.236503487433405,55.9944207036172,7.88655726076371,3.64126577363437,55,8260,1560,240,10,"CB","CB_gxe0.5","gxe","varGxE/varA = 0.5",1,8111,0,"peripheral",3.45067171744963,2.54932828255037,7,0.427777522738634,0.3,3,2,"poolMean",0,0.5
6,18,9.73359226023543,3.73359226023543,0.180065843248305,42.0933391019525,0.177578393998171,42.0433517040893,8.43168566357351,3.70166521604914,119,9960,1860,290,12,"CB","CB_gxe0.5","gxe","varGxE/varA = 0.5",1,8111,0,"peripheral",3.45067171744963,2.54932828255037,7,0.427777522738634,0.3,3,2,"poolMean",0,0.5
7,21,10.5022914995264,4.50229149952642,0.106939483493002,24.9988552012679,0.151608263260465,35.8946794708118,8.81059977920813,3.62295314177272,117,11660,2160,340,14,"CB","CB_gxe0.5","gxe","varGxE/varA = 0.5",1,8111,0,"peripheral",3.45067171744963,2.54932828255037,7,0.427777522738634,0.3,3,2,"poolMean",0,0.5
8,24,10.8730365441863,4.87303654418626,0.0989720573374118,23.1363388856413,0.119760977405358,28.3545355947459,9.22896923897191,3.59129595030953,137,13360,2460,390,16,"CB","CB_gxe0.5","gxe","varGxE/varA = 0.5",1,8111,0,"peripheral",3.45067171744963,2.54932828255037,7,0.427777522738634,0.3,3,2,"poolMean",0,0.5
9,27,11.0840608673092,5.08406086730925,0.0994404670619978,23.2458373280998,0.0892698969661147,21.1354860815602,9.0613410470862,3.50963191453801,78,15060,2760,440,18,"CB","CB_gxe0.5","gxe","varGxE/varA = 0.5",1,8111,0,"peripheral",3.45067171744963,2.54932828255037,7,0.427777522738634,0.3,3,2,"poolMean",0,0.5
10,30,11.3014750680711,5.3014750680711,0.0741399856258572,17.3314355441615,0.0813737071433445,19.265989019635,9.1580976466252,3.56076529949902,30,16760,3060,490,20,"CB","CB_gxe0.5","gxe","varGxE/varA = 0.5",1,8111,0,"peripheral",3.45067171744963,2.54932828255037,7,0.427777522738634,0.3,3,2,"poolMean",0,0.5
11,33,11.3826256828138,5.38262568281377,0.055896689793406,13.0667664433501,0.0667574508705772,15.8054531445365,9.10449690991138,3.60917367228178,59,18460,3360,540,22,"CB","CB_gxe0.5","gxe","varGxE/varA = 0.5",1,8111,0,"peripheral",3.45067171744963,2.54932828255037,7,0.427777522738634,0.3,3,2,"poolMean",0,0.5
12,36,11.5864027455469,5.58640274554689,0.0791325511973564,18.4985294904579,0.0665927790409755,15.7664655431069,9.43347548266051,3.63289920865412,7,20160,3660,590,24,"CB","CB_gxe0.5","gxe","varGxE/varA = 0.5",1,8111,0,"peripheral",3.45067171744963,2.54932828255037,7,0.427777522738634,0.3,3,2,"poolMean",0,0.5
13,39,11.7547463260556,5.75474632605564,0.0627704863266015,14.6736289285946,0.0641566680715308,15.1896934033633,9.42749961417576,3.6881402276872,3,21860,3960,640,26,"CB","CB_gxe0.5","gxe","varGxE/varA = 0.5",1,8111,0,"peripheral",3.45067171744963,2.54932828255037,7,0.427777522738634,0.3,3,2,"poolMean",0,0.5
14,42,11.9617332554914,5.9617332554914,0.0735058186811184,17.1831886375268,0.0698113346792902,16.5284888029988,9.88315694921456,3.77953782917188,81,23560,4260,690,28,"CB","CB_gxe0.5","gxe","varGxE/varA = 0.5",1,8111,0,"peripheral",3.45067171744963,2.54932828255037,7,0.427777522738634,0.3,3,2,"poolMean",0,0.5
15,45,12.2351040844799,6.23510408447992,0.0444840082612654,10.3988652738177,0.0597730924062746,14.1518407160722,9.77690251525979,3.74701708146027,44,25260,4560,740,30,"CB","CB_gxe0.5","gxe","varGxE/varA = 0.5",1,8111,0,"peripheral",3.45067171744963,2.54932828255037,7,0.427777522738634,0.3,3,2,"poolMean",0,0.5
16,48,12.4302231516596,6.43022315165961,0.0467828291820229,10.9362523029539,0.0463482481532459,10.9733828204088,10.2984904389249,3.77409458538595,51,26960,4860,790,32,"CB","CB_gxe0.5","gxe","varGxE/varA = 0.5",1,8111,0,"peripheral",3.45067171744963,2.54932828255037,7,0.427777522738634,0.3,3,2,"poolMean",0,0.5
17,51,12.5577693877892,6.55776938778919,0.0228126163905035,5.33282259536617,0.032688922317678,7.73940920900513,10.1049835919004,3.66662754779666,36,28660,5160,840,34,"CB","CB_gxe0.5","gxe","varGxE/varA = 0.5",1,8111,0,"peripheral",3.45067171744963,2.54932828255037,7,0.427777522738634,0.3,3,2,"poolMean",0,0.5
18,54,12.6445405412636,6.64454054126363,0.014931849445721,3.490564289149,0.0200811280881822,4.75439557604628,10.0302914198978,3.45651867111162,41,30360,5460,890,36,"CB","CB_gxe0.5","gxe","varGxE/varA = 0.5",1,8111,0,"peripheral",3.45067171744963,2.54932828255037,7,0.427777522738634,0.3,3,2,"poolMean",0,0.5
19,57,12.7479049369994,6.74790493699937,0.0203135676075852,4.74862902509174,0.0271452842101625,6.42690084902488,9.90915947669007,3.44025508058281,42,32060,5760,940,38,"CB","CB_gxe0.5","gxe","varGxE/varA = 0.5",1,8111,0,"peripheral",3.45067171744963,2.54932828255037,7,0.427777522738634,0.3,3,2,"poolMean",0,0.5
20,60,12.6794792022083,6.67947920220827,0.0139294034305367,3.25622611991407,0.0191904739647914,4.5435248517801,10.1686047144441,3.43821441140144,113,33760,6060,990,40,"CB","CB_gxe0.5","gxe","varGxE/varA = 0.5",1,8111,0,"peripheral",3.45067171744963,2.54932828255037,7,0.427777522738634,0.3,3,2,"poolMean",0,0.5
1,3,6.31415228496685,0.314152284966854,0.241955060230594,79.8377927103921,0.332452628678162,97.0154365913844,NA,NA,0,1260,260,30,0,"GSRS","GSRS_gxe1.0","gxe","varGxE/varA = 1.0",1,8111,0,"peripheral",NA,NA,11,0.303058303613521,0.3,3,2,"poolMean",0,1
2,6,6.21354460719421,0.213544607194214,0.283521147329055,93.5533341104616,0.281122003281328,82.0362708281816,NA,NA,0,2460,460,60,0,"GSRS","GSRS_gxe1.0","gxe","varGxE/varA = 1.0",1,8111,0,"peripheral",NA,NA,11,0.303058303613521,0.3,3,2,"poolMean",0,1
3,9,6.77645441447354,0.776454414473541,0.22902481865361,75.5712072306973,0.230512441239627,67.2675238439986,NA,NA,0,3660,660,90,0,"GSRS","GSRS_gxe1.0","gxe","varGxE/varA = 1.0",1,8111,0,"peripheral",NA,NA,11,0.303058303613521,0.3,3,2,"poolMean",0,1
4,12,7.43815692320928,1.43815692320928,0.140739039633772,46.4395919714679,0.194004119656661,56.6137631212373,NA,NA,0,4860,860,120,0,"GSRS","GSRS_gxe1.0","gxe","varGxE/varA = 1.0",1,8111,0,"peripheral",NA,NA,11,0.303058303613521,0.3,3,2,"poolMean",0,1
5,15,7.75156244868343,1.75156244868343,0.118310076824224,39.038718099307,0.153734442122658,44.8623735687198,NA,NA,0,6060,1060,150,0,"GSRS","GSRS_gxe1.0","gxe","varGxE/varA = 1.0",1,8111,0,"peripheral",NA,NA,11,0.303058303613521,0.3,3,2,"poolMean",0,1
6,18,8.17015242155451,2.17015242155451,0.105051985393169,34.6639521638509,0.142506473447999,41.5858577916076,NA,NA,0,7260,1260,180,0,"GSRS","GSRS_gxe1.0","gxe","varGxE/varA = 1.0",1,8111,0,"peripheral",NA,NA,11,0.303058303613521,0.3,3,2,"poolMean",0,1
7,21,8.20458458910264,2.20458458910264,0.115095815075395,37.9781097244485,0.135110877267877,39.4276947019643,NA,NA,0,8460,1460,210,0,"GSRS","GSRS_gxe1.0","gxe","varGxE/varA = 1.0",1,8111,0,"peripheral",NA,NA,11,0.303058303613521,0.3,3,2,"poolMean",0,1
8,24,8.39740907587949,2.39740907587949,0.0903760581268504,29.8213436323143,0.119953444892167,35.004493341275,NA,NA,0,9660,1660,240,0,"GSRS","GSRS_gxe1.0","gxe","varGxE/varA = 1.0",1,8111,0,"peripheral",NA,NA,11,0.303058303613521,0.3,3,2,"poolMean",0,1
9,27,8.40649354704027,2.40649354704027,0.0926935430572974,30.5860429996685,0.105222272922784,30.7056821518591,NA,NA,0,10860,1860,270,0,"GSRS","GSRS_gxe1.0","gxe","varGxE/varA = 1.0",1,8111,0,"peripheral",NA,NA,11,0.303058303613521,0.3,3,2,"poolMean",0,1
10,30,8.4487154550178,2.4487154550178,0.0741367309393439,24.4628607945644,0.08744333057416,25.5174787649803,NA,NA,0,12060,2060,300,0,"GSRS","GSRS_gxe1.0","gxe","varGxE/varA = 1.0",1,8111,0,"peripheral",NA,NA,11,0.303058303613521,0.3,3,2,"poolMean",0,1
11,33,8.57392902494304,2.57392902494304,0.0791925700456965,26.1311335480475,0.083161608595865,24.2679981134396,NA,NA,0,13260,2260,330,0,"GSRS","GSRS_gxe1.0","gxe","varGxE/varA = 1.0",1,8111,0,"peripheral",NA,NA,11,0.303058303613521,0.3,3,2,"poolMean",0,1
12,36,8.90805544665244,2.90805544665244,0.0798655608760229,26.3532000026874,0.0820347699698902,23.9391670805744,NA,NA,0,14460,2460,360,0,"GSRS","GSRS_gxe1.0","gxe","varGxE/varA = 1.0",1,8111,0,"peripheral",NA,NA,11,0.303058303613521,0.3,3,2,"poolMean",0,1
13,39,9.10669654038679,3.10669654038679,0.0846107497242356,27.9189676426542,0.0804723551251869,23.4832273609866,NA,NA,0,15660,2660,390,0,"GSRS","GSRS_gxe1.0","gxe","varGxE/varA = 1.0",1,8111,0,"peripheral",NA,NA,11,0.303058303613521,0.3,3,2,"poolMean",0,1
14,42,9.05084677214878,3.05084677214878,0.0578106119935141,19.0757393228327,0.0738731938750437,21.5574777816702,NA,NA,0,16860,2860,420,0,"GSRS","GSRS_gxe1.0","gxe","varGxE/varA = 1.0",1,8111,0,"peripheral",NA,NA,11,0.303058303613521,0.3,3,2,"poolMean",0,1
15,45,9.04513872349376,3.04513872349376,0.0472064474055504,15.5766883278509,0.0653921693392127,19.0825678934335,NA,NA,0,18060,3060,450,0,"GSRS","GSRS_gxe1.0","gxe","varGxE/varA = 1.0",1,8111,0,"peripheral",NA,NA,11,0.303058303613521,0.3,3,2,"poolMean",0,1
16,48,9.07503386346133,3.07503386346133,0.0437889412421373,14.4490154930649,0.0600552597652214,17.5251652209741,NA,NA,0,19260,3260,480,0,"GSRS","GSRS_gxe1.0","gxe","varGxE/varA = 1.0",1,8111,0,"peripheral",NA,NA,11,0.303058303613521,0.3,3,2,"poolMean",0,1
17,51,9.24691486409486,3.24691486409486,0.0446540574901136,14.7344774776603,0.049238108023391,14.3685329420191,NA,NA,0,20460,3460,510,0,"GSRS","GSRS_gxe1.0","gxe","varGxE/varA = 1.0",1,8111,0,"peripheral",NA,NA,11,0.303058303613521,0.3,3,2,"poolMean",0,1
18,54,9.53120487428929,3.53120487428929,0.0410696228865889,13.5517233472551,0.042122587712308,12.2921008431084,NA,NA,0,21660,3660,540,0,"GSRS","GSRS_gxe1.0","gxe","varGxE/varA = 1.0",1,8111,0,"peripheral",NA,NA,11,0.303058303613521,0.3,3,2,"poolMean",0,1
19,57,9.55659038911976,3.55659038911976,0.027554649245382,9.09219411474083,0.0389946035452256,11.3793008726975,NA,NA,0,22860,3860,570,0,"GSRS","GSRS_gxe1.0","gxe","varGxE/varA = 1.0",1,8111,0,"peripheral",NA,NA,11,0.303058303613521,0.3,3,2,"poolMean",0,1
20,60,9.66393634655231,3.66393634655231,0.0175556643222389,5.79283395733216,0.0306817090663176,8.95345424782369,NA,NA,0,24060,4060,600,0,"GSRS","GSRS_gxe1.0","gxe","varGxE/varA = 1.0",1,8111,0,"peripheral",NA,NA,11,0.303058303613521,0.3,3,2,"poolMean",0,1
1,3,6.31415228496685,0.314152284966854,0.241955060230594,79.8377927103921,0.332452628678162,97.0154365913844,5.02126185728209,3.50590271545454,0,1460,360,40,0,"CB","CB_gxe1.0","gxe","varGxE/varA = 1.0",1,8111,0,"peripheral",3.54764238705352,2.45235761294648,11,0.303058303613521,0.3,3,2,"poolMean",0,1
2,6,6.81200395102364,0.812003951023641,0.251449160041528,82.9705561746269,0.291973908244766,85.2030446992804,5.5766320876936,3.51939503140765,10,3160,660,90,2,"CB","CB_gxe1.0","gxe","varGxE/varA = 1.0",1,8111,0,"peripheral",3.54764238705352,2.45235761294648,11,0.303058303613521,0.3,3,2,"poolMean",0,1
3,9,6.88261901269233,0.882619012692325,0.220178307857387,72.6521283964463,0.279771807976647,81.6422604469489,6.18493671069193,3.5216619357415,86,4860,960,140,4,"CB","CB_gxe1.0","gxe","varGxE/varA = 1.0",1,8111,0,"peripheral",3.54764238705352,2.45235761294648,11,0.303058303613521,0.3,3,2,"poolMean",0,1
4,12,7.38637597074871,1.38637597074871,0.164274900445191,54.2057084351281,0.209529629085687,61.1443757427988,6.46394731878892,3.4259958851937,70,6560,1260,190,6,"CB","CB_gxe1.0","gxe","varGxE/varA = 1.0",1,8111,0,"peripheral",3.54764238705352,2.45235761294648,11,0.303058303613521,0.3,3,2,"poolMean",0,1
5,15,7.61273261222874,1.61273261222874,0.149879482952918,49.4556595763348,0.182743453782858,53.3277057349556,6.83483147551279,3.62919365598845,120,8260,1560,240,8,"CB","CB_gxe1.0","gxe","varGxE/varA = 1.0",1,8111,0,"peripheral",3.54764238705352,2.45235761294648,11,0.303058303613521,0.3,3,2,"poolMean",0,1
6,18,7.90283670538771,1.90283670538771,0.0991987193857873,32.7325528464291,0.164263415659134,47.9349104548371,6.7076790908933,3.66995200252687,103,9960,1860,290,10,"CB","CB_gxe1.0","gxe","varGxE/varA = 1.0",1,8111,0,"peripheral",3.54764238705352,2.45235761294648,11,0.303058303613521,0.3,3,2,"poolMean",0,1
7,21,8.21106051963256,2.21106051963256,0.0927145604315741,30.5929780923638,0.157907981931473,46.0802847890147,6.9446387476413,3.67511617605773,57,11660,2160,340,12,"CB","CB_gxe1.0","gxe","varGxE/varA = 1.0",1,8111,0,"peripheral",3.54764238705352,2.45235761294648,11,0.303058303613521,0.3,3,2,"poolMean",0,1
8,24,8.58316833181622,2.58316833181622,0.102112745641926,33.6940926628253,0.130696768181577,38.13958119878,7.44607849342716,3.56212435872849,57,13360,2460,390,14,"CB","CB_gxe1.0","gxe","varGxE/varA = 1.0",1,8111,0,"peripheral",3.54764238705352,2.45235761294648,11,0.303058303613521,0.3,3,2,"poolMean",0,1
9,27,8.89813274138838,2.89813274138838,0.08578498604349,28.3064298257567,0.118650331197652,34.6242221895496,7.5504057422098,3.53919699200573,105,15060,2760,440,16,"CB","CB_gxe1.0","gxe","varGxE/varA = 1.0",1,8111,0,"peripheral",3.54764238705352,2.45235761294648,11,0.303058303613521,0.3,3,2,"poolMean",0,1
10,30,9.30380267707702,3.30380267707702,0.0533646841033553,17.6087186746116,0.095430650548002,27.8483171088922,7.61739136972771,3.53568997533631,139,16760,3060,490,18,"CB","CB_gxe1.0","gxe","varGxE/varA = 1.0",1,8111,0,"peripheral",3.54764238705352,2.45235761294648,11,0.303058303613521,0.3,3,2,"poolMean",0,1
11,33,9.53457915294243,3.53457915294243,0.0417970456388647,13.791750676519,0.0708571608780749,20.6773471021856,7.76556253862375,3.61613202974013,55,18460,3360,540,20,"CB","CB_gxe1.0","gxe","varGxE/varA = 1.0",1,8111,0,"peripheral",3.54764238705352,2.45235761294648,11,0.303058303613521,0.3,3,2,"poolMean",0,1
12,36,9.70317569674358,3.70317569674358,0.0401939901391403,13.26279123848,0.0692189459259729,20.1992875980673,8.04811758578107,3.67099139664042,71,20160,3660,590,22,"CB","CB_gxe1.0","gxe","varGxE/varA = 1.0",1,8111,0,"peripheral",3.54764238705352,2.45235761294648,11,0.303058303613521,0.3,3,2,"poolMean",0,1
13,39,9.78314466951066,3.78314466951066,0.0624258123984009,20.5986147398258,0.0801216557093595,23.3808871957904,8.06004434618105,3.5975597084822,39,21860,3960,640,24,"CB","CB_gxe1.0","gxe","varGxE/varA = 1.0",1,8111,0,"peripheral",3.54764238705352,2.45235761294648,11,0.303058303613521,0.3,3,2,"poolMean",0,1
14,42,10.0211801453093,4.02118014530928,0.0630590702000302,20.8075705064485,0.0679782652363463,19.8372354787829,8.39915584027442,3.42413091524007,67,23560,4260,690,26,"CB","CB_gxe1.0","gxe","varGxE/varA = 1.0",1,8111,0,"peripheral",3.54764238705352,2.45235761294648,11,0.303058303613521,0.3,3,2,"poolMean",0,1
15,45,10.2057409063995,4.20574090639949,0.0304467287295061,10.0464921655252,0.0413552662796002,12.0681831556591,8.21386793537091,3.4358314988379,64,25260,4560,740,28,"CB","CB_gxe1.0","gxe","varGxE/varA = 1.0",1,8111,0,"peripheral",3.54764238705352,2.45235761294648,11,0.303058303613521,0.3,3,2,"poolMean",0,1
16,48,10.1735017813047,4.17350178130469,0.0260234969262053,8.58696053396779,0.036319937605895,10.598787014612,8.30111663270582,3.41281540336306,59,26960,4860,790,30,"CB","CB_gxe1.0","gxe","varGxE/varA = 1.0",1,8111,0,"peripheral",3.54764238705352,2.45235761294648,11,0.303058303613521,0.3,3,2,"poolMean",0,1
17,51,10.3826252254321,4.3826252254321,0.02292495283381,7.56453545752217,0.0235729484691702,6.87899475054737,8.38220835967565,3.22253405895369,24,28660,5160,840,32,"CB","CB_gxe1.0","gxe","varGxE/varA = 1.0",1,8111,0,"peripheral",3.54764238705352,2.45235761294648,11,0.303058303613521,0.3,3,2,"poolMean",0,1
18,54,10.4787318719148,4.47873187191482,0.0233740939904924,7.71273834499534,0.0275174497619726,8.03006856391452,8.1784613922092,3.32463724830149,48,30360,5460,890,34,"CB","CB_gxe1.0","gxe","varGxE/varA = 1.0",1,8111,0,"peripheral",3.54764238705352,2.45235761294648,11,0.303058303613521,0.3,3,2,"poolMean",0,1
19,57,10.4610578411617,4.46105784116166,0.0622181611888957,20.5300961719367,0.0471764409713104,13.7669027790725,8.27208163357337,3.40866114226748,72,32060,5760,940,36,"CB","CB_gxe1.0","gxe","varGxE/varA = 1.0",1,8111,0,"peripheral",3.54764238705352,2.45235761294648,11,0.303058303613521,0.3,3,2,"poolMean",0,1
20,60,10.5712317371929,4.57123173719287,0.0597670747581981,19.7213123829852,0.0424803061353281,12.3964892762036,8.43176957936301,3.43669912510616,55,33760,6060,990,38,"CB","CB_gxe1.0","gxe","varGxE/varA = 1.0",1,8111,0,"peripheral",3.54764238705352,2.45235761294648,11,0.303058303613521,0.3,3,2,"poolMean",0,1
1,3,6.16962629703836,0.169626297038359,0.310916125410373,71.3993712247913,0.322654451840466,91.8998908861707,5.44486469122282,3.3275233200925,3,810,260,25,1,"CB","CB_equalBudget","resource_matched","equal genotyping + phenotyping budget",1,8111,0,"peripheral",3.28821073911092,2.71178926088908,10,0.435460593107319,0.3,3,2,"poolMean",0,0
2,6,6.88767920847366,0.887679208473656,0.271329654250656,62.3086585894092,0.317137049994118,90.3283996987337,6.11763963444591,3.28536615250913,32,1710,460,60,3,"CB","CB_equalBudget","resource_matched","equal genotyping + phenotyping budget",1,8111,0,"peripheral",3.28821073911092,2.71178926088908,10,0.435460593107319,0.3,3,2,"poolMean",0,0
3,9,7.41792927045297,1.41792927045297,0.177844329241062,40.8405104976357,0.278172488202802,79.2303381142002,6.61403142640769,3.05282379387636,42,2610,660,95,5,"CB","CB_equalBudget","resource_matched","equal genotyping + phenotyping budget",1,8111,0,"peripheral",3.28821073911092,2.71178926088908,10,0.435460593107319,0.3,3,2,"poolMean",0,0
4,12,7.8217498225814,1.8217498225814,0.229899038650175,52.7944531122054,0.23926681830053,68.1490503821469,6.98979757729291,2.89749984228881,60,3510,860,130,7,"CB","CB_equalBudget","resource_matched","equal genotyping + phenotyping budget",1,8111,0,"peripheral",3.28821073911092,2.71178926088908,10,0.435460593107319,0.3,3,2,"poolMean",0,0
5,15,8.56797798495023,2.56797798495023,0.158201581606428,36.3297125183127,0.208780045865019,59.4656708585931,7.24969974423435,2.81631986164092,49,4410,1060,165,9,"CB","CB_equalBudget","resource_matched","equal genotyping + phenotyping budget",1,8111,0,"peripheral",3.28821073911092,2.71178926088908,10,0.435460593107319,0.3,3,2,"poolMean",0,0
6,18,9.01211422149527,3.01211422149527,0.104380288068636,23.9700881597135,0.171416630983487,48.8236551319814,7.37125917794951,2.79180892827492,52,5310,1260,200,11,"CB","CB_equalBudget","resource_matched","equal genotyping + phenotyping budget",1,8111,0,"peripheral",3.28821073911092,2.71178926088908,10,0.435460593107319,0.3,3,2,"poolMean",0,0
7,21,9.35504605188628,3.35504605188628,0.114648697220642,26.3281451950778,0.148882504562471,42.4053839830978,7.53217350023358,2.90761717187725,27,6210,1460,235,13,"CB","CB_equalBudget","resource_matched","equal genotyping + phenotyping budget",1,8111,0,"peripheral",3.28821073911092,2.71178926088908,10,0.435460593107319,0.3,3,2,"poolMean",0,0
8,24,9.55876781256226,3.55876781256226,0.119946791788749,27.5448097226994,0.129531634519723,36.8937822204779,7.96736212259966,2.80159982246488,40,7110,1660,270,15,"CB","CB_equalBudget","resource_matched","equal genotyping + phenotyping budget",1,8111,0,"peripheral",3.28821073911092,2.71178926088908,10,0.435460593107319,0.3,3,2,"poolMean",0,0
9,27,9.89817004528295,3.89817004528295,0.0993487219917133,22.8146297424504,0.113787133894902,32.409362801422,8.02694651963174,2.80809673230729,37,8010,1860,305,17,"CB","CB_equalBudget","resource_matched","equal genotyping + phenotyping budget",1,8111,0,"peripheral",3.28821073911092,2.71178926088908,10,0.435460593107319,0.3,3,2,"poolMean",0,0
10,30,10.3920877565935,4.39208775659353,0.0879956929963595,20.2074985404415,0.0991786937760765,28.2485212408008,8.37624866591605,2.87266631626182,40,8910,2060,340,19,"CB","CB_equalBudget","resource_matched","equal genotyping + phenotyping budget",1,8111,0,"peripheral",3.28821073911092,2.71178926088908,10,0.435460593107319,0.3,3,2,"poolMean",0,0
11,33,10.6989673884292,4.6989673884292,0.056948060183475,13.0776610065013,0.0857941262245161,24.4362685645069,8.54968111639127,2.90496393172351,20,9810,2260,375,21,"CB","CB_equalBudget","resource_matched","equal genotyping + phenotyping budget",1,8111,0,"peripheral",3.28821073911092,2.71178926088908,10,0.435460593107319,0.3,3,2,"poolMean",0,0
12,36,11.0130177945588,5.01301779455883,0.0340786387675559,7.82588351436825,0.0667448398142388,19.0105652073144,8.72275026450863,2.83327233087954,16,10710,2460,410,23,"CB","CB_equalBudget","resource_matched","equal genotyping + phenotyping budget",1,8111,0,"peripheral",3.28821073911092,2.71178926088908,10,0.435460593107319,0.3,3,2,"poolMean",0,0
13,39,11.0717061484327,5.07170614843274,0.0441119438641894,10.1299508066665,0.0606324291284168,17.2696009284263,8.87800353885284,2.70298421006242,4,11610,2660,445,24,"CB","CB_equalBudget","resource_matched","equal genotyping + phenotyping budget",1,8111,0,"peripheral",3.28821073911092,2.71178926088908,10,0.435460593107319,0.3,3,2,"poolMean",0,0
14,42,11.1925771014066,5.19257710140665,0.0278513400828727,6.39583478361008,0.0491213722474022,13.9909699803159,8.68571453227069,2.77617112496403,1,12510,2860,480,25,"CB","CB_equalBudget","resource_matched","equal genotyping + phenotyping budget",1,8111,0,"peripheral",3.28821073911092,2.71178926088908,10,0.435460593107319,0.3,3,2,"poolMean",0,0
15,45,11.288692842047,5.28869284204698,0.0222680155617805,5.11366950632259,0.0441609890823937,12.5781313567742,9.01732901159115,2.71164176059332,13,13410,3060,515,27,"CB","CB_equalBudget","resource_matched","equal genotyping + phenotyping budget",1,8111,0,"peripheral",3.28821073911092,2.71178926088908,10,0.435460593107319,0.3,3,2,"poolMean",0,0
16,48,11.3964199163016,5.3964199163016,0.0185282661350982,4.25486632507568,0.0365923184435216,10.4223885740599,8.84497632608326,2.83200311367128,35,14310,3260,550,29,"CB","CB_equalBudget","resource_matched","equal genotyping + phenotyping budget",1,8111,0,"peripheral",3.28821073911092,2.71178926088908,10,0.435460593107319,0.3,3,2,"poolMean",0,0
17,51,11.4883109034193,5.48831090341927,0.0181936334738385,4.17802064338682,0.0329353168487021,9.3807849463479,9.09211647114384,2.84650273847251,0,15210,3460,585,31,"CB","CB_equalBudget","resource_matched","equal genotyping + phenotyping budget",1,8111,0,"peripheral",3.28821073911092,2.71178926088908,10,0.435460593107319,0.3,3,2,"poolMean",0,0
18,54,11.565074568101,5.56507456810102,0.0161297823174858,3.7040739329335,0.0263844239698598,7.51493019883533,8.88764215835858,2.82651307360494,13,16110,3660,620,33,"CB","CB_equalBudget","resource_matched","equal genotyping + phenotyping budget",1,8111,0,"peripheral",3.28821073911092,2.71178926088908,10,0.435460593107319,0.3,3,2,"poolMean",0,0
19,57,11.5268258474063,5.5268258474063,0.0220688007211742,5.06792143089177,0.0418381374138876,11.916526306347,8.85910867474369,2.78188511148443,0,17010,3860,655,35,"CB","CB_equalBudget","resource_matched","equal genotyping + phenotyping budget",1,8111,0,"peripheral",3.28821073911092,2.71178926088908,10,0.435460593107319,0.3,3,2,"poolMean",0,0
20,60,11.5306673371265,5.53066733712649,0.0215641607595587,4.95203494894524,0.0344907311114833,9.8238050262415,8.9174796839264,2.94602201259695,5,17910,4060,690,37,"CB","CB_equalBudget","resource_matched","equal genotyping + phenotyping budget",1,8111,0,"peripheral",3.28821073911092,2.71178926088908,10,0.435460593107319,0.3,3,2,"poolMean",0,0
1,3,6.39175036830771,0.391750368307711,0.322108326753819,73.9695696584962,0.334646202833687,95.3154352914158,5.49638866607924,3.39372019180047,0,1460,360,40,0,"CB","CB_lag2","resource_matched","2-cycle bridge development lag",1,8111,0,"peripheral",3.36754319057572,2.63245680942428,10,0.435460593107319,0.3,3,2,"poolMean",2,0
2,6,7.1380144611864,1.1380144611864,0.200557108230669,46.056316324642,0.292203174525389,83.2266212423234,6.22253971395669,3.35841173800458,19,3160,660,90,0,"CB","CB_lag2","resource_matched","2-cycle bridge development lag",1,8111,0,"peripheral",3.36754319057572,2.63245680942428,10,0.435460593107319,0.3,3,2,"poolMean",2,0
3,9,7.44996704269244,1.44996704269244,0.180189284793363,41.3790105569794,0.271092762631884,77.2138588629142,6.71251727611893,3.32746467931129,67,4860,960,140,0,"CB","CB_lag2","resource_matched","2-cycle bridge development lag",1,8111,0,"peripheral",3.36754319057572,2.63245680942428,10,0.435460593107319,0.3,3,2,"poolMean",2,0
4,12,7.9675363004398,1.9675363004398,0.157144372895321,36.0869330962842,0.231753763193714,66.0091482651925,6.80782486004621,3.20601168391006,102,6560,1260,190,2,"CB","CB_lag2","resource_matched","2-cycle bridge development lag",1,8111,0,"peripheral",3.36754319057572,2.63245680942428,10,0.435460593107319,0.3,3,2,"poolMean",2,0
5,15,8.09057855186079,2.09057855186079,0.3510714115776,80.6207076218901,0.23455465281743,66.8069102341827,6.92916597409739,3.17926294136665,143,8260,1560,240,4,"CB","CB_lag2","resource_matched","2-cycle bridge development lag",1,8111,0,"peripheral",3.36754319057572,2.63245680942428,10,0.435460593107319,0.3,3,2,"poolMean",2,0
6,18,8.52487596400101,2.52487596400101,0.173019939268354,39.7326283955419,0.183172885488208,52.1721243691209,7.31252307023653,3.09389780026863,106,9960,1860,290,6,"CB","CB_lag2","resource_matched","2-cycle bridge development lag",1,8111,0,"peripheral",3.36754319057572,2.63245680942428,10,0.435460593107319,0.3,3,2,"poolMean",2,0
7,21,9.1733658036824,3.1733658036824,0.16785316179773,38.5461197762991,0.159556430315412,45.4455794814922,7.66278351206876,2.95375923030567,47,11660,2160,340,8,"CB","CB_lag2","resource_matched","2-cycle bridge development lag",1,8111,0,"peripheral",3.36754319057572,2.63245680942428,10,0.435460593107319,0.3,3,2,"poolMean",2,0
8,24,9.5326329478537,3.5326329478537,0.160646660887619,36.891205181459,0.122010015180168,34.7514408002697,7.92884800314889,2.89950641310799,78,13360,2460,390,10,"CB","CB_lag2","resource_matched","2-cycle bridge development lag",1,8111,0,"peripheral",3.36754319057572,2.63245680942428,10,0.435460593107319,0.3,3,2,"poolMean",2,0
9,27,9.73847863180945,3.73847863180945,0.066207779077726,15.2040804898755,0.102585366211627,29.2188249924653,7.91583058894243,3.02000635110952,98,15060,2760,440,12,"CB","CB_lag2","resource_matched","2-cycle bridge development lag",1,8111,0,"peripheral",3.36754319057572,2.63245680942428,10,0.435460593107319,0.3,3,2,"poolMean",2,0
10,30,10.0178048257714,4.01780482577138,0.0556666924704824,12.7834052843361,0.0798327606396086,22.7383256300128,8.05166371199667,3.14881730184,27,16760,3060,490,14,"CB","CB_lag2","resource_matched","2-cycle bridge development lag",1,8111,0,"peripheral",3.36754319057572,2.63245680942428,10,0.435460593107319,0.3,3,2,"poolMean",2,0
11,33,10.1667319706613,4.16673197066133,0.0356759522390039,8.19269362227033,0.0747764054850916,21.2981518331498,8.12666227454815,3.15747852075921,2,18460,3360,540,16,"CB","CB_lag2","resource_matched","2-cycle bridge development lag",1,8111,0,"peripheral",3.36754319057572,2.63245680942428,10,0.435460593107319,0.3,3,2,"poolMean",2,0
12,36,10.2810157613793,4.2810157613793,0.0352690868371092,8.09926027644415,0.0532103330772985,15.1556061784586,8.41929300749009,3.20402771557113,8,20160,3660,590,18,"CB","CB_lag2","resource_matched","2-cycle bridge development lag",1,8111,0,"peripheral",3.36754319057572,2.63245680942428,10,0.435460593107319,0.3,3,2,"poolMean",2,0
13,39,10.3053625745727,4.30536257457274,0.0400344955150801,9.19359780167608,0.0499699250664539,14.2326586073817,8.31393242027178,3.17996027997626,29,21860,3960,640,19,"CB","CB_lag2","resource_matched","2-cycle bridge development lag",1,8111,0,"peripheral",3.36754319057572,2.63245680942428,10,0.435460593107319,0.3,3,2,"poolMean",2,0
14,42,10.3697977329252,4.36979773292518,0.0625301395752823,14.3595403499282,0.0447588289140304,12.748410784135,8.40826792294161,3.05947856924052,10,23560,4260,690,21,"CB","CB_lag2","resource_matched","2-cycle bridge development lag",1,8111,0,"peripheral",3.36754319057572,2.63245680942428,10,0.435460593107319,0.3,3,2,"poolMean",2,0
15,45,10.5963963424579,4.59639634245792,0.0370114140450525,8.49937161499503,0.0323015070951768,9.20026040419664,8.44170864474789,3.06765024587919,43,25260,4560,740,23,"CB","CB_lag2","resource_matched","2-cycle bridge development lag",1,8111,0,"peripheral",3.36754319057572,2.63245680942428,10,0.435460593107319,0.3,3,2,"poolMean",2,0
16,48,10.7547745608596,4.75477456085959,0.0244465241249152,5.61394636205126,0.027342539392974,7.78782493913196,8.74204535590828,2.98936045698395,49,26960,4860,790,25,"CB","CB_lag2","resource_matched","2-cycle bridge development lag",1,8111,0,"peripheral",3.36754319057572,2.63245680942428,10,0.435460593107319,0.3,3,2,"poolMean",2,0
17,51,10.834352268753,4.83435226875298,0.0434286929094559,9.97304775606939,0.0215642324232512,6.14202158202569,8.7187489662836,2.93785353169218,21,28660,5160,840,27,"CB","CB_lag2","resource_matched","2-cycle bridge development lag",1,8111,0,"peripheral",3.36754319057572,2.63245680942428,10,0.435460593107319,0.3,3,2,"poolMean",2,0
18,54,10.9734186737161,4.97341867371609,0.0190984140499154,4.38579617816498,0.0174361290090484,4.96623661712571,8.83264651087695,2.95698418293385,61,30360,5460,890,29,"CB","CB_lag2","resource_matched","2-cycle bridge development lag",1,8111,0,"peripheral",3.36754319057572,2.63245680942428,10,0.435460593107319,0.3,3,2,"poolMean",2,0
19,57,11.0484100096047,5.04841000960468,0.0151644555856752,3.48239446363356,0.0140127124606543,3.99116373199815,8.84933668812065,2.96400161996757,126,32060,5760,940,31,"CB","CB_lag2","resource_matched","2-cycle bridge development lag",1,8111,0,"peripheral",3.36754319057572,2.63245680942428,10,0.435460593107319,0.3,3,2,"poolMean",2,0
20,60,11.0561783657417,5.05617836574167,0.0220564225023206,5.06507887313808,0.0213149048896593,6.07100699350438,8.79224065039359,2.92185401149688,86,33760,6060,990,33,"CB","CB_lag2","resource_matched","2-cycle bridge development lag",1,8111,0,"peripheral",3.36754319057572,2.63245680942428,10,0.435460593107319,0.3,3,2,"poolMean",2,0
1,3,6.16962629703836,0.169626297038359,0.310916125410373,71.3993712247913,0.322654451840466,91.8998908861707,5.31372210040347,3.28772432622434,1,810,260,25,0,"CB","CB_equalBudget_lag2","resource_matched","equal budget + 2-cycle lag",1,8111,0,"peripheral",3.32067188109556,2.67932811890444,10,0.435460593107319,0.3,3,2,"poolMean",2,0
2,6,7.01910356619484,1.01910356619484,0.233516333136017,53.6251355076042,0.266632213513535,75.9433852186472,6.04859174943678,3.24867242875218,35,1710,460,60,0,"CB","CB_equalBudget_lag2","resource_matched","equal budget + 2-cycle lag",1,8111,0,"peripheral",3.32067188109556,2.67932811890444,10,0.435460593107319,0.3,3,2,"poolMean",2,0
3,9,7.65257524911836,1.65257524911836,0.162910510560754,37.4110799322328,0.22786671979798,64.9020230980046,6.67362983059436,3.28550683878773,32,2610,660,95,1,"CB","CB_equalBudget_lag2","resource_matched","equal budget + 2-cycle lag",1,8111,0,"peripheral",3.32067188109556,2.67932811890444,10,0.435460593107319,0.3,3,2,"poolMean",2,0
4,12,7.80833012227776,1.80833012227776,0.321532691115365,73.8373795940988,0.252751041937072,71.98968755239,6.70450114430404,3.29731523386463,59,3510,860,130,3,"CB","CB_equalBudget_lag2","resource_matched","equal budget + 2-cycle lag",1,8111,0,"peripheral",3.32067188109556,2.67932811890444,10,0.435460593107319,0.3,3,2,"poolMean",2,0
5,15,8.03340437950698,2.03340437950698,0.24962094253347,57.3234286832359,0.187414297834452,53.3801824932216,7.07923666971708,3.22406329674562,68,4410,1060,165,5,"CB","CB_equalBudget_lag2","resource_matched","equal budget + 2-cycle lag",1,8111,0,"peripheral",3.32067188109556,2.67932811890444,10,0.435460593107319,0.3,3,2,"poolMean",2,0
6,18,8.21339517060083,2.21339517060083,0.137265616157339,31.5219375369542,0.178872463665407,50.9472589007365,7.2121444510889,3.27733149928007,81,5310,1260,200,7,"CB","CB_equalBudget_lag2","resource_matched","equal budget + 2-cycle lag",1,8111,0,"peripheral",3.32067188109556,2.67932811890444,10,0.435460593107319,0.3,3,2,"poolMean",2,0
7,21,8.4093881672823,2.4093881672823,0.116565034345944,26.7682165024784,0.171267163186761,48.7810830424542,7.20551447780004,3.40981206755077,53,6210,1460,235,9,"CB","CB_equalBudget_lag2","resource_matched","equal budget + 2-cycle lag",1,8111,0,"peripheral",3.32067188109556,2.67932811890444,10,0.435460593107319,0.3,3,2,"poolMean",2,0
8,24,8.67631214409095,2.67631214409095,0.102401745579103,23.5157318939916,0.153547605917162,43.7341191145164,7.42100854318593,3.36449840785147,63,7110,1660,270,11,"CB","CB_equalBudget_lag2","resource_matched","equal budget + 2-cycle lag",1,8111,0,"peripheral",3.32067188109556,2.67932811890444,10,0.435460593107319,0.3,3,2,"poolMean",2,0
9,27,8.82673052843467,2.82673052843467,0.091330249787512,20.9732525131163,0.139556984680686,39.74924750426,7.51062716671694,3.36327180903557,57,8010,1860,305,13,"CB","CB_equalBudget_lag2","resource_matched","equal budget + 2-cycle lag",1,8111,0,"peripheral",3.32067188109556,2.67932811890444,10,0.435460593107319,0.3,3,2,"poolMean",2,0
10,30,9.14448387602647,3.14448387602647,0.0715052988698061,16.4206130248354,0.115542562163433,32.9093517692366,7.82434898825498,3.47552613672724,87,8910,2060,340,15,"CB","CB_equalBudget_lag2","resource_matched","equal budget + 2-cycle lag",1,8111,0,"peripheral",3.32067188109556,2.67932811890444,10,0.435460593107319,0.3,3,2,"poolMean",2,0
11,33,9.26172553910179,3.26172553910179,0.0638593583357783,14.6647846777814,0.0921433340068618,26.2446784565225,7.58398376883186,3.6433333874181,42,9810,2260,375,17,"CB","CB_equalBudget_lag2","resource_matched","equal budget + 2-cycle lag",1,8111,0,"peripheral",3.32067188109556,2.67932811890444,10,0.435460593107319,0.3,3,2,"poolMean",2,0
12,36,9.44647208609902,3.44647208609902,0.0581425192290952,13.3519588567607,0.0762434701634358,21.7160077873873,8.01013267847861,3.80375114035796,15,10710,2460,410,19,"CB","CB_equalBudget_lag2","resource_matched","equal budget + 2-cycle lag",1,8111,0,"peripheral",3.32067188109556,2.67932811890444,10,0.435460593107319,0.3,3,2,"poolMean",2,0
13,39,9.63535358688154,3.63535358688154,0.0558750917829151,12.8312624993703,0.0691926445215689,19.7077599437612,8.16657132806157,3.67329840447341,6,11610,2660,445,21,"CB","CB_equalBudget_lag2","resource_matched","equal budget + 2-cycle lag",1,8111,0,"peripheral",3.32067188109556,2.67932811890444,10,0.435460593107319,0.3,3,2,"poolMean",2,0
14,42,9.57407235195427,3.57407235195427,0.0474430189659902,10.8949052375671,0.0662362875494334,18.8657170659702,7.95493781767746,3.69028729239284,17,12510,2860,480,23,"CB","CB_equalBudget_lag2","resource_matched","equal budget + 2-cycle lag",1,8111,0,"peripheral",3.32067188109556,2.67932811890444,10,0.435460593107319,0.3,3,2,"poolMean",2,0
15,45,9.63531578013976,3.63531578013976,0.106816730644629,24.5295974734284,0.0685401219717096,19.5219055388684,8.26716366650704,3.5333949198553,38,13410,3060,515,25,"CB","CB_equalBudget_lag2","resource_matched","equal budget + 2-cycle lag",1,8111,0,"peripheral",3.32067188109556,2.67932811890444,10,0.435460593107319,0.3,3,2,"poolMean",2,0
16,48,10.0113971425107,4.01139714251071,0.0453656388079358,10.417851701395,0.0454560152797898,12.9469865377784,8.37411892591757,3.48181264392483,47,14310,3260,550,27,"CB","CB_equalBudget_lag2","resource_matched","equal budget + 2-cycle lag",1,8111,0,"peripheral",3.32067188109556,2.67932811890444,10,0.435460593107319,0.3,3,2,"poolMean",2,0
17,51,10.1653283986581,4.16532839865805,0.0546349902548989,12.5464832225207,0.0385218978392713,10.9719800485122,8.41275968187611,3.45080899197754,1,15210,3460,585,29,"CB","CB_equalBudget_lag2","resource_matched","equal budget + 2-cycle lag",1,8111,0,"peripheral",3.32067188109556,2.67932811890444,10,0.435460593107319,0.3,3,2,"poolMean",2,0
18,54,10.3464610537253,4.34646105372527,0.0319906600859577,7.34639611306311,0.0274816830704609,7.82745646662401,8.34183823253992,3.30576487907901,12,16110,3660,620,31,"CB","CB_equalBudget_lag2","resource_matched","equal budget + 2-cycle lag",1,8111,0,"peripheral",3.32067188109556,2.67932811890444,10,0.435460593107319,0.3,3,2,"poolMean",2,0
19,57,10.4438771245826,4.44387712458261,0.035965989497009,8.25929833061731,0.0231221425462194,6.58575254403337,8.41863987355358,3.28771636770823,4,17010,3860,655,32,"CB","CB_equalBudget_lag2","resource_matched","equal budget + 2-cycle lag",1,8111,0,"peripheral",3.32067188109556,2.67932811890444,10,0.435460593107319,0.3,3,2,"poolMean",2,0
20,60,10.6145510348242,4.61455103482419,0.0163561121399398,3.7560487444403,0.0237126853955227,6.75395361209557,8.5926893905644,3.31973586880024,6,17910,4060,690,34,"CB","CB_equalBudget_lag2","resource_matched","equal budget + 2-cycle lag",1,8111,0,"peripheral",3.32067188109556,2.67932811890444,10,0.435460593107319,0.3,3,2,"poolMean",2,0
1,4,6.39175036830771,0.391750368307711,0.322108326753819,73.9695696584962,0.334646202833687,95.3154352914158,5.49638866607924,3.39372019180047,0,1460,360,40,0,"CB","CB_cyc4_vs_GSRS3","resource_matched","CB 4-yr cycle vs GS-RS 3-yr cycle",1,8111,0,"peripheral",3.36754319057572,2.63245680942428,10,0.435460593107319,0.3,4,2,"poolMean",0,0
2,8,7.1380144611864,1.1380144611864,0.200557108230669,46.056316324642,0.292203174525389,83.2266212423234,6.22253971395669,3.35841173800458,19,3160,660,90,2,"CB","CB_cyc4_vs_GSRS3","resource_matched","CB 4-yr cycle vs GS-RS 3-yr cycle",1,8111,0,"peripheral",3.36754319057572,2.63245680942428,10,0.435460593107319,0.3,4,2,"poolMean",0,0
3,12,7.41702342564537,1.41702342564537,0.199511366351235,45.8161701676794,0.280840308150384,79.9901985800586,6.73858834120059,3.32746467931129,75,4860,960,140,4,"CB","CB_cyc4_vs_GSRS3","resource_matched","CB 4-yr cycle vs GS-RS 3-yr cycle",1,8111,0,"peripheral",3.36754319057572,2.63245680942428,10,0.435460593107319,0.3,4,2,"poolMean",0,0
4,16,7.95166331167287,1.95166331167287,0.151877922380426,34.8775353693131,0.247112308731696,70.383638222048,7.02778831448874,3.20601168391006,93,6560,1260,190,6,"CB","CB_cyc4_vs_GSRS3","resource_matched","CB 4-yr cycle vs GS-RS 3-yr cycle",1,8111,0,"peripheral",3.36754319057572,2.63245680942428,10,0.435460593107319,0.3,4,2,"poolMean",0,0
5,20,8.46401210849471,2.46401210849471,0.14559444567501,33.4345858108746,0.238994838001917,68.0715837312976,7.44086416899408,3.17926294136665,152,8260,1560,240,8,"CB","CB_cyc4_vs_GSRS3","resource_matched","CB 4-yr cycle vs GS-RS 3-yr cycle",1,8111,0,"peripheral",3.36754319057572,2.63245680942428,10,0.435460593107319,0.3,4,2,"poolMean",0,0
6,24,9.18421338437077,3.18421338437077,0.186294898259802,42.7811152624526,0.198014884559177,56.3994892400359,8.01977197719269,3.09389780026863,100,9960,1860,290,10,"CB","CB_cyc4_vs_GSRS3","resource_matched","CB 4-yr cycle vs GS-RS 3-yr cycle",1,8111,0,"peripheral",3.36754319057572,2.63245680942428,10,0.435460593107319,0.3,4,2,"poolMean",0,0
7,28,9.98014700875019,3.98014700875019,0.153876518544711,35.3364967991004,0.171810060512283,48.9357134983282,8.34028554409504,2.95375923030567,56,11660,2160,340,12,"CB","CB_cyc4_vs_GSRS3","resource_matched","CB 4-yr cycle vs GS-RS 3-yr cycle",1,8111,0,"peripheral",3.36754319057572,2.63245680942428,10,0.435460593107319,0.3,4,2,"poolMean",0,0
8,32,10.6446399648943,4.64463996489426,0.100687199742403,23.1220003224468,0.149027616187036,42.4467153280946,8.75133910525844,2.89950641310799,97,13360,2460,390,14,"CB","CB_cyc4_vs_GSRS3","resource_matched","CB 4-yr cycle vs GS-RS 3-yr cycle",1,8111,0,"peripheral",3.36754319057572,2.63245680942428,10,0.435460593107319,0.3,4,2,"poolMean",0,0
9,36,10.9619942477698,4.96199424776983,0.101461497233498,23.2998114730655,0.123018919838813,35.038801558862,8.82628549866171,3.02000635110952,88,15060,2760,440,16,"CB","CB_cyc4_vs_GSRS3","resource_matched","CB 4-yr cycle vs GS-RS 3-yr cycle",1,8111,0,"peripheral",3.36754319057572,2.63245680942428,10,0.435460593107319,0.3,4,2,"poolMean",0,0
10,40,11.4700450991934,5.47004509919337,0.0787868455259974,18.0927612677412,0.0980316512791038,27.9218154423459,9.06534109326957,3.14881730184,10,16760,3060,490,18,"CB","CB_cyc4_vs_GSRS3","resource_matched","CB 4-yr cycle vs GS-RS 3-yr cycle",1,8111,0,"peripheral",3.36754319057572,2.63245680942428,10,0.435460593107319,0.3,4,2,"poolMean",0,0
11,44,11.759988941363,5.75998894136297,0.0719456995724359,16.5217474809953,0.0805141860363386,22.9324122736321,9.17764658941408,3.15747852075921,0,18460,3360,540,20,"CB","CB_cyc4_vs_GSRS3","resource_matched","CB 4-yr cycle vs GS-RS 3-yr cycle",1,8111,0,"peripheral",3.36754319057572,2.63245680942428,10,0.435460593107319,0.3,4,2,"poolMean",0,0
12,48,11.9442363604679,5.94423636046787,0.0601182718423347,13.8056744499768,0.0581546752147788,16.5638759244561,9.57256590278343,3.20402771557113,26,20160,3660,590,22,"CB","CB_cyc4_vs_GSRS3","resource_matched","CB 4-yr cycle vs GS-RS 3-yr cycle",1,8111,0,"peripheral",3.36754319057572,2.63245680942428,10,0.435460593107319,0.3,4,2,"poolMean",0,0
13,52,12.2832614470424,6.28326144704238,0.0347755414509512,7.98592157393696,0.0483906162882005,13.7828327842165,9.5702529545665,3.17996027997626,16,21860,3960,640,24,"CB","CB_cyc4_vs_GSRS3","resource_matched","CB 4-yr cycle vs GS-RS 3-yr cycle",1,8111,0,"peripheral",3.36754319057572,2.63245680942428,10,0.435460593107319,0.3,4,2,"poolMean",0,0
14,56,12.3060492152685,6.30604921526853,0.0271037451843063,6.2241556671987,0.0363372242196069,10.3497314908871,9.64968303912406,3.05947856924052,3,23560,4260,690,26,"CB","CB_cyc4_vs_GSRS3","resource_matched","CB 4-yr cycle vs GS-RS 3-yr cycle",1,8111,0,"peripheral",3.36754319057572,2.63245680942428,10,0.435460593107319,0.3,4,2,"poolMean",0,0
15,60,12.1828947819108,6.18289478191083,0.036015284781148,8.27061859355712,0.0383008395289764,10.9090172272039,9.75018706575301,3.06765024587919,45,25260,4560,740,28,"CB","CB_cyc4_vs_GSRS3","resource_matched","CB 4-yr cycle vs GS-RS 3-yr cycle",1,8111,0,"peripheral",3.36754319057572,2.63245680942428,10,0.435460593107319,0.3,4,2,"poolMean",0,0
1,3,6.1045951765306,0.104595176530603,0.0682973356663199,89.3961628254254,0.0821879474062611,97.4551085573473,4.91099697638981,3.37602191425898,0,1460,360,40,0,"CB","CB_bar_q75","bridge_bar","elite top quartile",2,8112,0,"peripheral",3.42464975111562,2.57535024888438,13,0.0763985091839929,0.3,3,2,"q75",0,0
2,6,6.39907695000453,0.399076950004526,0.0540476080537712,70.7443229338502,0.0698803029672624,82.861206863235,5.50241083440126,3.31418302815099,0,3160,660,90,0,"CB","CB_bar_q75","bridge_bar","elite top quartile",2,8112,0,"peripheral",3.42464975111562,2.57535024888438,13,0.0763985091839929,0.3,3,2,"q75",0,0
3,9,6.61578164334108,0.615781643341082,0.0652060739156786,85.3499297461953,0.0570151350788261,67.6062166518534,5.7350675428799,3.27239833151707,2,4860,960,140,1,"CB","CB_bar_q75","bridge_bar","elite top quartile",2,8112,0,"peripheral",3.42464975111562,2.57535024888438,13,0.0763985091839929,0.3,3,2,"q75",0,0
4,12,6.77050265459838,0.770502654598383,0.0602674891776125,78.8856874582047,0.0551779200843058,65.4277222085122,5.83901615000477,3.31177195915906,32,6560,1260,190,3,"CB","CB_bar_q75","bridge_bar","elite top quartile",2,8112,0,"peripheral",3.42464975111562,2.57535024888438,13,0.0763985091839929,0.3,3,2,"q75",0,0
5,15,6.92509914600534,0.925099146005336,0.0454522199197697,59.4935953662469,0.0500414536412372,59.3371102561776,6.00845920729126,3.18489808164085,15,8260,1560,240,4,"CB","CB_bar_q75","bridge_bar","elite top quartile",2,8112,0,"peripheral",3.42464975111562,2.57535024888438,13,0.0763985091839929,0.3,3,2,"q75",0,0
6,18,7.13343324295328,1.13343324295328,0.0392701957751164,51.4017828286947,0.0391405870121408,46.4113081862401,6.1566507863693,3.21030705330202,22,9960,1860,290,6,"CB","CB_bar_q75","bridge_bar","elite top quartile",2,8112,0,"peripheral",3.42464975111562,2.57535024888438,13,0.0763985091839929,0.3,3,2,"q75",0,0
7,21,7.38706716646684,1.38706716646684,0.0219777184820667,28.7672085709644,0.0314130563959762,37.2483182486039,6.21822567485198,3.15101046315174,40,11660,2160,340,8,"CB","CB_bar_q75","bridge_bar","elite top quartile",2,8112,0,"peripheral",3.42464975111562,2.57535024888438,13,0.0763985091839929,0.3,3,2,"q75",0,0
8,24,7.43837250989629,1.43837250989629,0.0159225313767592,20.8414163402227,0.0260834657375938,30.9287074958074,6.20896820090917,3.18096355643331,11,13360,2460,390,9,"CB","CB_bar_q75","bridge_bar","elite top quartile",2,8112,0,"peripheral",3.42464975111562,2.57535024888438,13,0.0763985091839929,0.3,3,2,"q75",0,0
9,27,7.49732553069451,1.49732553069451,0.0197034045136575,25.7902997376626,0.0213845443801739,25.3569186211419,6.30718566133983,3.1989840780219,4,15060,2760,440,10,"CB","CB_bar_q75","bridge_bar","elite top quartile",2,8112,0,"peripheral",3.42464975111562,2.57535024888438,13,0.0763985091839929,0.3,3,2,"q75",0,0
10,30,7.58918751594973,1.58918751594973,0.0154994821578124,20.2876761907546,0.0193906882525632,22.9926855249735,6.41621652206984,3.19870904055196,13,16760,3060,490,12,"CB","CB_bar_q75","bridge_bar","elite top quartile",2,8112,0,"peripheral",3.42464975111562,2.57535024888438,13,0.0763985091839929,0.3,3,2,"q75",0,0
11,33,7.66667668980799,1.66667668980799,0.0109156968963837,14.2878401855919,0.0204429632950016,24.240430257983,6.29505717083063,3.23053948818497,5,18460,3360,540,14,"CB","CB_bar_q75","bridge_bar","elite top quartile",2,8112,0,"peripheral",3.42464975111562,2.57535024888438,13,0.0763985091839929,0.3,3,2,"q75",0,0
12,36,7.69045851852574,1.69045851852574,0.00802752498304413,10.5074366879479,0.0151034755696795,17.9090839677574,6.33831628368307,3.2922189646347,0,20160,3660,590,16,"CB","CB_bar_q75","bridge_bar","elite top quartile",2,8112,0,"peripheral",3.42464975111562,2.57535024888438,13,0.0763985091839929,0.3,3,2,"q75",0,0
13,39,7.78700912458704,1.78700912458704,0.00857169044337133,11.2197090426566,0.0146749993772174,17.4010144129329,6.42847915931524,3.26504584195942,5,21860,3960,640,18,"CB","CB_bar_q75","bridge_bar","elite top quartile",2,8112,0,"peripheral",3.42464975111562,2.57535024888438,13,0.0763985091839929,0.3,3,2,"q75",0,0
14,42,7.86059316831807,1.86059316831807,0.0095228363076729,12.464688656082,0.0117967943010431,13.9881564818015,6.5196770452011,3.26962848889211,12,23560,4260,690,20,"CB","CB_bar_q75","bridge_bar","elite top quartile",2,8112,0,"peripheral",3.42464975111562,2.57535024888438,13,0.0763985091839929,0.3,3,2,"q75",0,0
15,45,7.90876615961602,1.90876615961602,0.00423547084005905,5.54391818020772,0.00708131386372411,8.3967325270531,6.57360232600705,3.2689303512834,7,25260,4560,740,21,"CB","CB_bar_q75","bridge_bar","elite top quartile",2,8112,0,"peripheral",3.42464975111562,2.57535024888438,13,0.0763985091839929,0.3,3,2,"q75",0,0
16,48,7.94464687178763,1.94464687178763,0.00362700319723466,4.7474790227904,0.00504610880597627,5.98346955968802,6.60350375569934,3.2773139524069,9,26960,4860,790,23,"CB","CB_bar_q75","bridge_bar","elite top quartile",2,8112,0,"peripheral",3.42464975111562,2.57535024888438,13,0.0763985091839929,0.3,3,2,"q75",0,0
17,51,7.90392115375845,1.90392115375845,0.00299772881509621,3.92380538195672,0.00463143268116708,5.49176356100115,6.52967223069187,3.3204798228159,1,28660,5160,840,24,"CB","CB_bar_q75","bridge_bar","elite top quartile",2,8112,0,"peripheral",3.42464975111562,2.57535024888438,13,0.0763985091839929,0.3,3,2,"q75",0,0
18,54,7.89619865554277,1.89619865554277,0.00220444389919236,2.8854540785388,0.00477033290251852,5.65646576585769,6.5383161529347,3.3216271333968,4,30360,5460,890,25,"CB","CB_bar_q75","bridge_bar","elite top quartile",2,8112,0,"peripheral",3.42464975111562,2.57535024888438,13,0.0763985091839929,0.3,3,2,"q75",0,0
19,57,7.89451005787752,1.89451005787752,0.00204391309738248,2.67533112781044,0.00278126894730913,3.29791503184009,6.47602999026127,3.33979492128908,36,32060,5760,940,27,"CB","CB_bar_q75","bridge_bar","elite top quartile",2,8112,0,"peripheral",3.42464975111562,2.57535024888438,13,0.0763985091839929,0.3,3,2,"q75",0,0
20,60,7.93091724447594,1.93091724447594,0.0023605933732812,3.08984219521366,0.00340905713041016,4.04232059817826,6.55388898493992,3.34336244836096,26,33760,6060,990,29,"CB","CB_bar_q75","bridge_bar","elite top quartile",2,8112,0,"peripheral",3.42464975111562,2.57535024888438,13,0.0763985091839929,0.3,3,2,"q75",0,0
1,3,6.1045951765306,0.104595176530603,0.0682973356663199,89.3961628254254,0.0821879474062611,97.4551085573473,4.96170713743617,3.45074264623116,0,1460,360,40,0,"CB","CB_bar_parentMean","bridge_bar","mean of the selected elite parents",2,8112,0,"peripheral",3.45138500705375,2.54861499294625,13,0.0763985091839929,0.3,3,2,"parentMean",0,0
2,6,6.35093725467521,0.350937254675214,0.0641631763346091,83.9848539191818,0.070061136874094,83.0756323182717,5.48341364227641,3.48442491884911,0,3160,660,90,0,"CB","CB_bar_parentMean","bridge_bar","mean of the selected elite parents",2,8112,0,"peripheral",3.45138500705375,2.54861499294625,13,0.0763985091839929,0.3,3,2,"parentMean",0,0
3,9,6.53372408646732,0.533724086467324,0.0699325661552125,91.5365586346609,0.0636468640738152,75.4698498185862,5.80838312833539,3.43846232566938,0,4860,960,140,0,"CB","CB_bar_parentMean","bridge_bar","mean of the selected elite parents",2,8112,0,"peripheral",3.45138500705375,2.54861499294625,13,0.0763985091839929,0.3,3,2,"parentMean",0,0
4,12,6.83073325956092,0.830733259560915,0.0453630261939264,59.3768473736539,0.0552676929578029,65.5341712123901,5.87599728303363,3.39832389238537,0,6560,1260,190,0,"CB","CB_bar_parentMean","bridge_bar","mean of the selected elite parents",2,8112,0,"peripheral",3.45138500705375,2.54861499294625,13,0.0763985091839929,0.3,3,2,"parentMean",0,0
5,15,7.08010743456355,1.08010743456355,0.038676941112036,50.6252563369909,0.0451073669654652,53.4864719595203,6.04406797571024,3.36730946804621,0,8260,1560,240,0,"CB","CB_bar_parentMean","bridge_bar","mean of the selected elite parents",2,8112,0,"peripheral",3.45138500705375,2.54861499294625,13,0.0763985091839929,0.3,3,2,"parentMean",0,0
6,18,7.17450228525189,1.17450228525189,0.0394281715762099,51.6085614723892,0.0444978093788061,52.7636834892574,6.22700437713935,3.3704696139515,0,9960,1860,290,0,"CB","CB_bar_parentMean","bridge_bar","mean of the selected elite parents",2,8112,0,"peripheral",3.45138500705375,2.54861499294625,13,0.0763985091839929,0.3,3,2,"parentMean",0,0
7,21,7.39307176241321,1.39307176241321,0.0370089876132367,48.4420285271625,0.0334751731051007,39.6934919521431,6.3702666326186,3.42373774378031,1,11660,2160,340,1,"CB","CB_bar_parentMean","bridge_bar","mean of the selected elite parents",2,8112,0,"peripheral",3.45138500705375,2.54861499294625,13,0.0763985091839929,0.3,3,2,"parentMean",0,0
8,24,7.55121044887888,1.55121044887888,0.0398968276482736,52.2219976206457,0.0284355427477892,33.7177042720717,6.52169415437383,3.37480797797672,0,13360,2460,390,2,"CB","CB_bar_parentMean","bridge_bar","mean of the selected elite parents",2,8112,0,"peripheral",3.45138500705375,2.54861499294625,13,0.0763985091839929,0.3,3,2,"parentMean",0,0
9,27,7.81571415346263,1.81571415346263,0.0272618400226995,35.6837329862602,0.0266328302796396,31.5801215141912,6.69160335034696,3.35345859764918,1,15060,2760,440,3,"CB","CB_bar_parentMean","bridge_bar","mean of the selected elite parents",2,8112,0,"peripheral",3.45138500705375,2.54861499294625,13,0.0763985091839929,0.3,3,2,"parentMean",0,0
10,30,7.88812917264636,1.88812917264636,0.0276223101675067,36.1555617544618,0.0232542074649201,27.5738886835398,6.66759871251445,3.38085874996307,3,16760,3060,490,4,"CB","CB_bar_parentMean","bridge_bar","mean of the selected elite parents",2,8112,0,"peripheral",3.45138500705375,2.54861499294625,13,0.0763985091839929,0.3,3,2,"parentMean",0,0
11,33,7.91618350294925,1.91618350294925,0.0196552592631386,25.7272811643512,0.0223264247024633,26.4737618074429,6.59419894010919,3.38803220310873,0,18460,3360,540,5,"CB","CB_bar_parentMean","bridge_bar","mean of the selected elite parents",2,8112,0,"peripheral",3.45138500705375,2.54861499294625,13,0.0763985091839929,0.3,3,2,"parentMean",0,0
12,36,8.02950146439012,2.02950146439012,0.0185921602662722,24.3357631776507,0.0201962096184736,23.9478398345467,6.70315711132869,3.41659685023444,0,20160,3660,590,6,"CB","CB_bar_parentMean","bridge_bar","mean of the selected elite parents",2,8112,0,"peripheral",3.45138500705375,2.54861499294625,13,0.0763985091839929,0.3,3,2,"parentMean",0,0
13,39,8.15439423716664,2.15439423716664,0.0178947659391207,23.4229255652413,0.0175714497002515,20.8355068120064,6.90124137274943,3.43499246997137,1,21860,3960,640,7,"CB","CB_bar_parentMean","bridge_bar","mean of the selected elite parents",2,8112,0,"peripheral",3.45138500705375,2.54861499294625,13,0.0763985091839929,0.3,3,2,"parentMean",0,0
14,42,8.32157335345336,2.32157335345336,0.0146805047255918,19.2156952830536,0.0151559112979813,17.9712601110388,6.88812296386615,3.47498015011032,0,23560,4260,690,8,"CB","CB_bar_parentMean","bridge_bar","mean of the selected elite parents",2,8112,0,"peripheral",3.45138500705375,2.54861499294625,13,0.0763985091839929,0.3,3,2,"parentMean",0,0
15,45,8.3630739807946,2.3630739807946,0.0110465345143134,14.459096953986,0.0129940337362279,15.4077940662314,6.90708011920749,3.4657960089376,0,25260,4560,740,9,"CB","CB_bar_parentMean","bridge_bar","mean of the selected elite parents",2,8112,0,"peripheral",3.45138500705375,2.54861499294625,13,0.0763985091839929,0.3,3,2,"parentMean",0,0
16,48,8.3724634691622,2.3724634691622,0.00808086043953208,10.577248857135,0.010644933173321,12.622326639498,6.96352256161374,3.40009500551449,0,26960,4860,790,10,"CB","CB_bar_parentMean","bridge_bar","mean of the selected elite parents",2,8112,0,"peripheral",3.45138500705375,2.54861499294625,13,0.0763985091839929,0.3,3,2,"parentMean",0,0
17,51,8.30699108577348,2.30699108577348,0.00799150747754199,10.460292436199,0.00949177264416782,11.2549560200912,6.93301781332216,3.38090069837468,0,28660,5160,840,11,"CB","CB_bar_parentMean","bridge_bar","mean of the selected elite parents",2,8112,0,"peripheral",3.45138500705375,2.54861499294625,13,0.0763985091839929,0.3,3,2,"parentMean",0,0
18,54,8.39707645516399,2.39707645516399,0.00758897392503493,9.93340577727528,0.00939694403490246,11.1425121313952,6.90294881374332,3.40336833017677,0,30360,5460,890,12,"CB","CB_bar_parentMean","bridge_bar","mean of the selected elite parents",2,8112,0,"peripheral",3.45138500705375,2.54861499294625,13,0.0763985091839929,0.3,3,2,"parentMean",0,0
19,57,8.37703514111579,2.37703514111579,0.00818214204504297,10.7098189904958,0.00875227247617122,10.3780869483519,6.85779567907423,3.40747132775845,0,32060,5760,940,13,"CB","CB_bar_parentMean","bridge_bar","mean of the selected elite parents",2,8112,0,"peripheral",3.45138500705375,2.54861499294625,13,0.0763985091839929,0.3,3,2,"parentMean",0,0
20,60,8.32731483556901,2.32731483556901,0.00934878900013995,12.2368735987046,0.0091940316950243,10.9019069729198,7.01799043301718,3.37630558795875,7,33760,6060,990,15,"CB","CB_bar_parentMean","bridge_bar","mean of the selected elite parents",2,8112,0,"peripheral",3.45138500705375,2.54861499294625,13,0.0763985091839929,0.3,3,2,"parentMean",0,0
1,3,6.1045951765306,0.104595176530603,0.0682973356663199,89.3961628254254,0.0821879474062611,97.4551085573473,5.12617920972624,3.83411592314137,0,1460,360,40,0,"CB","CB_donorImp1","donor_quality","donors pre-improved one cycle",2,8112,1,"peripheral",3.80884094944874,2.19115905055126,13,0.0763985091839929,0.3,3,2,"poolMean",0,0
2,6,6.30763452072619,0.307634520726188,0.0581421058190233,76.1037177819764,0.0699663549248825,82.9632437571604,5.6080696026663,3.80394714749409,3,3160,660,90,1,"CB","CB_donorImp1","donor_quality","donors pre-improved one cycle",2,8112,1,"peripheral",3.80884094944874,2.19115905055126,13,0.0763985091839929,0.3,3,2,"poolMean",0,0
3,9,6.63078148977709,0.630781489777085,0.0641329579082843,83.9453002333212,0.063656586101466,75.4813778015814,5.85919777210089,3.80192955785102,32,4860,960,140,3,"CB","CB_donorImp1","donor_quality","donors pre-improved one cycle",2,8112,1,"peripheral",3.80884094944874,2.19115905055126,13,0.0763985091839929,0.3,3,2,"poolMean",0,0
4,12,6.64548483336075,0.645484833360745,0.0726947451263775,95.1520466862835,0.0612430274142167,72.6194785657637,5.94413802206111,3.8289008671136,124,6560,1260,190,5,"CB","CB_donorImp1","donor_quality","donors pre-improved one cycle",2,8112,1,"peripheral",3.80884094944874,2.19115905055126,13,0.0763985091839929,0.3,3,2,"poolMean",0,0
5,15,6.77107562750682,0.771075627506824,0.0418039559616397,54.7182875793583,0.049461839493378,58.6498274916893,6.09133595650929,3.80437733846148,58,8260,1560,240,7,"CB","CB_donorImp1","donor_quality","donors pre-improved one cycle",2,8112,1,"peripheral",3.80884094944874,2.19115905055126,13,0.0763985091839929,0.3,3,2,"poolMean",0,0
6,18,6.96607526267188,0.966075262671879,0.0414109364000847,54.2038540311742,0.0470626539884314,55.8049713879344,6.20747464529394,3.86780408216087,90,9960,1860,290,9,"CB","CB_donorImp1","donor_quality","donors pre-improved one cycle",2,8112,1,"peripheral",3.80884094944874,2.19115905055126,13,0.0763985091839929,0.3,3,2,"poolMean",0,0
7,21,7.31455482298266,1.31455482298266,0.0245987703977567,32.1979717411955,0.0370708516245096,43.9571005651453,6.4656333357069,3.79595800872437,96,11660,2160,340,11,"CB","CB_donorImp1","donor_quality","donors pre-improved one cycle",2,8112,1,"peripheral",3.80884094944874,2.19115905055126,13,0.0763985091839929,0.3,3,2,"poolMean",0,0
8,24,7.54567384167525,1.54567384167525,0.0164890077702038,21.5828920568238,0.0280235443655374,33.2291734310551,6.50242613555822,3.76116890079656,31,13360,2460,390,13,"CB","CB_donorImp1","donor_quality","donors pre-improved one cycle",2,8112,1,"peripheral",3.80884094944874,2.19115905055126,13,0.0763985091839929,0.3,3,2,"poolMean",0,0
9,27,7.64684253128609,1.64684253128609,0.0157503279447119,20.6160147795292,0.0264834389283747,31.402979356314,6.49715684246297,3.68485630677794,25,15060,2760,440,15,"CB","CB_donorImp1","donor_quality","donors pre-improved one cycle",2,8112,1,"peripheral",3.80884094944874,2.19115905055126,13,0.0763985091839929,0.3,3,2,"poolMean",0,0
10,30,7.75529984307338,1.75529984307338,0.0189288994625647,24.7765298887936,0.0253460761813173,30.0543411011734,6.61434572420307,3.64360116854182,42,16760,3060,490,17,"CB","CB_donorImp1","donor_quality","donors pre-improved one cycle",2,8112,1,"peripheral",3.80884094944874,2.19115905055126,13,0.0763985091839929,0.3,3,2,"poolMean",0,0
11,33,7.73119494995856,1.73119494995856,0.0191879011500119,25.1155439483787,0.0248089708522237,29.4174635564063,6.57613225560505,3.65708418731718,48,18460,3360,540,19,"CB","CB_donorImp1","donor_quality","donors pre-improved one cycle",2,8112,1,"peripheral",3.80884094944874,2.19115905055126,13,0.0763985091839929,0.3,3,2,"poolMean",0,0
12,36,7.86615992536016,1.86615992536016,0.0149179037128727,19.5264330053162,0.0198914547522744,23.5864739712284,6.61050197093602,3.70236219808863,6,20160,3660,590,21,"CB","CB_donorImp1","donor_quality","donors pre-improved one cycle",2,8112,1,"peripheral",3.80884094944874,2.19115905055126,13,0.0763985091839929,0.3,3,2,"poolMean",0,0
13,39,7.88041820335768,1.88041820335768,0.0155747508783172,20.3861973809045,0.0178477950335251,21.1631858124366,6.64308884322243,3.71957915170042,77,21860,3960,640,23,"CB","CB_donorImp1","donor_quality","donors pre-improved one cycle",2,8112,1,"peripheral",3.80884094944874,2.19115905055126,13,0.0763985091839929,0.3,3,2,"poolMean",0,0
14,42,7.94025459053732,1.94025459053732,0.00984170785380198,12.8820679342052,0.015523303589862,18.4068988733914,6.73318410419259,3.70935113454717,54,23560,4260,690,25,"CB","CB_donorImp1","donor_quality","donors pre-improved one cycle",2,8112,1,"peripheral",3.80884094944874,2.19115905055126,13,0.0763985091839929,0.3,3,2,"poolMean",0,0
15,45,8.0273497269091,2.0273497269091,0.0194647882824907,25.4779687331503,0.013584464173051,16.1079023440513,6.78113293328572,3.67549093386626,28,25260,4560,740,27,"CB","CB_donorImp1","donor_quality","donors pre-improved one cycle",2,8112,1,"peripheral",3.80884094944874,2.19115905055126,13,0.0763985091839929,0.3,3,2,"poolMean",0,0
16,48,8.06905906259223,2.06905906259223,0.0146215619526229,19.1385435511698,0.0147340016651213,17.4709769141788,6.89499084973323,3.68160441196016,71,26960,4860,790,29,"CB","CB_donorImp1","donor_quality","donors pre-improved one cycle",2,8112,1,"peripheral",3.80884094944874,2.19115905055126,13,0.0763985091839929,0.3,3,2,"poolMean",0,0
17,51,8.17118787453615,2.17118787453615,0.0117420744717973,15.3695073336031,0.0125841685926985,14.9217927324946,6.84467845849385,3.67595884887127,23,28660,5160,840,31,"CB","CB_donorImp1","donor_quality","donors pre-improved one cycle",2,8112,1,"peripheral",3.80884094944874,2.19115905055126,13,0.0763985091839929,0.3,3,2,"poolMean",0,0
18,54,8.2102463746687,2.2102463746687,0.00846514950771134,11.0802548349791,0.0122198114465876,14.4897529219326,6.87477304736967,3.63981721815002,40,30360,5460,890,33,"CB","CB_donorImp1","donor_quality","donors pre-improved one cycle",2,8112,1,"peripheral",3.80884094944874,2.19115905055126,13,0.0763985091839929,0.3,3,2,"poolMean",0,0
19,57,8.21181513778953,2.21181513778953,0.0114157077519589,14.9423174272499,0.0102310433913338,12.1315530539872,6.83571181113027,3.65065971679602,61,32060,5760,940,35,"CB","CB_donorImp1","donor_quality","donors pre-improved one cycle",2,8112,1,"peripheral",3.80884094944874,2.19115905055126,13,0.0763985091839929,0.3,3,2,"poolMean",0,0
20,60,8.26986270259185,2.26986270259185,0.00759805984118815,9.94529856975286,0.010156796656517,12.0435143107171,7.01370190742877,3.61638853387727,74,33760,6060,990,37,"CB","CB_donorImp1","donor_quality","donors pre-improved one cycle",2,8112,1,"peripheral",3.80884094944874,2.19115905055126,13,0.0763985091839929,0.3,3,2,"poolMean",0,0
1,3,6.1045951765306,0.104595176530603,0.0682973356663199,89.3961628254254,0.0821879474062611,97.4551085573473,5.1590817632912,4.03758244444971,0,1460,360,40,0,"CB","CB_donorImp2","donor_quality","donors pre-improved two cycles",2,8112,2,"peripheral",4.06174615024041,1.93825384975959,13,0.0763985091839929,0.3,3,2,"poolMean",0,0
2,6,6.33376510788892,0.333765107888919,0.0540422630048285,70.7373266599703,0.0696658310027454,82.6068947743688,5.60986645986068,4.00670739266775,0,3160,660,90,0,"CB","CB_donorImp2","donor_quality","donors pre-improved two cycles",2,8112,2,"peripheral",4.06174615024041,1.93825384975959,13,0.0763985091839929,0.3,3,2,"poolMean",0,0
3,9,6.44009380433245,0.440093804332448,0.074219368480973,97.1476659344598,0.0618426016059769,73.3304291344321,6.00565516055627,4.04551776440372,57,4860,960,140,2,"CB","CB_donorImp2","donor_quality","donors pre-improved two cycles",2,8112,2,"peripheral",4.06174615024041,1.93825384975959,13,0.0763985091839929,0.3,3,2,"poolMean",0,0
4,12,6.90928711048677,0.909287110486771,0.0707955321512314,92.6661173200805,0.0572229646958298,67.8526525165479,6.23540135250753,4.08177310505414,106,6560,1260,190,4,"CB","CB_donorImp2","donor_quality","donors pre-improved two cycles",2,8112,2,"peripheral",4.06174615024041,1.93825384975959,13,0.0763985091839929,0.3,3,2,"poolMean",0,0
5,15,7.21120361163241,1.21120361163241,0.0311647524294766,40.7923567650012,0.0413403154732644,49.0196562803447,6.32256827334135,4.11293868765891,18,8260,1560,240,6,"CB","CB_donorImp2","donor_quality","donors pre-improved two cycles",2,8112,2,"peripheral",4.06174615024041,1.93825384975959,13,0.0763985091839929,0.3,3,2,"poolMean",0,0
6,18,7.33882528866229,1.33882528866229,0.0374233713539469,48.9844262063007,0.0368827964355831,43.7341124089744,6.48388055973398,4.13865903865342,55,9960,1860,290,8,"CB","CB_donorImp2","donor_quality","donors pre-improved two cycles",2,8112,2,"peripheral",4.06174615024041,1.93825384975959,13,0.0763985091839929,0.3,3,2,"poolMean",0,0
7,21,7.60486184308784,1.60486184308784,0.0276687308730612,36.2163230259189,0.0311226813751794,36.9040034181797,6.65994079506316,4.16032013651663,89,11660,2160,340,10,"CB","CB_donorImp2","donor_quality","donors pre-improved two cycles",2,8112,2,"peripheral",4.06174615024041,1.93825384975959,13,0.0763985091839929,0.3,3,2,"poolMean",0,0
8,24,7.69925428899763,1.69925428899763,0.0149617393090753,19.5838105597617,0.0233024168066149,27.6310533503384,6.64354236572789,4.16677474022644,19,13360,2460,390,12,"CB","CB_donorImp2","donor_quality","donors pre-improved two cycles",2,8112,2,"peripheral",4.06174615024041,1.93825384975959,13,0.0763985091839929,0.3,3,2,"poolMean",0,0
9,27,7.6851611243574,1.6851611243574,0.0147750200864478,19.3394089024233,0.0205473882490867,24.3642531001104,6.73576376610158,4.10016772890563,25,15060,2760,440,14,"CB","CB_donorImp2","donor_quality","donors pre-improved two cycles",2,8112,2,"peripheral",4.06174615024041,1.93825384975959,13,0.0763985091839929,0.3,3,2,"poolMean",0,0
10,30,7.82247681500171,1.82247681500171,0.0139422329568982,18.2493521219383,0.0184723739670277,21.9037859817809,6.81665136078279,4.07332147015067,21,16760,3060,490,16,"CB","CB_donorImp2","donor_quality","donors pre-improved two cycles",2,8112,2,"peripheral",4.06174615024041,1.93825384975959,13,0.0763985091839929,0.3,3,2,"poolMean",0,0
11,33,7.95199900821478,1.95199900821478,0.0136748493642095,17.8993667681078,0.0136615102519556,16.1992604351161,6.74539281608774,4.05056337457972,14,18460,3360,540,18,"CB","CB_donorImp2","donor_quality","donors pre-improved two cycles",2,8112,2,"peripheral",4.06174615024041,1.93825384975959,13,0.0763985091839929,0.3,3,2,"poolMean",0,0
12,36,8.03379976633718,2.03379976633718,0.00989327324865594,12.9495632235829,0.00978243411211657,11.5996105078394,6.78860129081919,3.99414368747282,0,20160,3660,590,20,"CB","CB_donorImp2","donor_quality","donors pre-improved two cycles",2,8112,2,"peripheral",4.06174615024041,1.93825384975959,13,0.0763985091839929,0.3,3,2,"poolMean",0,0
13,39,8.03751809296327,2.03751809296327,0.0111881537141695,14.6444660159857,0.00944002323582774,11.1935936869667,6.87862656865161,3.96611977347232,26,21860,3960,640,22,"CB","CB_donorImp2","donor_quality","donors pre-improved two cycles",2,8112,2,"peripheral",4.06174615024041,1.93825384975959,13,0.0763985091839929,0.3,3,2,"poolMean",0,0
14,42,8.05224441000825,2.05224441000825,0.014689071229703,19.2269082035709,0.00692212421278962,8.20797194593844,6.94946617536789,3.94343830307263,29,23560,4260,690,24,"CB","CB_donorImp2","donor_quality","donors pre-improved two cycles",2,8112,2,"peripheral",4.06174615024041,1.93825384975959,13,0.0763985091839929,0.3,3,2,"poolMean",0,0
15,45,8.19556409770582,2.19556409770582,0.00943410064182166,12.3485402301519,0.00697658273277575,8.27254663291641,6.95707820178026,3.90571435552412,38,25260,4560,740,26,"CB","CB_donorImp2","donor_quality","donors pre-improved two cycles",2,8112,2,"peripheral",4.06174615024041,1.93825384975959,13,0.0763985091839929,0.3,3,2,"poolMean",0,0
16,48,8.19359255282642,2.19359255282642,0.0109949247104218,14.3915435364614,0.00904650738212374,10.7269786728188,7.01231992914641,3.95978952525989,60,26960,4860,790,28,"CB","CB_donorImp2","donor_quality","donors pre-improved two cycles",2,8112,2,"peripheral",4.06174615024041,1.93825384975959,13,0.0763985091839929,0.3,3,2,"poolMean",0,0
17,51,8.23671741197917,2.23671741197917,0.00583833931286938,7.6419545030764,0.00761369671394994,9.02801034941268,6.93075848061152,3.96867551270149,14,28660,5160,840,30,"CB","CB_donorImp2","donor_quality","donors pre-improved two cycles",2,8112,2,"peripheral",4.06174615024041,1.93825384975959,13,0.0763985091839929,0.3,3,2,"poolMean",0,0
18,54,8.25271752428578,2.25271752428578,0.00518776730248999,6.79040384151493,0.00680471041521138,8.06874746412292,6.94319662895955,3.95896902653811,8,30360,5460,890,32,"CB","CB_donorImp2","donor_quality","donors pre-improved two cycles",2,8112,2,"peripheral",4.06174615024041,1.93825384975959,13,0.0763985091839929,0.3,3,2,"poolMean",0,0
19,57,8.24113446801727,2.24113446801727,0.00665772191119653,8.71446574325493,0.00603668358107648,7.15805263771981,6.92779640037507,3.9654442941263,53,32060,5760,940,34,"CB","CB_donorImp2","donor_quality","donors pre-improved two cycles",2,8112,2,"peripheral",4.06174615024041,1.93825384975959,13,0.0763985091839929,0.3,3,2,"poolMean",0,0
20,60,8.21771209639923,2.21771209639923,0.006716950778597,8.79199195159732,0.00666481876202091,7.90286965991698,7.06076825781033,3.94143674031431,59,33760,6060,990,36,"CB","CB_donorImp2","donor_quality","donors pre-improved two cycles",2,8112,2,"peripheral",4.06174615024041,1.93825384975959,13,0.0763985091839929,0.3,3,2,"poolMean",0,0
1,3,6.1045951765306,0.104595176530603,0.0682973356663199,89.3961628254254,0.0821879474062611,97.4551085573473,5.35038455364199,4.28219550873264,0,1460,360,40,0,"CB","CB_donorImp3","donor_quality","donors pre-improved three cycles",2,8112,3,"peripheral",4.26530521304682,1.73469478695318,13,0.0763985091839929,0.3,3,2,"poolMean",0,0
2,6,6.23701899121682,0.237018991216816,0.0621487910677305,81.3481725383614,0.0686846213711901,81.4434165007472,5.69365336856876,4.33065887525888,7,3160,660,90,1,"CB","CB_donorImp3","donor_quality","donors pre-improved three cycles",2,8112,3,"peripheral",4.26530521304682,1.73469478695318,13,0.0763985091839929,0.3,3,2,"poolMean",0,0
3,9,6.41830943253241,0.41830943253241,0.0599701165387112,78.4964486601214,0.0670932876094876,79.5564779727524,5.87184104288215,4.32589744022873,10,4860,960,140,3,"CB","CB_donorImp3","donor_quality","donors pre-improved three cycles",2,8112,3,"peripheral",4.26530521304682,1.73469478695318,13,0.0763985091839929,0.3,3,2,"poolMean",0,0
4,12,6.695384623915,0.695384623915004,0.0388240461386242,50.8178059405885,0.0526964071740716,62.4852456327447,6.12981983895724,4.32087431194272,86,6560,1260,190,5,"CB","CB_donorImp3","donor_quality","donors pre-improved three cycles",2,8112,3,"peripheral",4.26530521304682,1.73469478695318,13,0.0763985091839929,0.3,3,2,"poolMean",0,0
5,15,6.96787356236337,0.967873562363369,0.0364921204015472,47.7654875616252,0.0392918125931977,46.5906252988297,6.28056978553763,4.30887182933526,31,8260,1560,240,7,"CB","CB_donorImp3","donor_quality","donors pre-improved three cycles",2,8112,3,"peripheral",4.26530521304682,1.73469478695318,13,0.0763985091839929,0.3,3,2,"poolMean",0,0
6,18,7.0075931955519,1.0075931955519,0.0425024843054459,55.6326095357252,0.0364881612318073,43.2661701152653,6.39987973943635,4.32074289799112,52,9960,1860,290,9,"CB","CB_donorImp3","donor_quality","donors pre-improved three cycles",2,8112,3,"peripheral",4.26530521304682,1.73469478695318,13,0.0763985091839929,0.3,3,2,"poolMean",0,0
7,21,7.24522886005959,1.24522886005959,0.0216244209097759,28.3047681698829,0.0304059817265868,36.0541702703661,6.35788985440008,4.32761790252031,101,11660,2160,340,11,"CB","CB_donorImp3","donor_quality","donors pre-improved three cycles",2,8112,3,"peripheral",4.26530521304682,1.73469478695318,13,0.0763985091839929,0.3,3,2,"poolMean",0,0
8,24,7.32365521126284,1.32365521126284,0.0302491664661014,39.5939224327682,0.0268859799728962,31.8802960728237,6.43243577018566,4.31852804454228,30,13360,2460,390,12,"CB","CB_donorImp3","donor_quality","donors pre-improved three cycles",2,8112,3,"peripheral",4.26530521304682,1.73469478695318,13,0.0763985091839929,0.3,3,2,"poolMean",0,0
9,27,7.46134421321305,1.46134421321305,0.0167395159762628,21.9107887772371,0.0235931514568283,27.9757946146247,6.58411592720945,4.26573066627771,16,15060,2760,440,14,"CB","CB_donorImp3","donor_quality","donors pre-improved three cycles",2,8112,3,"peripheral",4.26530521304682,1.73469478695318,13,0.0763985091839929,0.3,3,2,"poolMean",0,0
10,30,7.50656778256431,1.50656778256431,0.024791206436336,32.4498562879421,0.0226227148142415,26.8250905109702,6.59983441864558,4.230275318822,64,16760,3060,490,16,"CB","CB_donorImp3","donor_quality","donors pre-improved three cycles",2,8112,3,"peripheral",4.26530521304682,1.73469478695318,13,0.0763985091839929,0.3,3,2,"poolMean",0,0
11,33,7.60197714559464,1.60197714559464,0.0152684223145609,19.985235939342,0.0181743027011274,21.5503452585011,6.64821562771971,4.27360174722094,22,18460,3360,540,18,"CB","CB_donorImp3","donor_quality","donors pre-improved three cycles",2,8112,3,"peripheral",4.26530521304682,1.73469478695318,13,0.0763985091839929,0.3,3,2,"poolMean",0,0
12,36,7.73194276233317,1.73194276233317,0.00968037688298329,12.6708976214048,0.011045605647407,13.0974276815641,6.70560317784227,4.32197997229841,2,20160,3660,590,19,"CB","CB_donorImp3","donor_quality","donors pre-improved three cycles",2,8112,3,"peripheral",4.26530521304682,1.73469478695318,13,0.0763985091839929,0.3,3,2,"poolMean",0,0
13,39,7.76422756944076,1.76422756944076,0.0105528441033148,13.8128927069768,0.0105092947418222,12.4614921317213,6.78788933062789,4.32541639291312,27,21860,3960,640,21,"CB","CB_donorImp3","donor_quality","donors pre-improved three cycles",2,8112,3,"peripheral",4.26530521304682,1.73469478695318,13,0.0763985091839929,0.3,3,2,"poolMean",0,0
14,42,7.81252027779496,1.81252027779496,0.00916171742617863,11.9920107395213,0.0121962977400345,14.4618713298374,6.78369670248598,4.34185054022474,48,23560,4260,690,23,"CB","CB_donorImp3","donor_quality","donors pre-improved three cycles",2,8112,3,"peripheral",4.26530521304682,1.73469478695318,13,0.0763985091839929,0.3,3,2,"poolMean",0,0
15,45,7.75282292084466,1.75282292084466,0.0104253209714284,13.6459743557571,0.0120891274602524,14.3347931927152,6.847469895393,4.35603281912446,59,25260,4560,740,25,"CB","CB_donorImp3","donor_quality","donors pre-improved three cycles",2,8112,3,"peripheral",4.26530521304682,1.73469478695318,13,0.0763985091839929,0.3,3,2,"poolMean",0,0
16,48,7.86068025490615,1.86068025490615,0.00737287476626202,9.65054795572737,0.0107192802742857,12.7104843928438,6.92477651996801,4.39953976062667,46,26960,4860,790,27,"CB","CB_donorImp3","donor_quality","donors pre-improved three cycles",2,8112,3,"peripheral",4.26530521304682,1.73469478695318,13,0.0763985091839929,0.3,3,2,"poolMean",0,0
17,51,7.86274828481173,1.86274828481173,0.00750321799809405,9.82115760927195,0.0110225006446294,13.0700307137,6.81641609610609,4.40130429720015,1,28660,5160,840,28,"CB","CB_donorImp3","donor_quality","donors pre-improved three cycles",2,8112,3,"peripheral",4.26530521304682,1.73469478695318,13,0.0763985091839929,0.3,3,2,"poolMean",0,0
18,54,7.95243564508079,1.95243564508079,0.00659859413233556,8.63707185233675,0.0100091602686281,11.868453116676,6.93764127376246,4.43134607605051,30,30360,5460,890,30,"CB","CB_donorImp3","donor_quality","donors pre-improved three cycles",2,8112,3,"peripheral",4.26530521304682,1.73469478695318,13,0.0763985091839929,0.3,3,2,"poolMean",0,0
19,57,7.98679016056815,1.98679016056815,0.00465673129467729,6.09531696942192,0.00720491382396828,8.54329230769511,6.97900286556415,4.36374060545455,44,32060,5760,940,32,"CB","CB_donorImp3","donor_quality","donors pre-improved three cycles",2,8112,3,"peripheral",4.26530521304682,1.73469478695318,13,0.0763985091839929,0.3,3,2,"poolMean",0,0
20,60,8.04989676274467,2.04989676274467,0.00352244604031479,4.61062143481304,0.00406540709187047,4.82059355381668,7.03790142377703,4.39624968061543,69,33760,6060,990,34,"CB","CB_donorImp3","donor_quality","donors pre-improved three cycles",2,8112,3,"peripheral",4.26530521304682,1.73469478695318,13,0.0763985091839929,0.3,3,2,"poolMean",0,0
1,3,6.0900954285139,0.0900954285138962,0.06050450739976,79.1959267870595,0.0828502478168021,98.2404373122778,NA,NA,0,1260,260,30,0,"GSRS","GSRS_h2_0.15","heritability","h2 = 0.15",2,8112,0,"peripheral",NA,NA,13,0.0763985091839929,0.15,3,2,"poolMean",0,0
2,6,6.28659022325094,0.286590223250936,0.0788999270582244,103.274171055102,0.0719584832885874,85.3254281415127,NA,NA,0,2460,460,60,0,"GSRS","GSRS_h2_0.15","heritability","h2 = 0.15",2,8112,0,"peripheral",NA,NA,13,0.0763985091839929,0.15,3,2,"poolMean",0,0
3,9,6.31265504521033,0.312655045210331,0.0782392544641002,102.409399476205,0.0622594829842985,73.824750032593,NA,NA,0,3660,660,90,0,"GSRS","GSRS_h2_0.15","heritability","h2 = 0.15",2,8112,0,"peripheral",NA,NA,13,0.0763985091839929,0.15,3,2,"poolMean",0,0
4,12,6.61470791552112,0.614707915521121,0.0286296437895894,37.4740869885821,0.0427188744906164,50.654295213772,NA,NA,0,4860,860,120,0,"GSRS","GSRS_h2_0.15","heritability","h2 = 0.15",2,8112,0,"peripheral",NA,NA,13,0.0763985091839929,0.15,3,2,"poolMean",0,0
5,15,6.63757327014585,0.637573270145854,0.0298366760157955,39.0540029307888,0.0406739761680197,48.2295383691666,NA,NA,0,6060,1060,150,0,"GSRS","GSRS_h2_0.15","heritability","h2 = 0.15",2,8112,0,"peripheral",NA,NA,13,0.0763985091839929,0.15,3,2,"poolMean",0,0
6,18,6.62922653989922,0.629226539899225,0.0316667804669395,41.4494743486099,0.0393512155330388,46.6610628767657,NA,NA,0,7260,1260,180,0,"GSRS","GSRS_h2_0.15","heritability","h2 = 0.15",2,8112,0,"peripheral",NA,NA,13,0.0763985091839929,0.15,3,2,"poolMean",0,0
7,21,6.74369991348607,0.74369991348607,0.0216661246924597,28.3593553380479,0.0332269997184424,39.3992180944657,NA,NA,0,8460,1460,210,0,"GSRS","GSRS_h2_0.15","heritability","h2 = 0.15",2,8112,0,"peripheral",NA,NA,13,0.0763985091839929,0.15,3,2,"poolMean",0,0
8,24,6.63746053766913,0.637460537669126,0.0115873116286378,15.1669342142943,0.0196679466206667,23.3214471647842,NA,NA,0,9660,1660,240,0,"GSRS","GSRS_h2_0.15","heritability","h2 = 0.15",2,8112,0,"peripheral",NA,NA,13,0.0763985091839929,0.15,3,2,"poolMean",0,0
9,27,6.65675056030264,0.656750560302639,0.0118217564491281,15.4738051506442,0.0185550061439521,22.0017678395426,NA,NA,0,10860,1860,270,0,"GSRS","GSRS_h2_0.15","heritability","h2 = 0.15",2,8112,0,"peripheral",NA,NA,13,0.0763985091839929,0.15,3,2,"poolMean",0,0
10,30,6.67691229509641,0.676912295096406,0.00909556947490171,11.905427961947,0.0139094972673475,16.4933133013639,NA,NA,0,12060,2060,300,0,"GSRS","GSRS_h2_0.15","heritability","h2 = 0.15",2,8112,0,"peripheral",NA,NA,13,0.0763985091839929,0.15,3,2,"poolMean",0,0
11,33,6.66044585741684,0.660445857416841,0.0121323115976074,15.8802988791166,0.0151736994842195,17.9923526151783,NA,NA,0,13260,2260,330,0,"GSRS","GSRS_h2_0.15","heritability","h2 = 0.15",2,8112,0,"peripheral",NA,NA,13,0.0763985091839929,0.15,3,2,"poolMean",0,0
12,36,6.6906634918813,0.690663491881304,0.0111696150121904,14.6202002257534,0.0135909142716516,16.1155506073207,NA,NA,0,14460,2460,360,0,"GSRS","GSRS_h2_0.15","heritability","h2 = 0.15",2,8112,0,"peripheral",NA,NA,13,0.0763985091839929,0.15,3,2,"poolMean",0,0
13,39,6.79882440902125,0.798824409021249,0.00848069194656617,11.1005987383103,0.00880301152206434,10.4382512349859,NA,NA,0,15660,2660,390,0,"GSRS","GSRS_h2_0.15","heritability","h2 = 0.15",2,8112,0,"peripheral",NA,NA,13,0.0763985091839929,0.15,3,2,"poolMean",0,0
14,42,6.89046563447318,0.890465634473182,0.00590263213293267,7.72610905105121,0.00591760715204632,7.01685667548957,NA,NA,0,16860,2860,420,0,"GSRS","GSRS_h2_0.15","heritability","h2 = 0.15",2,8112,0,"peripheral",NA,NA,13,0.0763985091839929,0.15,3,2,"poolMean",0,0
15,45,6.87645889737366,0.876458897373665,0.00277252209375925,3.62902643437989,0.00361161149504607,4.28250128424384,NA,NA,0,18060,3060,450,0,"GSRS","GSRS_h2_0.15","heritability","h2 = 0.15",2,8112,0,"peripheral",NA,NA,13,0.0763985091839929,0.15,3,2,"poolMean",0,0
16,48,6.85046952567806,0.850469525678061,0.00227119307864297,2.97282381934075,0.0036679921124441,4.34935511576606,NA,NA,0,19260,3260,480,0,"GSRS","GSRS_h2_0.15","heritability","h2 = 0.15",2,8112,0,"peripheral",NA,NA,13,0.0763985091839929,0.15,3,2,"poolMean",0,0
17,51,6.82447665773206,0.824476657732063,0.00102306527358385,1.3391168028161,0.00273977673960154,3.24871526795695,NA,NA,0,20460,3460,510,0,"GSRS","GSRS_h2_0.15","heritability","h2 = 0.15",2,8112,0,"peripheral",NA,NA,13,0.0763985091839929,0.15,3,2,"poolMean",0,0
18,54,6.85431216585207,0.854312165852071,6.93668970690631e-05,0.0907961396236209,0.000289239324494311,0.342968168170842,NA,NA,0,21660,3660,540,0,"GSRS","GSRS_h2_0.15","heritability","h2 = 0.15",2,8112,0,"peripheral",NA,NA,13,0.0763985091839929,0.15,3,2,"poolMean",0,0
19,57,6.85532275131178,0.855322751311777,5.74949380142974e-05,0.0752566229739254,0.0002704895628941,0.320735467272003,NA,NA,0,22860,3860,570,0,"GSRS","GSRS_h2_0.15","heritability","h2 = 0.15",2,8112,0,"peripheral",NA,NA,13,0.0763985091839929,0.15,3,2,"poolMean",0,0
20,60,6.85043736737774,0.850437367377742,2.47136532538627e-05,0.0323483449059772,0.000146434808766684,0.173636410633178,NA,NA,0,24060,4060,600,0,"GSRS","GSRS_h2_0.15","heritability","h2 = 0.15",2,8112,0,"peripheral",NA,NA,13,0.0763985091839929,0.15,3,2,"poolMean",0,0
1,3,6.0900954285139,0.0900954285138962,0.06050450739976,79.1959267870595,0.0828502478168021,98.2404373122778,4.76228256734116,3.43324391907406,0,1460,360,40,0,"CB","CB_h2_0.15","heritability","h2 = 0.15",2,8112,0,"peripheral",3.40152994109786,2.59847005890214,13,0.0763985091839929,0.15,3,2,"poolMean",0,0
2,6,6.24496607121849,0.244966071218492,0.0551431502857967,72.1783067166844,0.0715231217330125,84.809194204552,5.37625616795072,3.42268062227682,2,3160,660,90,2,"CB","CB_h2_0.15","heritability","h2 = 0.15",2,8112,0,"peripheral",3.40152994109786,2.59847005890214,13,0.0763985091839929,0.15,3,2,"poolMean",0,0
3,9,6.37635076382192,0.376350763821924,0.0924686312224867,121.034601604321,0.0651573957278376,77.2609765101241,5.68151876916371,3.43991002370603,68,4860,960,140,4,"CB","CB_h2_0.15","heritability","h2 = 0.15",2,8112,0,"peripheral",3.40152994109786,2.59847005890214,13,0.0763985091839929,0.15,3,2,"poolMean",0,0
4,12,6.66518187490623,0.665181874906233,0.0737455154990326,96.5274274154081,0.0563124454682148,66.77299603441,5.67210190007525,3.43261227469128,128,6560,1260,190,6,"CB","CB_h2_0.15","heritability","h2 = 0.15",2,8112,0,"peripheral",3.40152994109786,2.59847005890214,13,0.0763985091839929,0.15,3,2,"poolMean",0,0
5,15,6.79237818408622,0.79237818408622,0.0860506600092564,112.633951798742,0.0471331221805859,55.8885296897656,5.99453167321648,3.41705835653022,102,8260,1560,240,8,"CB","CB_h2_0.15","heritability","h2 = 0.15",2,8112,0,"peripheral",3.40152994109786,2.59847005890214,13,0.0763985091839929,0.15,3,2,"poolMean",0,0
6,18,7.11932951748627,1.11932951748627,0.0360547314918405,47.1929778171571,0.040943021445033,48.5485612612771,6.16900419717939,3.43225648098605,58,9960,1860,290,10,"CB","CB_h2_0.15","heritability","h2 = 0.15",2,8112,0,"peripheral",3.40152994109786,2.59847005890214,13,0.0763985091839929,0.15,3,2,"poolMean",0,0
7,21,7.23604345429523,1.23604345429523,0.0371922176068079,48.6818630416422,0.033735625556187,40.0023258225058,6.18756561001299,3.36055742421066,92,11660,2160,340,12,"CB","CB_h2_0.15","heritability","h2 = 0.15",2,8112,0,"peripheral",3.40152994109786,2.59847005890214,13,0.0763985091839929,0.15,3,2,"poolMean",0,0
8,24,7.39327460621851,1.39327460621851,0.0204966660020517,26.8286203762025,0.0296071427563674,35.1069396724569,6.21779489769956,3.32900352824647,25,13360,2460,390,14,"CB","CB_h2_0.15","heritability","h2 = 0.15",2,8112,0,"peripheral",3.40152994109786,2.59847005890214,13,0.0763985091839929,0.15,3,2,"poolMean",0,0
9,27,7.48890594029683,1.48890594029683,0.0250073466426662,32.7327678377077,0.0248297849732928,29.4421440903816,6.22961746204751,3.3715549296872,30,15060,2760,440,16,"CB","CB_h2_0.15","heritability","h2 = 0.15",2,8112,0,"peripheral",3.40152994109786,2.59847005890214,13,0.0763985091839929,0.15,3,2,"poolMean",0,0
10,30,7.59142107797739,1.59142107797739,0.020790705359781,27.2134961556778,0.0210395585924795,24.9478485755754,6.41682126728951,3.39939607311417,26,16760,3060,490,18,"CB","CB_h2_0.15","heritability","h2 = 0.15",2,8112,0,"peripheral",3.40152994109786,2.59847005890214,13,0.0763985091839929,0.15,3,2,"poolMean",0,0
11,33,7.63285944381398,1.63285944381398,0.0146063427980983,19.1186228031249,0.0195978709674572,23.2383543195889,6.34209926030124,3.43331358867283,39,18460,3360,540,20,"CB","CB_h2_0.15","heritability","h2 = 0.15",2,8112,0,"peripheral",3.40152994109786,2.59847005890214,13,0.0763985091839929,0.15,3,2,"poolMean",0,0
12,36,7.64856666346901,1.64856666346901,0.0188039593179359,24.6129924769209,0.0157223118288916,18.6428747086628,6.37946813777875,3.39204171200855,2,20160,3660,590,21,"CB","CB_h2_0.15","heritability","h2 = 0.15",2,8112,0,"peripheral",3.40152994109786,2.59847005890214,13,0.0763985091839929,0.15,3,2,"poolMean",0,0
13,39,7.67259720341813,1.67259720341813,0.0101079123558523,13.230509945566,0.0129306003477513,15.33257734705,6.35114770429833,3.35992741153693,26,21860,3960,640,23,"CB","CB_h2_0.15","heritability","h2 = 0.15",2,8112,0,"peripheral",3.40152994109786,2.59847005890214,13,0.0763985091839929,0.15,3,2,"poolMean",0,0
14,42,7.58968171455285,1.58968171455285,0.0177975896120556,23.2957289378424,0.0129712817488713,15.3808156896237,6.28413618119622,3.31258660000686,44,23560,4260,690,25,"CB","CB_h2_0.15","heritability","h2 = 0.15",2,8112,0,"peripheral",3.40152994109786,2.59847005890214,13,0.0763985091839929,0.15,3,2,"poolMean",0,0
15,45,7.5182045138224,1.5182045138224,0.0227911804179953,29.8319701018073,0.0132181657417303,15.6735606368387,6.34662990965907,3.26666072648838,39,25260,4560,740,27,"CB","CB_h2_0.15","heritability","h2 = 0.15",2,8112,0,"peripheral",3.40152994109786,2.59847005890214,13,0.0763985091839929,0.15,3,2,"poolMean",0,0
16,48,7.68183498744414,1.68183498744414,0.00785972809888849,10.2878029726466,0.00648939395547793,7.69485809490258,6.46069422637671,3.3332559942688,95,26960,4860,790,29,"CB","CB_h2_0.15","heritability","h2 = 0.15",2,8112,0,"peripheral",3.40152994109786,2.59847005890214,13,0.0763985091839929,0.15,3,2,"poolMean",0,0
17,51,7.63963414115823,1.63963414115823,0.0108441713348849,14.1942185138306,0.0089939591666393,10.6646691468342,6.34772575501778,3.32765857228674,42,28660,5160,840,31,"CB","CB_h2_0.15","heritability","h2 = 0.15",2,8112,0,"peripheral",3.40152994109786,2.59847005890214,13,0.0763985091839929,0.15,3,2,"poolMean",0,0
18,54,7.64271584691682,1.64271584691682,0.00503684463758575,6.59285723161869,0.00574758505118651,6.81525141803574,6.37210307949917,3.33777691361404,44,30360,5460,890,33,"CB","CB_h2_0.15","heritability","h2 = 0.15",2,8112,0,"peripheral",3.40152994109786,2.59847005890214,13,0.0763985091839929,0.15,3,2,"poolMean",0,0
19,57,7.71524202412721,1.71524202412721,0.00301955927390487,3.95237983850283,0.005383636162802,6.38369570279791,6.31569006700999,3.35173302622439,29,32060,5760,940,35,"CB","CB_h2_0.15","heritability","h2 = 0.15",2,8112,0,"peripheral",3.40152994109786,2.59847005890214,13,0.0763985091839929,0.15,3,2,"poolMean",0,0
20,60,7.69746586367075,1.69746586367075,0.00352911345954759,4.61934859363331,0.00488126533895015,5.78800491455472,6.41735650265723,3.33438668607191,79,33760,6060,990,37,"CB","CB_h2_0.15","heritability","h2 = 0.15",2,8112,0,"peripheral",3.40152994109786,2.59847005890214,13,0.0763985091839929,0.15,3,2,"poolMean",0,0
1,3,6.11069501158566,0.11069501158566,0.0600882111318218,78.6510257511825,0.0808479331639963,95.8661744426798,NA,NA,0,1260,260,30,0,"GSRS","GSRS_h2_0.50","heritability","h2 = 0.50",2,8112,0,"peripheral",NA,NA,13,0.0763985091839929,0.5,3,2,"poolMean",0,0
2,6,6.25268260074133,0.252682600741328,0.0558128026241386,73.0548321168453,0.0633292338326957,75.0932168619754,NA,NA,0,2460,460,60,0,"GSRS","GSRS_h2_0.50","heritability","h2 = 0.50",2,8112,0,"peripheral",NA,NA,13,0.0763985091839929,0.5,3,2,"poolMean",0,0
3,9,6.44786027123514,0.447860271235136,0.0451026474578348,59.0360308592053,0.0477754171846858,56.65013685147,NA,NA,0,3660,660,90,0,"GSRS","GSRS_h2_0.50","heritability","h2 = 0.50",2,8112,0,"peripheral",NA,NA,13,0.0763985091839929,0.5,3,2,"poolMean",0,0
4,12,6.56975074098057,0.569750740980571,0.0262853774094833,34.4056156202988,0.0378621542631288,44.8953948890948,NA,NA,0,4860,860,120,0,"GSRS","GSRS_h2_0.50","heritability","h2 = 0.50",2,8112,0,"peripheral",NA,NA,13,0.0763985091839929,0.5,3,2,"poolMean",0,0
5,15,6.81860894063558,0.81860894063558,0.0207017929404801,27.0971163725503,0.0343483493453142,40.7288686462351,NA,NA,0,6060,1060,150,0,"GSRS","GSRS_h2_0.50","heritability","h2 = 0.50",2,8112,0,"peripheral",NA,NA,13,0.0763985091839929,0.5,3,2,"poolMean",0,0
6,18,6.90127055949076,0.901270559490756,0.0213710087372823,27.9730703721113,0.0265379619385916,31.4676305131715,NA,NA,0,7260,1260,180,0,"GSRS","GSRS_h2_0.50","heritability","h2 = 0.50",2,8112,0,"peripheral",NA,NA,13,0.0763985091839929,0.5,3,2,"poolMean",0,0
7,21,7.11139597564265,1.11139597564265,0.0162057873294837,21.2121774398172,0.0259723119832101,30.7969059173294,NA,NA,0,8460,1460,210,0,"GSRS","GSRS_h2_0.50","heritability","h2 = 0.50",2,8112,0,"peripheral",NA,NA,13,0.0763985091839929,0.5,3,2,"poolMean",0,0
8,24,7.20292829180235,1.20292829180235,0.0176212857535425,23.06496022207,0.0220163117438531,26.1060425371586,NA,NA,0,9660,1660,240,0,"GSRS","GSRS_h2_0.50","heritability","h2 = 0.50",2,8112,0,"peripheral",NA,NA,13,0.0763985091839929,0.5,3,2,"poolMean",0,0
9,27,7.32919050013992,1.32919050013992,0.0160182253555417,20.9666726833171,0.0188055531576741,22.2988562471689,NA,NA,0,10860,1860,270,0,"GSRS","GSRS_h2_0.50","heritability","h2 = 0.50",2,8112,0,"peripheral",NA,NA,13,0.0763985091839929,0.5,3,2,"poolMean",0,0
10,30,7.44879762051523,1.44879762051523,0.0107632144103524,14.0882518851657,0.0133593458933451,15.840966289808,NA,NA,0,12060,2060,300,0,"GSRS","GSRS_h2_0.50","heritability","h2 = 0.50",2,8112,0,"peripheral",NA,NA,13,0.0763985091839929,0.5,3,2,"poolMean",0,0
11,33,7.51621939458956,1.51621939458956,0.00886807033850881,11.6076484125516,0.00989903806987952,11.7378747147046,NA,NA,0,13260,2260,330,0,"GSRS","GSRS_h2_0.50","heritability","h2 = 0.50",2,8112,0,"peripheral",NA,NA,13,0.0763985091839929,0.5,3,2,"poolMean",0,0
12,36,7.56817161042794,1.56817161042794,0.00774511289445098,10.1377801441101,0.00946336609079034,11.2212726902295,NA,NA,0,14460,2460,360,0,"GSRS","GSRS_h2_0.50","heritability","h2 = 0.50",2,8112,0,"peripheral",NA,NA,13,0.0763985091839929,0.5,3,2,"poolMean",0,0
13,39,7.55487550640651,1.55487550640651,0.0086529423674779,11.3260618039532,0.0088545856066298,10.4994056763449,NA,NA,0,15660,2660,390,0,"GSRS","GSRS_h2_0.50","heritability","h2 = 0.50",2,8112,0,"peripheral",NA,NA,13,0.0763985091839929,0.5,3,2,"poolMean",0,0
14,42,7.63387883664139,1.63387883664139,0.00689580937737583,9.02610463349283,0.00678348402823372,8.04357808208491,NA,NA,0,16860,2860,420,0,"GSRS","GSRS_h2_0.50","heritability","h2 = 0.50",2,8112,0,"peripheral",NA,NA,13,0.0763985091839929,0.5,3,2,"poolMean",0,0
15,45,7.72425494872098,1.72425494872098,0.00665730461664132,8.71391953553482,0.00690402166645456,8.18650668644574,NA,NA,0,18060,3060,450,0,"GSRS","GSRS_h2_0.50","heritability","h2 = 0.50",2,8112,0,"peripheral",NA,NA,13,0.0763985091839929,0.5,3,2,"poolMean",0,0
16,48,7.74365066758505,1.74365066758505,0.00617567248906342,8.08349868999454,0.00555616901499497,6.58827810655428,NA,NA,0,19260,3260,480,0,"GSRS","GSRS_h2_0.50","heritability","h2 = 0.50",2,8112,0,"peripheral",NA,NA,13,0.0763985091839929,0.5,3,2,"poolMean",0,0
17,51,7.74731553251433,1.74731553251433,0.00574858251456544,7.52446949026315,0.0043914537234695,5.20720632223362,NA,NA,0,20460,3460,510,0,"GSRS","GSRS_h2_0.50","heritability","h2 = 0.50",2,8112,0,"peripheral",NA,NA,13,0.0763985091839929,0.5,3,2,"poolMean",0,0
18,54,7.7559223609142,1.7559223609142,0.00406113442558906,5.3157247032249,0.00363202106965207,4.30670212355918,NA,NA,0,21660,3660,540,0,"GSRS","GSRS_h2_0.50","heritability","h2 = 0.50",2,8112,0,"peripheral",NA,NA,13,0.0763985091839929,0.5,3,2,"poolMean",0,0
19,57,7.72711880817833,1.72711880817833,0.00343675882944658,4.49846321106832,0.00296955090359014,3.52117207947086,NA,NA,0,22860,3860,570,0,"GSRS","GSRS_h2_0.50","heritability","h2 = 0.50",2,8112,0,"peripheral",NA,NA,13,0.0763985091839929,0.5,3,2,"poolMean",0,0
20,60,7.7072534582681,1.7072534582681,0.00327959835802611,4.29275177363442,0.0026755215678803,3.17252411179496,NA,NA,0,24060,4060,600,0,"GSRS","GSRS_h2_0.50","heritability","h2 = 0.50",2,8112,0,"peripheral",NA,NA,13,0.0763985091839929,0.5,3,2,"poolMean",0,0
1,3,6.11069501158566,0.11069501158566,0.0600882111318218,78.6510257511825,0.0808479331639963,95.8661744426798,4.89124478375997,3.43324391907406,0,1460,360,40,0,"CB","CB_h2_0.50","heritability","h2 = 0.50",2,8112,0,"peripheral",3.40152994109786,2.59847005890214,13,0.0763985091839929,0.5,3,2,"poolMean",0,0
2,6,6.16684967671823,0.166849676718228,0.0506253208503377,66.2648020112737,0.0636693030158505,75.4964569988478,5.48136233467425,3.42268062227682,3,3160,660,90,2,"CB","CB_h2_0.50","heritability","h2 = 0.50",2,8112,0,"peripheral",3.40152994109786,2.59847005890214,13,0.0763985091839929,0.5,3,2,"poolMean",0,0
3,9,6.5571805895222,0.557180589522199,0.0628346906944194,82.2459644377256,0.059686207180224,70.7734647681679,5.85487667924378,3.43991002370603,49,4860,960,140,4,"CB","CB_h2_0.50","heritability","h2 = 0.50",2,8112,0,"peripheral",3.40152994109786,2.59847005890214,13,0.0763985091839929,0.5,3,2,"poolMean",0,0
4,12,6.80269194635275,0.802691946352748,0.0532007403059004,69.6358356650329,0.0505220184798106,59.9069443984091,5.99172448379047,3.43261227469128,112,6560,1260,190,6,"CB","CB_h2_0.50","heritability","h2 = 0.50",2,8112,0,"peripheral",3.40152994109786,2.59847005890214,13,0.0763985091839929,0.5,3,2,"poolMean",0,0
5,15,7.07721246171032,1.07721246171032,0.0301740553723901,39.4956075644368,0.041098350117422,48.7327436518521,6.11556256614798,3.41705835653022,40,8260,1560,240,8,"CB","CB_h2_0.50","heritability","h2 = 0.50",2,8112,0,"peripheral",3.40152994109786,2.59847005890214,13,0.0763985091839929,0.5,3,2,"poolMean",0,0
6,18,7.27939113581155,1.27939113581155,0.0259977540993849,34.0291379728022,0.0375696045075944,44.5485013471123,6.23797515795789,3.43225648098605,66,9960,1860,290,10,"CB","CB_h2_0.50","heritability","h2 = 0.50",2,8112,0,"peripheral",3.40152994109786,2.59847005890214,13,0.0763985091839929,0.5,3,2,"poolMean",0,0
7,21,7.35521320828404,1.35521320828404,0.0235330637901642,30.803040584848,0.0340215747772761,40.3413927205435,6.30932048100887,3.36055742421066,77,11660,2160,340,12,"CB","CB_h2_0.50","heritability","h2 = 0.50",2,8112,0,"peripheral",3.40152994109786,2.59847005890214,13,0.0763985091839929,0.5,3,2,"poolMean",0,0
8,24,7.51419295767126,1.51419295767126,0.0184593022996483,24.1618619221904,0.0296033970056951,35.1024981144192,6.38571936492623,3.32900352824647,30,13360,2460,390,13,"CB","CB_h2_0.50","heritability","h2 = 0.50",2,8112,0,"peripheral",3.40152994109786,2.59847005890214,13,0.0763985091839929,0.5,3,2,"poolMean",0,0
9,27,7.63627021077498,1.63627021077498,0.016387807665905,21.4504286025238,0.0235949340333979,27.9779083210572,6.43762236019747,3.3715549296872,22,15060,2760,440,15,"CB","CB_h2_0.50","heritability","h2 = 0.50",2,8112,0,"peripheral",3.40152994109786,2.59847005890214,13,0.0763985091839929,0.5,3,2,"poolMean",0,0
10,30,7.78536760613957,1.78536760613957,0.0171942782069827,22.5060389144155,0.0242527557917467,28.7579264732854,6.59345503027138,3.39939607311417,49,16760,3060,490,17,"CB","CB_h2_0.50","heritability","h2 = 0.50",2,8112,0,"peripheral",3.40152994109786,2.59847005890214,13,0.0763985091839929,0.5,3,2,"poolMean",0,0
11,33,7.84312136491166,1.84312136491166,0.01781231652075,23.3150053724897,0.0204125627726971,24.2043825612722,6.51693093579557,3.43331358867283,38,18460,3360,540,19,"CB","CB_h2_0.50","heritability","h2 = 0.50",2,8112,0,"peripheral",3.40152994109786,2.59847005890214,13,0.0763985091839929,0.5,3,2,"poolMean",0,0
12,36,7.98166241647691,1.98166241647691,0.017829484065844,23.3374764197357,0.0175934395768589,20.8615815088394,6.67881773916149,3.39204171200855,0,20160,3660,590,21,"CB","CB_h2_0.50","heritability","h2 = 0.50",2,8112,0,"peripheral",3.40152994109786,2.59847005890214,13,0.0763985091839929,0.5,3,2,"poolMean",0,0
13,39,7.99228378544772,1.99228378544772,0.0174399529860244,22.8276090362224,0.01582975878796,18.7702809207733,6.70365733797788,3.35992741153693,57,21860,3960,640,23,"CB","CB_h2_0.50","heritability","h2 = 0.50",2,8112,0,"peripheral",3.40152994109786,2.59847005890214,13,0.0763985091839929,0.5,3,2,"poolMean",0,0
14,42,8.15397093892249,2.15397093892249,0.00939228806404123,12.2938106572492,0.0108243876445898,12.8351164162295,6.78378075418119,3.31258660000686,47,23560,4260,690,25,"CB","CB_h2_0.50","heritability","h2 = 0.50",2,8112,0,"peripheral",3.40152994109786,2.59847005890214,13,0.0763985091839929,0.5,3,2,"poolMean",0,0
15,45,8.21235478065542,2.21235478065542,0.00847827395734026,11.0974337691875,0.00971438926513127,11.5189257096543,6.72485691330658,3.26666072648838,12,25260,4560,740,27,"CB","CB_h2_0.50","heritability","h2 = 0.50",2,8112,0,"peripheral",3.40152994109786,2.59847005890214,13,0.0763985091839929,0.5,3,2,"poolMean",0,0
16,48,8.22008510786526,2.22008510786526,0.0116475125691035,15.2457327944088,0.00871879081853798,10.3383857673113,6.84821377765534,3.3332559942688,71,26960,4860,790,29,"CB","CB_h2_0.50","heritability","h2 = 0.50",2,8112,0,"peripheral",3.40152994109786,2.59847005890214,13,0.0763985091839929,0.5,3,2,"poolMean",0,0
17,51,8.25928016938225,2.25928016938225,0.0091380172272083,11.9609889313428,0.00801728870511258,9.50657323549146,6.81234427831127,3.32765857228674,32,28660,5160,840,31,"CB","CB_h2_0.50","heritability","h2 = 0.50",2,8112,0,"peripheral",3.40152994109786,2.59847005890214,13,0.0763985091839929,0.5,3,2,"poolMean",0,0
18,54,8.2868493434229,2.2868493434229,0.00759690154415921,9.94378244458063,0.00679116245817576,8.05268285045019,6.82682575397697,3.33777691361404,30,30360,5460,890,33,"CB","CB_h2_0.50","heritability","h2 = 0.50",2,8112,0,"peripheral",3.40152994109786,2.59847005890214,13,0.0763985091839929,0.5,3,2,"poolMean",0,0
19,57,8.31182746404111,2.31182746404111,0.00673361385090881,8.81380268126965,0.00559429599233654,6.633487517825,6.78168359334496,3.35173302622439,45,32060,5760,940,35,"CB","CB_h2_0.50","heritability","h2 = 0.50",2,8112,0,"peripheral",3.40152994109786,2.59847005890214,13,0.0763985091839929,0.5,3,2,"poolMean",0,0
20,60,8.35286987279842,2.35286987279842,0.00490590320924666,6.42146458307402,0.00423143886113842,5.01746723917585,6.97320288349936,3.33438668607191,68,33760,6060,990,37,"CB","CB_h2_0.50","heritability","h2 = 0.50",2,8112,0,"peripheral",3.40152994109786,2.59847005890214,13,0.0763985091839929,0.5,3,2,"poolMean",0,0
1,2,6.1045951765306,0.104595176530603,0.0682973356663199,89.3961628254254,0.0821879474062611,97.4551085573473,NA,NA,0,1260,260,30,0,"GSRS","GSRS_cyc2","cycle_length","2 yr",2,8112,0,"peripheral",NA,NA,13,0.0763985091839929,0.3,2,2,"poolMean",0,0
2,4,6.33435591140834,0.334355911408336,0.0595330486876924,77.9243591577385,0.0634725503572039,75.2631557385964,NA,NA,0,2460,460,60,0,"GSRS","GSRS_cyc2","cycle_length","2 yr",2,8112,0,"peripheral",NA,NA,13,0.0763985091839929,0.3,2,2,"poolMean",0,0
3,6,6.31822407520119,0.318224075201188,0.0416243019220914,54.4831337243065,0.0517774746821408,61.3956130456779,NA,NA,0,3660,660,90,0,"GSRS","GSRS_cyc2","cycle_length","2 yr",2,8112,0,"peripheral",NA,NA,13,0.0763985091839929,0.3,2,2,"poolMean",0,0
4,8,6.63580280515574,0.635802805155745,0.0379660402268912,49.6947396387754,0.0464593094148624,55.0895500546335,NA,NA,0,4860,860,120,0,"GSRS","GSRS_cyc2","cycle_length","2 yr",2,8112,0,"peripheral",NA,NA,13,0.0763985091839929,0.3,2,2,"poolMean",0,0
5,10,6.74801416608847,0.748014166088465,0.0233129970629864,30.5149895096002,0.0416228966131413,49.3547294453532,NA,NA,0,6060,1060,150,0,"GSRS","GSRS_cyc2","cycle_length","2 yr",2,8112,0,"peripheral",NA,NA,13,0.0763985091839929,0.3,2,2,"poolMean",0,0
6,12,6.74052237183274,0.740522371832744,0.0201005801883837,26.3101733307057,0.035042074715106,41.5514598333329,NA,NA,0,7260,1260,180,0,"GSRS","GSRS_cyc2","cycle_length","2 yr",2,8112,0,"peripheral",NA,NA,13,0.0763985091839929,0.3,2,2,"poolMean",0,0
7,14,6.91076886932146,0.910768869321464,0.022632540039123,29.6243215749359,0.0312361235882744,37.0385185574557,NA,NA,0,8460,1460,210,0,"GSRS","GSRS_cyc2","cycle_length","2 yr",2,8112,0,"peripheral",NA,NA,13,0.0763985091839929,0.3,2,2,"poolMean",0,0
8,16,7.11715530430539,1.11715530430539,0.0261060360670548,34.1708710626575,0.0290093429828901,34.398093136458,NA,NA,0,9660,1660,240,0,"GSRS","GSRS_cyc2","cycle_length","2 yr",2,8112,0,"peripheral",NA,NA,13,0.0763985091839929,0.3,2,2,"poolMean",0,0
9,18,7.306070849257,1.306070849257,0.0232500481906929,30.4325940898913,0.0219371918023527,26.012225344598,NA,NA,0,10860,1860,270,0,"GSRS","GSRS_cyc2","cycle_length","2 yr",2,8112,0,"peripheral",NA,NA,13,0.0763985091839929,0.3,2,2,"poolMean",0,0
10,20,7.39363009248118,1.39363009248118,0.0113213575914668,14.8188200429425,0.0179154428098203,21.2433997804279,NA,NA,0,12060,2060,300,0,"GSRS","GSRS_cyc2","cycle_length","2 yr",2,8112,0,"peripheral",NA,NA,13,0.0763985091839929,0.3,2,2,"poolMean",0,0
11,22,7.41288590872984,1.41288590872984,0.00870422138542827,11.3931822471373,0.0134432894874164,15.9405031724177,NA,NA,0,13260,2260,330,0,"GSRS","GSRS_cyc2","cycle_length","2 yr",2,8112,0,"peripheral",NA,NA,13,0.0763985091839929,0.3,2,2,"poolMean",0,0
12,24,7.35330504884702,1.35330504884702,0.00744839142137583,9.74939367394937,0.0109271063138592,12.9569160155678,NA,NA,0,14460,2460,360,0,"GSRS","GSRS_cyc2","cycle_length","2 yr",2,8112,0,"peripheral",NA,NA,13,0.0763985091839929,0.3,2,2,"poolMean",0,0
13,26,7.3951560660802,1.3951560660802,0.00643850098511567,8.42752175910871,0.00921486991933233,10.9266160875305,NA,NA,0,15660,2660,390,0,"GSRS","GSRS_cyc2","cycle_length","2 yr",2,8112,0,"peripheral",NA,NA,13,0.0763985091839929,0.3,2,2,"poolMean",0,0
14,28,7.45038360831158,1.45038360831158,0.0047489056698035,6.21596641155204,0.00743426519172178,8.81524778471547,NA,NA,0,16860,2860,420,0,"GSRS","GSRS_cyc2","cycle_length","2 yr",2,8112,0,"peripheral",NA,NA,13,0.0763985091839929,0.3,2,2,"poolMean",0,0
15,30,7.43249012533788,1.43249012533788,0.00516546489938814,6.76121164478221,0.00704272587575901,8.35097646822906,NA,NA,0,18060,3060,450,0,"GSRS","GSRS_cyc2","cycle_length","2 yr",2,8112,0,"peripheral",NA,NA,13,0.0763985091839929,0.3,2,2,"poolMean",0,0
16,32,7.47452663347052,1.47452663347052,0.00507911257444369,6.6481828358869,0.00614051775690628,7.28117495914045,NA,NA,0,19260,3260,480,0,"GSRS","GSRS_cyc2","cycle_length","2 yr",2,8112,0,"peripheral",NA,NA,13,0.0763985091839929,0.3,2,2,"poolMean",0,0
17,34,7.52238076206853,1.52238076206853,0.0033526915598965,4.38842537073872,0.00500949883966643,5.94005895809008,NA,NA,0,20460,3460,510,0,"GSRS","GSRS_cyc2","cycle_length","2 yr",2,8112,0,"peripheral",NA,NA,13,0.0763985091839929,0.3,2,2,"poolMean",0,0
18,36,7.56952444841782,1.56952444841782,0.00180816964055374,2.36676037250814,0.00235789135957975,2.79589119409947,NA,NA,0,21660,3660,540,0,"GSRS","GSRS_cyc2","cycle_length","2 yr",2,8112,0,"peripheral",NA,NA,13,0.0763985091839929,0.3,2,2,"poolMean",0,0
19,38,7.60087821525658,1.60087821525658,0.00106533071442218,1.39443913997918,0.00138684188729458,1.6444604220384,NA,NA,0,22860,3860,570,0,"GSRS","GSRS_cyc2","cycle_length","2 yr",2,8112,0,"peripheral",NA,NA,13,0.0763985091839929,0.3,2,2,"poolMean",0,0
20,40,7.62191209900696,1.62191209900696,0.000237081480354701,0.310322129171042,0.000504889259376112,0.598677046145446,NA,NA,0,24060,4060,600,0,"GSRS","GSRS_cyc2","cycle_length","2 yr",2,8112,0,"peripheral",NA,NA,13,0.0763985091839929,0.3,2,2,"poolMean",0,0
21,42,7.63157792171311,1.63157792171311,2.11419543026375e-07,0.000276732550522952,2.11205955016583e-07,0.000250439388300519,NA,NA,0,25260,4260,630,0,"GSRS","GSRS_cyc2","cycle_length","2 yr",2,8112,0,"peripheral",NA,NA,13,0.0763985091839929,0.3,2,2,"poolMean",0,0
22,44,7.63123107669766,1.63123107669766,0,0,0,0,NA,NA,0,26460,4460,660,0,"GSRS","GSRS_cyc2","cycle_length","2 yr",2,8112,0,"peripheral",NA,NA,13,0.0763985091839929,0.3,2,2,"poolMean",0,0
23,46,7.63123107669766,1.63123107669766,0,0,0,0,NA,NA,0,27660,4660,690,0,"GSRS","GSRS_cyc2","cycle_length","2 yr",2,8112,0,"peripheral",NA,NA,13,0.0763985091839929,0.3,2,2,"poolMean",0,0
24,48,7.63123107669766,1.63123107669766,0,0,0,0,NA,NA,0,28860,4860,720,0,"GSRS","GSRS_cyc2","cycle_length","2 yr",2,8112,0,"peripheral",NA,NA,13,0.0763985091839929,0.3,2,2,"poolMean",0,0
25,50,7.63123107669766,1.63123107669766,0,0,0,0,NA,NA,0,30060,5060,750,0,"GSRS","GSRS_cyc2","cycle_length","2 yr",2,8112,0,"peripheral",NA,NA,13,0.0763985091839929,0.3,2,2,"poolMean",0,0
26,52,7.63123107669766,1.63123107669766,0,0,0,0,NA,NA,0,31260,5260,780,0,"GSRS","GSRS_cyc2","cycle_length","2 yr",2,8112,0,"peripheral",NA,NA,13,0.0763985091839929,0.3,2,2,"poolMean",0,0
27,54,7.63123107669766,1.63123107669766,0,0,0,0,NA,NA,0,32460,5460,810,0,"GSRS","GSRS_cyc2","cycle_length","2 yr",2,8112,0,"peripheral",NA,NA,13,0.0763985091839929,0.3,2,2,"poolMean",0,0
28,56,7.63123107669766,1.63123107669766,0,0,0,0,NA,NA,0,33660,5660,840,0,"GSRS","GSRS_cyc2","cycle_length","2 yr",2,8112,0,"peripheral",NA,NA,13,0.0763985091839929,0.3,2,2,"poolMean",0,0
29,58,7.63123107669766,1.63123107669766,0,0,0,0,NA,NA,0,34860,5860,870,0,"GSRS","GSRS_cyc2","cycle_length","2 yr",2,8112,0,"peripheral",NA,NA,13,0.0763985091839929,0.3,2,2,"poolMean",0,0
30,60,7.63123107669766,1.63123107669766,0,0,0,0,NA,NA,0,36060,6060,900,0,"GSRS","GSRS_cyc2","cycle_length","2 yr",2,8112,0,"peripheral",NA,NA,13,0.0763985091839929,0.3,2,2,"poolMean",0,0
1,2,6.1045951765306,0.104595176530603,0.0682973356663199,89.3961628254254,0.0821879474062611,97.4551085573473,4.96207699628451,3.38467768377765,0,1460,360,40,0,"CB","CB_cyc2","cycle_length","2 yr",2,8112,0,"peripheral",3.43877010336418,2.56122989663582,13,0.0763985091839929,0.3,2,2,"poolMean",0,0
2,4,6.33042350295907,0.330423502959075,0.0589085329984197,77.1069142940322,0.0696562034129989,82.5954787719803,5.4956459479526,3.38104353449,1,3160,660,90,1,"CB","CB_cyc2","cycle_length","2 yr",2,8112,0,"peripheral",3.43877010336418,2.56122989663582,13,0.0763985091839929,0.3,2,2,"poolMean",0,0
3,6,6.58827557670408,0.588275576704085,0.0714678690711173,93.546156638998,0.0615921781576024,73.0334872455441,5.73553963295481,3.45941067211448,19,4860,960,140,3,"CB","CB_cyc2","cycle_length","2 yr",2,8112,0,"peripheral",3.43877010336418,2.56122989663582,13,0.0763985091839929,0.3,2,2,"poolMean",0,0
4,8,6.87814496282691,0.878144962826907,0.0477830235642965,62.5444450090238,0.0530781108419416,62.9378542397601,5.91060817113896,3.41967115900204,86,6560,1260,190,5,"CB","CB_cyc2","cycle_length","2 yr",2,8112,0,"peripheral",3.43877010336418,2.56122989663582,13,0.0763985091839929,0.3,2,2,"poolMean",0,0
5,10,7.00084900063367,1.00084900063367,0.0332845709408659,43.5670424676817,0.0424821029333312,50.3735411793092,6.04695974015292,3.45421284228352,36,8260,1560,240,7,"CB","CB_cyc2","cycle_length","2 yr",2,8112,0,"peripheral",3.43877010336418,2.56122989663582,13,0.0763985091839929,0.3,2,2,"poolMean",0,0
6,12,7.06237334817857,1.06237334817857,0.033106279316123,43.33367191288,0.0403974821956689,47.9016831185943,6.11066898047816,3.47248593569913,30,9960,1860,290,9,"CB","CB_cyc2","cycle_length","2 yr",2,8112,0,"peripheral",3.43877010336418,2.56122989663582,13,0.0763985091839929,0.3,2,2,"poolMean",0,0
7,14,7.36329079581569,1.36329079581569,0.0271317226649286,35.5134189851616,0.0315069184372371,37.3596160204692,6.39927598657763,3.47148395313256,103,11660,2160,340,11,"CB","CB_cyc2","cycle_length","2 yr",2,8112,0,"peripheral",3.43877010336418,2.56122989663582,13,0.0763985091839929,0.3,2,2,"poolMean",0,0
8,16,7.5921572201043,1.5921572201043,0.0237106935644758,31.035544826369,0.025948255433932,30.7683806445199,6.37285652267271,3.54787948181266,24,13360,2460,390,13,"CB","CB_cyc2","cycle_length","2 yr",2,8112,0,"peripheral",3.43877010336418,2.56122989663582,13,0.0763985091839929,0.3,2,2,"poolMean",0,0
9,18,7.62123524186901,1.62123524186901,0.0192948430607546,25.2555230027934,0.0204884272551444,24.2943395635563,6.52661251628298,3.6069125541795,62,15060,2760,440,15,"CB","CB_cyc2","cycle_length","2 yr",2,8112,0,"peripheral",3.43877010336418,2.56122989663582,13,0.0763985091839929,0.3,2,2,"poolMean",0,0
10,20,7.73944998364175,1.73944998364175,0.0160031396949315,20.9469266689362,0.017883012172064,21.2049448557964,6.551302937554,3.66477621505558,50,16760,3060,490,17,"CB","CB_cyc2","cycle_length","2 yr",2,8112,0,"peripheral",3.43877010336418,2.56122989663582,13,0.0763985091839929,0.3,2,2,"poolMean",0,0
11,22,7.7095948548046,1.7095948548046,0.0181472053059213,23.7533500322851,0.0160646086792923,19.0487563222982,6.52897227432698,3.67485530603903,10,18460,3360,540,19,"CB","CB_cyc2","cycle_length","2 yr",2,8112,0,"peripheral",3.43877010336418,2.56122989663582,13,0.0763985091839929,0.3,2,2,"poolMean",0,0
12,24,7.71731846939022,1.71731846939022,0.0125188021572464,16.3861864465143,0.0136822941065599,16.2239050803545,6.50815263800021,3.61300017650308,1,20160,3660,590,20,"CB","CB_cyc2","cycle_length","2 yr",2,8112,0,"peripheral",3.43877010336418,2.56122989663582,13,0.0763985091839929,0.3,2,2,"poolMean",0,0
13,26,7.77790691724022,1.77790691724022,0.011970870855076,15.6689848832601,0.0133688114636539,15.8521901761699,6.54003688571411,3.60041824127202,23,21860,3960,640,22,"CB","CB_cyc2","cycle_length","2 yr",2,8112,0,"peripheral",3.43877010336418,2.56122989663582,13,0.0763985091839929,0.3,2,2,"poolMean",0,0
14,28,7.87741629472578,1.87741629472578,0.0131955146904021,17.271953119691,0.0117263989717756,13.9046845778034,6.60658052060107,3.6138567256798,53,23560,4260,690,24,"CB","CB_cyc2","cycle_length","2 yr",2,8112,0,"peripheral",3.43877010336418,2.56122989663582,13,0.0763985091839929,0.3,2,2,"poolMean",0,0
15,30,7.92157904029726,1.92157904029726,0.011921420266775,15.6042577193022,0.00982178486034894,11.6462710166101,6.67259288063992,3.61008356834242,1,25260,4560,740,25,"CB","CB_cyc2","cycle_length","2 yr",2,8112,0,"peripheral",3.43877010336418,2.56122989663582,13,0.0763985091839929,0.3,2,2,"poolMean",0,0
16,32,7.91498469368601,1.91498469368601,0.00921708623308124,12.0644844140655,0.00893026934432085,10.589148358885,6.7237133274616,3.56137060237394,49,26960,4860,790,27,"CB","CB_cyc2","cycle_length","2 yr",2,8112,0,"peripheral",3.43877010336418,2.56122989663582,13,0.0763985091839929,0.3,2,2,"poolMean",0,0
17,34,7.90503185783258,1.90503185783258,0.0110718154516695,14.4921878318396,0.00858955079120189,10.1851382256525,6.63001082514413,3.60448484681178,23,28660,5160,840,29,"CB","CB_cyc2","cycle_length","2 yr",2,8112,0,"peripheral",3.43877010336418,2.56122989663582,13,0.0763985091839929,0.3,2,2,"poolMean",0,0
18,36,7.91374040770388,1.91374040770388,0.0121115122185786,15.8530740297695,0.0112845925136022,13.3808085387804,6.6638404003593,3.61229946296596,13,30360,5460,890,31,"CB","CB_cyc2","cycle_length","2 yr",2,8112,0,"peripheral",3.43877010336418,2.56122989663582,13,0.0763985091839929,0.3,2,2,"poolMean",0,0
19,38,7.90406701757882,1.90406701757882,0.0109482363966703,14.3304319856599,0.0101372114812164,12.0202910104003,6.5917001442425,3.62104063316006,19,32060,5760,940,33,"CB","CB_cyc2","cycle_length","2 yr",2,8112,0,"peripheral",3.43877010336418,2.56122989663582,13,0.0763985091839929,0.3,2,2,"poolMean",0,0
20,40,7.93787817207543,1.93787817207543,0.0129817560061808,16.9921588062883,0.00893199796782118,10.5911980899733,6.72756638626538,3.63500802908278,79,33760,6060,990,35,"CB","CB_cyc2","cycle_length","2 yr",2,8112,0,"peripheral",3.43877010336418,2.56122989663582,13,0.0763985091839929,0.3,2,2,"poolMean",0,0
21,42,7.96309651648808,1.96309651648808,0.00640915529798856,8.38911042433196,0.00677177070092863,8.02968889735515,6.63063896954203,3.6427120248913,50,35460,6360,1040,37,"CB","CB_cyc2","cycle_length","2 yr",2,8112,0,"peripheral",3.43877010336418,2.56122989663582,13,0.0763985091839929,0.3,2,2,"poolMean",0,0
22,44,7.88776888065937,1.88776888065937,0.0071251912094997,9.32634849240301,0.00738541737234605,8.75732603718088,6.65591446580981,3.65859850742119,28,37160,6660,1090,39,"CB","CB_cyc2","cycle_length","2 yr",2,8112,0,"peripheral",3.43877010336418,2.56122989663582,13,0.0763985091839929,0.3,2,2,"poolMean",0,0
23,46,7.90555180096595,1.90555180096595,0.00335426900759042,4.39049013314151,0.00463259005239905,5.49313592449985,6.62692150722837,3.64004232944198,3,38860,6960,1140,40,"CB","CB_cyc2","cycle_length","2 yr",2,8112,0,"peripheral",3.43877010336418,2.56122989663582,13,0.0763985091839929,0.3,2,2,"poolMean",0,0
24,48,7.90782591751928,1.90782591751928,0.0051836486827273,6.78501287275561,0.00552373353464966,6.54981743977869,6.6343503143063,3.62441034813325,19,40560,7260,1190,42,"CB","CB_cyc2","cycle_length","2 yr",2,8112,0,"peripheral",3.43877010336418,2.56122989663582,13,0.0763985091839929,0.3,2,2,"poolMean",0,0
25,50,7.89338218891523,1.89338218891523,0.00425041912746521,5.56348438322113,0.00598857219832112,7.10100412662742,6.65703390533941,3.63337898364326,23,42260,7560,1240,44,"CB","CB_cyc2","cycle_length","2 yr",2,8112,0,"peripheral",3.43877010336418,2.56122989663582,13,0.0763985091839929,0.3,2,2,"poolMean",0,0
26,52,7.97431574974636,1.97431574974636,0.00380956648045926,4.98644086271967,0.00584040882466536,6.92531805440479,6.69097788722084,3.61864581091089,36,43960,7860,1290,46,"CB","CB_cyc2","cycle_length","2 yr",2,8112,0,"peripheral",3.43877010336418,2.56122989663582,13,0.0763985091839929,0.3,2,2,"poolMean",0,0
27,54,8.02637561011628,2.02637561011628,0.00395599478727798,5.1781046901722,0.00564923413115799,6.69863091721321,6.60106056124389,3.6407271699971,0,45660,8160,1340,48,"CB","CB_cyc2","cycle_length","2 yr",2,8112,0,"peripheral",3.43877010336418,2.56122989663582,13,0.0763985091839929,0.3,2,2,"poolMean",0,0
28,56,8.01038390590483,2.01038390590483,0.00508229984540053,6.6523547379186,0.00655791759814052,7.77611062943075,6.77541414576813,3.67624826879866,45,47360,8460,1390,50,"CB","CB_cyc2","cycle_length","2 yr",2,8112,0,"peripheral",3.43877010336418,2.56122989663582,13,0.0763985091839929,0.3,2,2,"poolMean",0,0
29,58,8.0953741530273,2.0953741530273,0.00394939066868299,5.1694603872067,0.0054654185440937,6.48066990763435,6.66296463160165,3.75315809332128,23,49060,8760,1440,52,"CB","CB_cyc2","cycle_length","2 yr",2,8112,0,"peripheral",3.43877010336418,2.56122989663582,13,0.0763985091839929,0.3,2,2,"poolMean",0,0
30,60,8.0731328095898,2.0731328095898,0.0133659423447867,17.4950303187161,0.00722028266802519,8.56151605476795,6.87714156294413,3.7667266252189,25,50760,9060,1490,54,"CB","CB_cyc2","cycle_length","2 yr",2,8112,0,"peripheral",3.43877010336418,2.56122989663582,13,0.0763985091839929,0.3,2,2,"poolMean",0,0
1,4,6.1045951765306,0.104595176530603,0.0682973356663199,89.3961628254254,0.0821879474062611,97.4551085573473,NA,NA,0,1260,260,30,0,"GSRS","GSRS_cyc4","cycle_length","4 yr",2,8112,0,"peripheral",NA,NA,13,0.0763985091839929,0.3,4,2,"poolMean",0,0
2,8,6.33435591140834,0.334355911408336,0.0595330486876924,77.9243591577385,0.0634725503572039,75.2631557385964,NA,NA,0,2460,460,60,0,"GSRS","GSRS_cyc4","cycle_length","4 yr",2,8112,0,"peripheral",NA,NA,13,0.0763985091839929,0.3,4,2,"poolMean",0,0
3,12,6.31822407520119,0.318224075201188,0.0416243019220914,54.4831337243065,0.0517774746821408,61.3956130456779,NA,NA,0,3660,660,90,0,"GSRS","GSRS_cyc4","cycle_length","4 yr",2,8112,0,"peripheral",NA,NA,13,0.0763985091839929,0.3,4,2,"poolMean",0,0
4,16,6.63580280515574,0.635802805155745,0.0379660402268912,49.6947396387754,0.0464593094148624,55.0895500546335,NA,NA,0,4860,860,120,0,"GSRS","GSRS_cyc4","cycle_length","4 yr",2,8112,0,"peripheral",NA,NA,13,0.0763985091839929,0.3,4,2,"poolMean",0,0
5,20,6.74801416608847,0.748014166088465,0.0233129970629864,30.5149895096002,0.0416228966131413,49.3547294453532,NA,NA,0,6060,1060,150,0,"GSRS","GSRS_cyc4","cycle_length","4 yr",2,8112,0,"peripheral",NA,NA,13,0.0763985091839929,0.3,4,2,"poolMean",0,0
6,24,6.74052237183274,0.740522371832744,0.0201005801883837,26.3101733307057,0.035042074715106,41.5514598333329,NA,NA,0,7260,1260,180,0,"GSRS","GSRS_cyc4","cycle_length","4 yr",2,8112,0,"peripheral",NA,NA,13,0.0763985091839929,0.3,4,2,"poolMean",0,0
7,28,6.91076886932146,0.910768869321464,0.022632540039123,29.6243215749359,0.0312361235882744,37.0385185574557,NA,NA,0,8460,1460,210,0,"GSRS","GSRS_cyc4","cycle_length","4 yr",2,8112,0,"peripheral",NA,NA,13,0.0763985091839929,0.3,4,2,"poolMean",0,0
8,32,7.11715530430539,1.11715530430539,0.0261060360670548,34.1708710626575,0.0290093429828901,34.398093136458,NA,NA,0,9660,1660,240,0,"GSRS","GSRS_cyc4","cycle_length","4 yr",2,8112,0,"peripheral",NA,NA,13,0.0763985091839929,0.3,4,2,"poolMean",0,0
9,36,7.306070849257,1.306070849257,0.0232500481906929,30.4325940898913,0.0219371918023527,26.012225344598,NA,NA,0,10860,1860,270,0,"GSRS","GSRS_cyc4","cycle_length","4 yr",2,8112,0,"peripheral",NA,NA,13,0.0763985091839929,0.3,4,2,"poolMean",0,0
10,40,7.39363009248118,1.39363009248118,0.0113213575914668,14.8188200429425,0.0179154428098203,21.2433997804279,NA,NA,0,12060,2060,300,0,"GSRS","GSRS_cyc4","cycle_length","4 yr",2,8112,0,"peripheral",NA,NA,13,0.0763985091839929,0.3,4,2,"poolMean",0,0
11,44,7.41288590872984,1.41288590872984,0.00870422138542827,11.3931822471373,0.0134432894874164,15.9405031724177,NA,NA,0,13260,2260,330,0,"GSRS","GSRS_cyc4","cycle_length","4 yr",2,8112,0,"peripheral",NA,NA,13,0.0763985091839929,0.3,4,2,"poolMean",0,0
12,48,7.35330504884702,1.35330504884702,0.00744839142137583,9.74939367394937,0.0109271063138592,12.9569160155678,NA,NA,0,14460,2460,360,0,"GSRS","GSRS_cyc4","cycle_length","4 yr",2,8112,0,"peripheral",NA,NA,13,0.0763985091839929,0.3,4,2,"poolMean",0,0
13,52,7.3951560660802,1.3951560660802,0.00643850098511567,8.42752175910871,0.00921486991933233,10.9266160875305,NA,NA,0,15660,2660,390,0,"GSRS","GSRS_cyc4","cycle_length","4 yr",2,8112,0,"peripheral",NA,NA,13,0.0763985091839929,0.3,4,2,"poolMean",0,0
14,56,7.45038360831158,1.45038360831158,0.0047489056698035,6.21596641155204,0.00743426519172178,8.81524778471547,NA,NA,0,16860,2860,420,0,"GSRS","GSRS_cyc4","cycle_length","4 yr",2,8112,0,"peripheral",NA,NA,13,0.0763985091839929,0.3,4,2,"poolMean",0,0
15,60,7.43249012533788,1.43249012533788,0.00516546489938814,6.76121164478221,0.00704272587575901,8.35097646822906,NA,NA,0,18060,3060,450,0,"GSRS","GSRS_cyc4","cycle_length","4 yr",2,8112,0,"peripheral",NA,NA,13,0.0763985091839929,0.3,4,2,"poolMean",0,0
1,4,6.1045951765306,0.104595176530603,0.0682973356663199,89.3961628254254,0.0821879474062611,97.4551085573473,4.8882169227321,3.41791364667157,0,1460,360,40,0,"CB","CB_cyc4","cycle_length","4 yr",2,8112,0,"peripheral",3.40975751179494,2.59024248820506,13,0.0763985091839929,0.3,4,2,"poolMean",0,0
2,8,6.27410864224505,0.274108642245046,0.0665002370554019,87.0438936121741,0.0716116153897889,84.9141263655312,5.48844364446267,3.40837144768008,0,3160,660,90,0,"CB","CB_cyc4","cycle_length","4 yr",2,8112,0,"peripheral",3.40975751179494,2.59024248820506,13,0.0763985091839929,0.3,4,2,"poolMean",0,0
3,12,6.49975439361409,0.499754393614092,0.0535227630449405,70.0573396216933,0.0571506391875046,67.7668918851203,5.60564653445131,3.40976042556322,11,4860,960,140,2,"CB","CB_cyc4","cycle_length","4 yr",2,8112,0,"peripheral",3.40975751179494,2.59024248820506,13,0.0763985091839929,0.3,4,2,"poolMean",0,0
4,16,6.59626266758612,0.596262667586116,0.05257184909326,68.8126635647426,0.0536662319437712,63.6352242025402,5.72215748858768,3.33424195030112,101,6560,1260,190,4,"CB","CB_cyc4","cycle_length","4 yr",2,8112,0,"peripheral",3.40975751179494,2.59024248820506,13,0.0763985091839929,0.3,4,2,"poolMean",0,0
5,20,6.69100496853504,0.69100496853504,0.0442184202585361,57.8786428306389,0.0450734702935166,53.4462786714685,5.89058479996666,3.29926762412686,52,8260,1560,240,6,"CB","CB_cyc4","cycle_length","4 yr",2,8112,0,"peripheral",3.40975751179494,2.59024248820506,13,0.0763985091839929,0.3,4,2,"poolMean",0,0
6,24,6.95939104187495,0.959391041874951,0.0356122182904829,46.6137607537823,0.0382685682975716,45.3773040387426,6.05667712634199,3.29659413387859,90,9960,1860,290,8,"CB","CB_cyc4","cycle_length","4 yr",2,8112,0,"peripheral",3.40975751179494,2.59024248820506,13,0.0763985091839929,0.3,4,2,"poolMean",0,0
7,28,7.26045119754439,1.26045119754439,0.0239045097798816,31.2892359225383,0.0305235240420801,36.1935471434721,6.08620853780209,3.29995932240523,91,11660,2160,340,10,"CB","CB_cyc4","cycle_length","4 yr",2,8112,0,"peripheral",3.40975751179494,2.59024248820506,13,0.0763985091839929,0.3,4,2,"poolMean",0,0
8,32,7.30744295176035,1.30744295176035,0.0226392794914203,29.6331430197118,0.0270673566195891,32.0953650866032,6.1560937067119,3.32678012609179,23,13360,2460,390,11,"CB","CB_cyc4","cycle_length","4 yr",2,8112,0,"peripheral",3.40975751179494,2.59024248820506,13,0.0763985091839929,0.3,4,2,"poolMean",0,0
9,36,7.34621234967986,1.34621234967986,0.0273354966837283,35.7801441097435,0.0243571868272273,28.881756526483,6.33375044415338,3.30527003795467,17,15060,2760,440,13,"CB","CB_cyc4","cycle_length","4 yr",2,8112,0,"peripheral",3.40975751179494,2.59024248820506,13,0.0763985091839929,0.3,4,2,"poolMean",0,0
10,40,7.41733991788436,1.41733991788436,0.0208996995507164,27.3561614931294,0.0215915160338516,25.6023371479942,6.28564404049903,3.36559939667206,22,16760,3060,490,15,"CB","CB_cyc4","cycle_length","4 yr",2,8112,0,"peripheral",3.40975751179494,2.59024248820506,13,0.0763985091839929,0.3,4,2,"poolMean",0,0
11,44,7.54340297008808,1.54340297008808,0.0209670694677381,27.4443437335176,0.016594465831286,19.6770392749335,6.27085147120207,3.33531676608925,3,18460,3360,540,17,"CB","CB_cyc4","cycle_length","4 yr",2,8112,0,"peripheral",3.40975751179494,2.59024248820506,13,0.0763985091839929,0.3,4,2,"poolMean",0,0
12,48,7.63327025572992,1.63327025572992,0.0107626440419985,14.0875053151606,0.0120047869110414,14.2347856169266,6.31202897853469,3.29345341842264,0,20160,3660,590,19,"CB","CB_cyc4","cycle_length","4 yr",2,8112,0,"peripheral",3.40975751179494,2.59024248820506,13,0.0763985091839929,0.3,4,2,"poolMean",0,0
13,52,7.61683195447968,1.61683195447968,0.0124504049385289,16.2966595441597,0.0114532566456532,13.5808035723285,6.3652121604091,3.29868845426043,35,21860,3960,640,21,"CB","CB_cyc4","cycle_length","4 yr",2,8112,0,"peripheral",3.40975751179494,2.59024248820506,13,0.0763985091839929,0.3,4,2,"poolMean",0,0
14,56,7.66046217891458,1.66046217891458,0.0150880612596712,19.7491566534815,0.00913533465313558,10.8323064199216,6.2455767067587,3.34024306957161,36,23560,4260,690,23,"CB","CB_cyc4","cycle_length","4 yr",2,8112,0,"peripheral",3.40975751179494,2.59024248820506,13,0.0763985091839929,0.3,4,2,"poolMean",0,0
15,60,7.58701420152152,1.58701420152152,0.0215467034613864,28.2030417759786,0.00868675596110186,10.3004001428058,6.43827598084327,3.37367466315457,43,25260,4560,740,25,"CB","CB_cyc4","cycle_length","4 yr",2,8112,0,"peripheral",3.40975751179494,2.59024248820506,13,0.0763985091839929,0.3,4,2,"poolMean",0,0
1,3,6.48907696581323,0.489076965813233,0.291281613301364,76.3889944464499,0.410005779547235,96.3634308514271,NA,NA,0,1260,260,30,0,"GSRS","GSRS_gxe0.5","gxe","varGxE/varA = 0.5",2,8112,0,"peripheral",NA,NA,6,0.381313585042094,0.3,3,2,"poolMean",0,0.5
2,6,6.89885663113306,0.898856631133063,0.335534924331092,87.9944847215582,0.336125572301698,78.9994067392396,NA,NA,0,2460,460,60,0,"GSRS","GSRS_gxe0.5","gxe","varGxE/varA = 0.5",2,8112,0,"peripheral",NA,NA,6,0.381313585042094,0.3,3,2,"poolMean",0,0.5
3,9,7.67957506456744,1.67957506456744,0.234090302832761,61.3904964353471,0.296295894464525,69.6382596589827,NA,NA,0,3660,660,90,0,"GSRS","GSRS_gxe0.5","gxe","varGxE/varA = 0.5",2,8112,0,"peripheral",NA,NA,6,0.381313585042094,0.3,3,2,"poolMean",0,0.5
4,12,8.20925401876381,2.20925401876381,0.163884631293748,42.9789647477827,0.231602667272573,54.433446370859,NA,NA,0,4860,860,120,0,"GSRS","GSRS_gxe0.5","gxe","varGxE/varA = 0.5",2,8112,0,"peripheral",NA,NA,6,0.381313585042094,0.3,3,2,"poolMean",0,0.5
5,15,8.4934982470482,2.4934982470482,0.126680059816755,33.2220158908764,0.196721182367866,46.235270329727,NA,NA,0,6060,1060,150,0,"GSRS","GSRS_gxe0.5","gxe","varGxE/varA = 0.5",2,8112,0,"peripheral",NA,NA,6,0.381313585042094,0.3,3,2,"poolMean",0,0.5
6,18,8.86447000473575,2.86447000473575,0.112279034078019,29.4453275420608,0.178639812455283,41.9856159926726,NA,NA,0,7260,1260,180,0,"GSRS","GSRS_gxe0.5","gxe","varGxE/varA = 0.5",2,8112,0,"peripheral",NA,NA,6,0.381313585042094,0.3,3,2,"poolMean",0,0.5
7,21,9.23100061608481,3.23100061608481,0.0777602565403272,20.3927317542969,0.102251995522456,24.0322297671745,NA,NA,0,8460,1460,210,0,"GSRS","GSRS_gxe0.5","gxe","varGxE/varA = 0.5",2,8112,0,"peripheral",NA,NA,6,0.381313585042094,0.3,3,2,"poolMean",0,0.5
8,24,9.43800346779534,3.43800346779534,0.0851193493490586,22.3226637308666,0.0924146451896612,21.7201627772838,NA,NA,0,9660,1660,240,0,"GSRS","GSRS_gxe0.5","gxe","varGxE/varA = 0.5",2,8112,0,"peripheral",NA,NA,6,0.381313585042094,0.3,3,2,"poolMean",0,0.5
9,27,9.52068552526717,3.52068552526717,0.0867889304294317,22.7605136123988,0.111043962492924,26.0986008855091,NA,NA,0,10860,1860,270,0,"GSRS","GSRS_gxe0.5","gxe","varGxE/varA = 0.5",2,8112,0,"peripheral",NA,NA,6,0.381313585042094,0.3,3,2,"poolMean",0,0.5
10,30,9.79157495726198,3.79157495726198,0.0512607739298669,13.4432068357093,0.122183518286333,28.7167245022034,NA,NA,0,12060,2060,300,0,"GSRS","GSRS_gxe0.5","gxe","varGxE/varA = 0.5",2,8112,0,"peripheral",NA,NA,6,0.381313585042094,0.3,3,2,"poolMean",0,0.5
11,33,9.81446790004364,3.81446790004364,0.0741366867500536,19.4424457082664,0.107471100877688,25.2588732026903,NA,NA,0,13260,2260,330,0,"GSRS","GSRS_gxe0.5","gxe","varGxE/varA = 0.5",2,8112,0,"peripheral",NA,NA,6,0.381313585042094,0.3,3,2,"poolMean",0,0.5
12,36,9.91805739623083,3.91805739623083,0.0474252782467895,12.437342939553,0.0953610345231759,22.4126510273642,NA,NA,0,14460,2460,360,0,"GSRS","GSRS_gxe0.5","gxe","varGxE/varA = 0.5",2,8112,0,"peripheral",NA,NA,6,0.381313585042094,0.3,3,2,"poolMean",0,0.5
13,39,9.96540075774162,3.96540075774162,0.0400888654987475,10.5133588393715,0.0805554873185186,18.9329114835728,NA,NA,0,15660,2660,390,0,"GSRS","GSRS_gxe0.5","gxe","varGxE/varA = 0.5",2,8112,0,"peripheral",NA,NA,6,0.381313585042094,0.3,3,2,"poolMean",0,0.5
14,42,10.1391908687899,4.13919086878985,0.0341438601145126,8.95427318980606,0.061611631306177,14.4805475170928,NA,NA,0,16860,2860,420,0,"GSRS","GSRS_gxe0.5","gxe","varGxE/varA = 0.5",2,8112,0,"peripheral",NA,NA,6,0.381313585042094,0.3,3,2,"poolMean",0,0.5
15,45,10.2651823417005,4.2651823417005,0.0361484464067705,9.47997863825911,0.0595594561981133,13.9982259402133,NA,NA,0,18060,3060,450,0,"GSRS","GSRS_gxe0.5","gxe","varGxE/varA = 0.5",2,8112,0,"peripheral",NA,NA,6,0.381313585042094,0.3,3,2,"poolMean",0,0.5
16,48,10.2729355658696,4.27293556586963,0.0349646201657254,9.16951861598783,0.0466957841703358,10.9748842416816,NA,NA,0,19260,3260,480,0,"GSRS","GSRS_gxe0.5","gxe","varGxE/varA = 0.5",2,8112,0,"peripheral",NA,NA,6,0.381313585042094,0.3,3,2,"poolMean",0,0.5
17,51,10.4665645756886,4.46656457568861,0.0267410243876491,7.01286957418447,0.0396761014962711,9.32505211807546,NA,NA,0,20460,3460,510,0,"GSRS","GSRS_gxe0.5","gxe","varGxE/varA = 0.5",2,8112,0,"peripheral",NA,NA,6,0.381313585042094,0.3,3,2,"poolMean",0,0.5
18,54,10.4760083793265,4.47600837932649,0.039306460362093,10.3081720410653,0.0309128223241276,7.26542347706184,NA,NA,0,21660,3660,540,0,"GSRS","GSRS_gxe0.5","gxe","varGxE/varA = 0.5",2,8112,0,"peripheral",NA,NA,6,0.381313585042094,0.3,3,2,"poolMean",0,0.5
19,57,10.507927051195,4.50792705119498,0.0179656215491586,4.71150838939433,0.0243509657614535,5.72319397036439,NA,NA,0,22860,3860,570,0,"GSRS","GSRS_gxe0.5","gxe","varGxE/varA = 0.5",2,8112,0,"peripheral",NA,NA,6,0.381313585042094,0.3,3,2,"poolMean",0,0.5
20,60,10.5317675032833,4.53176750328334,0.0155196121502637,4.07003913814149,0.0193116811035104,4.5388136935483,NA,NA,0,24060,4060,600,0,"GSRS","GSRS_gxe0.5","gxe","varGxE/varA = 0.5",2,8112,0,"peripheral",NA,NA,6,0.381313585042094,0.3,3,2,"poolMean",0,0.5
1,3,6.48907696581323,0.489076965813233,0.291281613301364,76.3889944464499,0.410005779547235,96.3634308514271,5.49933881623559,3.34339528517717,0,1460,360,40,0,"CB","CB_gxe0.5","gxe","varGxE/varA = 0.5",2,8112,0,"peripheral",3.31097410756874,2.68902589243126,6,0.381313585042094,0.3,3,2,"poolMean",0,0.5
2,6,7.031121991635,1.031121991635,0.278328440846386,72.9920075665965,0.370625770793695,87.1079692463714,6.27411606044376,3.29662027352473,12,3160,660,90,2,"CB","CB_gxe0.5","gxe","varGxE/varA = 0.5",2,8112,0,"peripheral",3.31097410756874,2.68902589243126,6,0.381313585042094,0.3,3,2,"poolMean",0,0.5
3,9,7.62277223730796,1.62277223730796,0.251665931090782,65.9997285601561,0.319084787437965,74.9943205287874,6.80611635380329,3.28677303061186,39,4860,960,140,4,"CB","CB_gxe0.5","gxe","varGxE/varA = 0.5",2,8112,0,"peripheral",3.31097410756874,2.68902589243126,6,0.381313585042094,0.3,3,2,"poolMean",0,0.5
4,12,8.11683079518137,2.11683079518137,0.185955661622829,48.7671221056289,0.274741665899298,64.572381279915,7.17261124081364,3.21164017813553,122,6560,1260,190,6,"CB","CB_gxe0.5","gxe","varGxE/varA = 0.5",2,8112,0,"peripheral",3.31097410756874,2.68902589243126,6,0.381313585042094,0.3,3,2,"poolMean",0,0.5
5,15,8.5702203898783,2.5702203898783,0.144951558155519,38.0137408793125,0.236539655915935,55.593784072133,7.43803083026097,3.21971787259756,104,8260,1560,240,8,"CB","CB_gxe0.5","gxe","varGxE/varA = 0.5",2,8112,0,"peripheral",3.31097410756874,2.68902589243126,6,0.381313585042094,0.3,3,2,"poolMean",0,0.5
6,18,8.95291202158566,2.95291202158566,0.104919583705045,27.515301793788,0.208997374574097,49.120536971798,7.34258390682826,3.33024769487229,124,9960,1860,290,10,"CB","CB_gxe0.5","gxe","varGxE/varA = 0.5",2,8112,0,"peripheral",3.31097410756874,2.68902589243126,6,0.381313585042094,0.3,3,2,"poolMean",0,0.5
7,21,9.08344118724952,3.08344118724952,0.119131004243913,31.2422659241898,0.199111148483578,46.7969827396909,7.64930383590089,3.31793528125642,121,11660,2160,340,12,"CB","CB_gxe0.5","gxe","varGxE/varA = 0.5",2,8112,0,"peripheral",3.31097410756874,2.68902589243126,6,0.381313585042094,0.3,3,2,"poolMean",0,0.5
8,24,9.32407086131961,3.32407086131961,0.158132977411266,41.4705857893339,0.16552921415557,38.9042393494692,7.91589279478928,3.32681228478612,56,13360,2460,390,14,"CB","CB_gxe0.5","gxe","varGxE/varA = 0.5",2,8112,0,"peripheral",3.31097410756874,2.68902589243126,6,0.381313585042094,0.3,3,2,"poolMean",0,0.5
9,27,9.58917258351055,3.58917258351055,0.139930396433519,36.6969344714199,0.14747125904798,34.6600881810393,7.89812077762514,3.36960412500148,32,15060,2760,440,16,"CB","CB_gxe0.5","gxe","varGxE/varA = 0.5",2,8112,0,"peripheral",3.31097410756874,2.68902589243126,6,0.381313585042094,0.3,3,2,"poolMean",0,0.5
10,30,9.72019382651015,3.72019382651015,0.091155931132547,23.9057654141758,0.137807585783191,32.3888404160673,8.09776083519987,3.43504279761833,72,16760,3060,490,18,"CB","CB_gxe0.5","gxe","varGxE/varA = 0.5",2,8112,0,"peripheral",3.31097410756874,2.68902589243126,6,0.381313585042094,0.3,3,2,"poolMean",0,0.5
11,33,9.94119832848732,3.94119832848732,0.0988077347828681,25.9124612022308,0.121971353541917,28.6668595400553,8.29043700520633,3.39783727055767,78,18460,3360,540,20,"CB","CB_gxe0.5","gxe","varGxE/varA = 0.5",2,8112,0,"peripheral",3.31097410756874,2.68902589243126,6,0.381313585042094,0.3,3,2,"poolMean",0,0.5
12,36,10.1607604653604,4.16076046536043,0.0701420565123577,18.3948485613526,0.0937046707112369,22.023356759774,8.30666405522913,3.48555659772435,106,20160,3660,590,22,"CB","CB_gxe0.5","gxe","varGxE/varA = 0.5",2,8112,0,"peripheral",3.31097410756874,2.68902589243126,6,0.381313585042094,0.3,3,2,"poolMean",0,0.5
13,39,10.3282920649993,4.32829206499934,0.0755812245890539,19.8212776973866,0.108561705277855,25.5151973496763,8.59748760491332,3.56854781344033,89,21860,3960,640,24,"CB","CB_gxe0.5","gxe","varGxE/varA = 0.5",2,8112,0,"peripheral",3.31097410756874,2.68902589243126,6,0.381313585042094,0.3,3,2,"poolMean",0,0.5
14,42,10.4289448363255,4.42894483632553,0.0822135463461757,21.5606129892015,0.11613427663215,27.2949745929946,8.80028361403403,3.48530752779411,72,23560,4260,690,26,"CB","CB_gxe0.5","gxe","varGxE/varA = 0.5",2,8112,0,"peripheral",3.31097410756874,2.68902589243126,6,0.381313585042094,0.3,3,2,"poolMean",0,0.5
15,45,10.7377861176405,4.73778611764052,0.0918261788241041,24.0815387718135,0.137653051870529,32.3525203963264,9.05998382637371,3.44361869124938,85,25260,4560,740,28,"CB","CB_gxe0.5","gxe","varGxE/varA = 0.5",2,8112,0,"peripheral",3.31097410756874,2.68902589243126,6,0.381313585042094,0.3,3,2,"poolMean",0,0.5
16,48,11.0536268830866,5.05362688308661,0.0907498177925864,23.7992616451282,0.132972400780851,31.2524295680509,9.01653331480854,3.4799084520758,30,26960,4860,790,30,"CB","CB_gxe0.5","gxe","varGxE/varA = 0.5",2,8112,0,"peripheral",3.31097410756874,2.68902589243126,6,0.381313585042094,0.3,3,2,"poolMean",0,0.5
17,51,11.1315609420208,5.13156094202076,0.0755584978197354,19.8153175715977,0.110848970402991,26.052772002815,9.08568227816412,3.42171602200396,19,28660,5160,840,32,"CB","CB_gxe0.5","gxe","varGxE/varA = 0.5",2,8112,0,"peripheral",3.31097410756874,2.68902589243126,6,0.381313585042094,0.3,3,2,"poolMean",0,0.5
18,54,11.2851772595404,5.28517725954038,0.100895030851693,26.4598574007151,0.0908591859985991,21.3545840667455,9.05085030604362,3.40401499699217,88,30360,5460,890,34,"CB","CB_gxe0.5","gxe","varGxE/varA = 0.5",2,8112,0,"peripheral",3.31097410756874,2.68902589243126,6,0.381313585042094,0.3,3,2,"poolMean",0,0.5
19,57,11.2962405590642,5.29624055906417,0.0757652928670356,19.8695498505965,0.0817443902775853,19.2123386863103,8.93495713062725,3.45945696315656,105,32060,5760,940,36,"CB","CB_gxe0.5","gxe","varGxE/varA = 0.5",2,8112,0,"peripheral",3.31097410756874,2.68902589243126,6,0.381313585042094,0.3,3,2,"poolMean",0,0.5
20,60,11.4546450192086,5.45464501920864,0.0373265236411885,9.78893097581822,0.0804556136055925,18.9094382202445,9.10840857154528,3.57291242010003,80,33760,6060,990,38,"CB","CB_gxe0.5","gxe","varGxE/varA = 0.5",2,8112,0,"peripheral",3.31097410756874,2.68902589243126,6,0.381313585042094,0.3,3,2,"poolMean",0,0.5
1,3,5.94846867803824,-0.0515313219617592,0.137693360197913,125.008460475536,0.126174292253006,97.0150047781065,NA,NA,0,1260,260,30,0,"GSRS","GSRS_gxe1.0","gxe","varGxE/varA = 1.0",2,8112,0,"peripheral",NA,NA,21,0.110147232974571,0.3,3,2,"poolMean",0,1
2,6,6.68046310624457,0.680463106244566,0.0946683228040869,85.9470730653238,0.0951350496540086,73.1490316445914,NA,NA,0,2460,460,60,0,"GSRS","GSRS_gxe1.0","gxe","varGxE/varA = 1.0",2,8112,0,"peripheral",NA,NA,21,0.110147232974571,0.3,3,2,"poolMean",0,1
3,9,7.07929576610491,1.07929576610491,0.0793360684985583,72.0272914317096,0.0755628184844638,58.100006470556,NA,NA,0,3660,660,90,0,"GSRS","GSRS_gxe1.0","gxe","varGxE/varA = 1.0",2,8112,0,"peripheral",NA,NA,21,0.110147232974571,0.3,3,2,"poolMean",0,1
4,12,7.08901793845006,1.08901793845006,0.077090540655343,69.9886311925244,0.0678889819421385,52.199618400003,NA,NA,0,4860,860,120,0,"GSRS","GSRS_gxe1.0","gxe","varGxE/varA = 1.0",2,8112,0,"peripheral",NA,NA,21,0.110147232974571,0.3,3,2,"poolMean",0,1
5,15,7.45492991394906,1.45492991394906,0.0535601264181009,48.6259390923293,0.059337470812506,45.6243891810607,NA,NA,0,6060,1060,150,0,"GSRS","GSRS_gxe1.0","gxe","varGxE/varA = 1.0",2,8112,0,"peripheral",NA,NA,21,0.110147232974571,0.3,3,2,"poolMean",0,1
6,18,7.73193929642697,1.73193929642697,0.0421346936026279,38.2530658871434,0.052451549226755,40.3298263694561,NA,NA,0,7260,1260,180,0,"GSRS","GSRS_gxe1.0","gxe","varGxE/varA = 1.0",2,8112,0,"peripheral",NA,NA,21,0.110147232974571,0.3,3,2,"poolMean",0,1
7,21,7.92717311318182,1.92717311318182,0.0396811559994264,36.0255586344029,0.0511964778602113,39.3648060594713,NA,NA,0,8460,1460,210,0,"GSRS","GSRS_gxe1.0","gxe","varGxE/varA = 1.0",2,8112,0,"peripheral",NA,NA,21,0.110147232974571,0.3,3,2,"poolMean",0,1
8,24,8.04128019792158,2.04128019792158,0.0347550766620351,31.5532907395493,0.0406966611510503,31.2915309887785,NA,NA,0,9660,1660,240,0,"GSRS","GSRS_gxe1.0","gxe","varGxE/varA = 1.0",2,8112,0,"peripheral",NA,NA,21,0.110147232974571,0.3,3,2,"poolMean",0,1
9,27,8.06683173053007,2.06683173053007,0.0405456575604917,36.8104186238181,0.0354048813227499,27.222698612863,NA,NA,0,10860,1860,270,0,"GSRS","GSRS_gxe1.0","gxe","varGxE/varA = 1.0",2,8112,0,"peripheral",NA,NA,21,0.110147232974571,0.3,3,2,"poolMean",0,1
10,30,8.25144020904136,2.25144020904136,0.0306619725427215,27.8372608323264,0.0323246950258457,24.8543533423985,NA,NA,0,12060,2060,300,0,"GSRS","GSRS_gxe1.0","gxe","varGxE/varA = 1.0",2,8112,0,"peripheral",NA,NA,21,0.110147232974571,0.3,3,2,"poolMean",0,1
11,33,8.12629294966384,2.12629294966384,0.0176779112282216,16.0493466343388,0.0269894733231548,20.7521186499231,NA,NA,0,13260,2260,330,0,"GSRS","GSRS_gxe1.0","gxe","varGxE/varA = 1.0",2,8112,0,"peripheral",NA,NA,21,0.110147232974571,0.3,3,2,"poolMean",0,1
12,36,8.09141880219399,2.09141880219399,0.0204152381884073,18.5344993578917,0.0276651487113455,21.2716432681577,NA,NA,0,14460,2460,360,0,"GSRS","GSRS_gxe1.0","gxe","varGxE/varA = 1.0",2,8112,0,"peripheral",NA,NA,21,0.110147232974571,0.3,3,2,"poolMean",0,1
13,39,8.11394092075765,2.11394092075765,0.0247981685771934,22.5136555022843,0.0261038628354319,20.0711756133995,NA,NA,0,15660,2660,390,0,"GSRS","GSRS_gxe1.0","gxe","varGxE/varA = 1.0",2,8112,0,"peripheral",NA,NA,21,0.110147232974571,0.3,3,2,"poolMean",0,1
14,42,8.26721553817563,2.26721553817563,0.0227401538446195,20.645233866083,0.0229741936197278,17.6647830868886,NA,NA,0,16860,2860,420,0,"GSRS","GSRS_gxe1.0","gxe","varGxE/varA = 1.0",2,8112,0,"peripheral",NA,NA,21,0.110147232974571,0.3,3,2,"poolMean",0,1
15,45,8.38177979522189,2.38177979522189,0.0124248146014176,11.280187677784,0.0164487789303595,12.6474128606402,NA,NA,0,18060,3060,450,0,"GSRS","GSRS_gxe1.0","gxe","varGxE/varA = 1.0",2,8112,0,"peripheral",NA,NA,21,0.110147232974571,0.3,3,2,"poolMean",0,1
16,48,8.43750015716591,2.43750015716591,0.00873100223752193,7.92666506614616,0.014049125854405,10.8023273802897,NA,NA,0,19260,3260,480,0,"GSRS","GSRS_gxe1.0","gxe","varGxE/varA = 1.0",2,8112,0,"peripheral",NA,NA,21,0.110147232974571,0.3,3,2,"poolMean",0,1
17,51,8.46443839290648,2.46443839290648,0.00852464676364501,7.73931993880686,0.0114686116790619,8.81817838622297,NA,NA,0,20460,3460,510,0,"GSRS","GSRS_gxe1.0","gxe","varGxE/varA = 1.0",2,8112,0,"peripheral",NA,NA,21,0.110147232974571,0.3,3,2,"poolMean",0,1
18,54,8.43993512978044,2.43993512978044,0.00742528117522916,6.74123259813834,0.00941561688341424,7.23963733516795,NA,NA,0,21660,3660,540,0,"GSRS","GSRS_gxe1.0","gxe","varGxE/varA = 1.0",2,8112,0,"peripheral",NA,NA,21,0.110147232974571,0.3,3,2,"poolMean",0,1
19,57,8.40466067545422,2.40466067545422,0.00876785263908257,7.96012065151629,0.0102012551997686,7.84371209282264,NA,NA,0,22860,3860,570,0,"GSRS","GSRS_gxe1.0","gxe","varGxE/varA = 1.0",2,8112,0,"peripheral",NA,NA,21,0.110147232974571,0.3,3,2,"poolMean",0,1
20,60,8.44079694721522,2.44079694721522,0.00751308868270698,6.82095090345256,0.00838703799494823,6.44876635822524,NA,NA,0,24060,4060,600,0,"GSRS","GSRS_gxe1.0","gxe","varGxE/varA = 1.0",2,8112,0,"peripheral",NA,NA,21,0.110147232974571,0.3,3,2,"poolMean",0,1
1,3,5.94846867803824,-0.0515313219617592,0.137693360197913,125.008460475536,0.126174292253006,97.0150047781065,5.31949129059115,3.55452680096475,0,1460,360,40,0,"CB","CB_gxe1.0","gxe","varGxE/varA = 1.0",2,8112,0,"peripheral",3.54579579834287,2.45420420165713,21,0.110147232974571,0.3,3,2,"poolMean",0,1
2,6,6.49056646695372,0.490566466953723,0.0965600450574364,87.6645217948677,0.103832464188404,79.8364455190407,5.83884231340674,3.65484080482548,18,3160,660,90,2,"CB","CB_gxe1.0","gxe","varGxE/varA = 1.0",2,8112,0,"peripheral",3.54579579834287,2.45420420165713,21,0.110147232974571,0.3,3,2,"poolMean",0,1
3,9,6.88535803582993,0.885358035829928,0.0914295271322673,83.0066490670494,0.0835036611565672,64.2056946897657,6.14445897436398,3.66581449507562,83,4860,960,140,4,"CB","CB_gxe1.0","gxe","varGxE/varA = 1.0",2,8112,0,"peripheral",3.54579579834287,2.45420420165713,21,0.110147232974571,0.3,3,2,"poolMean",0,1
4,12,7.16043902622696,1.16043902622696,0.0844446207160932,76.6652220265837,0.0665463014317236,51.1672357029622,6.36099673945437,3.61919277952566,79,6560,1260,190,6,"CB","CB_gxe1.0","gxe","varGxE/varA = 1.0",2,8112,0,"peripheral",3.54579579834287,2.45420420165713,21,0.110147232974571,0.3,3,2,"poolMean",0,1
5,15,7.44747479261787,1.44747479261787,0.0444089353782591,40.3177948088007,0.0527222625713839,40.5379769836082,6.46792707205946,3.63728854847214,47,8260,1560,240,8,"CB","CB_gxe1.0","gxe","varGxE/varA = 1.0",2,8112,0,"peripheral",3.54579579834287,2.45420420165713,21,0.110147232974571,0.3,3,2,"poolMean",0,1
6,18,7.60472536661502,1.60472536661502,0.0552269993591029,50.1392525873554,0.0476044700597196,36.6029228921068,6.51021244458564,3.644038847492,64,9960,1860,290,10,"CB","CB_gxe1.0","gxe","varGxE/varA = 1.0",2,8112,0,"peripheral",3.54579579834287,2.45420420165713,21,0.110147232974571,0.3,3,2,"poolMean",0,1
7,21,7.84603319142259,1.84603319142259,0.0637556264813205,57.8821861971235,0.0417407606796138,32.0943357356385,6.63891745327494,3.61802113091811,137,11660,2160,340,12,"CB","CB_gxe1.0","gxe","varGxE/varA = 1.0",2,8112,0,"peripheral",3.54579579834287,2.45420420165713,21,0.110147232974571,0.3,3,2,"poolMean",0,1
8,24,8.02276697711783,2.02276697711783,0.0715935802502415,64.9980742292182,0.042486690130821,32.6678784754533,6.72944054977052,3.66496280550319,40,13360,2460,390,14,"CB","CB_gxe1.0","gxe","varGxE/varA = 1.0",2,8112,0,"peripheral",3.54579579834287,2.45420420165713,21,0.110147232974571,0.3,3,2,"poolMean",0,1
9,27,8.19032441847898,2.19032441847898,0.0332771009503426,30.2114724552591,0.0402997157203765,30.9863209323889,6.81069174071543,3.61111320500855,46,15060,2760,440,16,"CB","CB_gxe1.0","gxe","varGxE/varA = 1.0",2,8112,0,"peripheral",3.54579579834287,2.45420420165713,21,0.110147232974571,0.3,3,2,"poolMean",0,1
10,30,8.18632167938625,2.18632167938625,0.0482745913894429,43.8273300978771,0.0533496445835475,41.0203689813829,7.08502735866823,3.65332055451425,41,16760,3060,490,18,"CB","CB_gxe1.0","gxe","varGxE/varA = 1.0",2,8112,0,"peripheral",3.54579579834287,2.45420420165713,21,0.110147232974571,0.3,3,2,"poolMean",0,1
11,33,8.44251998525696,2.44251998525696,0.0314584981621889,28.5604071138597,0.0417869743785009,32.1298692990791,7.13574084964695,3.67444255093387,39,18460,3360,540,20,"CB","CB_gxe1.0","gxe","varGxE/varA = 1.0",2,8112,0,"peripheral",3.54579579834287,2.45420420165713,21,0.110147232974571,0.3,3,2,"poolMean",0,1
12,36,8.60270299206407,2.60270299206407,0.0247469498899646,22.4671552990149,0.0338833909525616,26.0528295936046,7.17402785212788,3.6738289779657,57,20160,3660,590,22,"CB","CB_gxe1.0","gxe","varGxE/varA = 1.0",2,8112,0,"peripheral",3.54579579834287,2.45420420165713,21,0.110147232974571,0.3,3,2,"poolMean",0,1
13,39,8.69081859488982,2.69081859488982,0.0228589474833288,20.7530837280371,0.0255016451995027,19.6081324230324,7.14729153967035,3.64504525865662,59,21860,3960,640,24,"CB","CB_gxe1.0","gxe","varGxE/varA = 1.0",2,8112,0,"peripheral",3.54579579834287,2.45420420165713,21,0.110147232974571,0.3,3,2,"poolMean",0,1
14,42,8.70115447881884,2.70115447881884,0.015459626244087,14.0354195258415,0.0231540137550338,17.8030462066922,7.10636773350098,3.67612049768839,21,23560,4260,690,26,"CB","CB_gxe1.0","gxe","varGxE/varA = 1.0",2,8112,0,"peripheral",3.54579579834287,2.45420420165713,21,0.110147232974571,0.3,3,2,"poolMean",0,1
15,45,8.71521955846789,2.71521955846789,0.0207798528628693,18.8655241731462,0.0258097781511205,19.8450548518387,7.24528639574985,3.66927602032969,21,25260,4560,740,28,"CB","CB_gxe1.0","gxe","varGxE/varA = 1.0",2,8112,0,"peripheral",3.54579579834287,2.45420420165713,21,0.110147232974571,0.3,3,2,"poolMean",0,1
16,48,8.71681010326215,2.71681010326215,0.0250543166361864,22.7462061093904,0.0291265272669613,22.3952925078253,7.31364072948429,3.7675990953242,75,26960,4860,790,30,"CB","CB_gxe1.0","gxe","varGxE/varA = 1.0",2,8112,0,"peripheral",3.54579579834287,2.45420420165713,21,0.110147232974571,0.3,3,2,"poolMean",0,1
17,51,8.80253069254563,2.80253069254563,0.0184646278165352,16.7635875345122,0.0303054582635467,23.3017687338813,7.40678623181732,3.77771505187926,87,28660,5160,840,32,"CB","CB_gxe1.0","gxe","varGxE/varA = 1.0",2,8112,0,"peripheral",3.54579579834287,2.45420420165713,21,0.110147232974571,0.3,3,2,"poolMean",0,1
18,54,8.86185409215462,2.86185409215462,0.0180308549520135,16.3697756766856,0.0254986594073805,19.6058366571372,7.40966053031846,3.85365904473179,101,30360,5460,890,34,"CB","CB_gxe1.0","gxe","varGxE/varA = 1.0",2,8112,0,"peripheral",3.54579579834287,2.45420420165713,21,0.110147232974571,0.3,3,2,"poolMean",0,1
19,57,8.91726216885365,2.91726216885365,0.0108537062222828,9.85381650466744,0.01892195398856,14.5490291550855,7.27912271602779,3.72582147107484,82,32060,5760,940,36,"CB","CB_gxe1.0","gxe","varGxE/varA = 1.0",2,8112,0,"peripheral",3.54579579834287,2.45420420165713,21,0.110147232974571,0.3,3,2,"poolMean",0,1
20,60,8.92130641505361,2.92130641505361,0.0248376198832769,22.5494723857576,0.0197362920369041,15.1751710437412,7.49777857424589,3.69077176759976,198,33760,6060,990,38,"CB","CB_gxe1.0","gxe","varGxE/varA = 1.0",2,8112,0,"peripheral",3.54579579834287,2.45420420165713,21,0.110147232974571,0.3,3,2,"poolMean",0,1
1,3,6.13238683379298,0.13238683379298,0.0631668092915424,82.6806831261795,0.0819056209088965,97.1203373370213,4.9638088365157,3.46767424377426,0,810,260,25,0,"CB","CB_equalBudget","resource_matched","equal genotyping + phenotyping budget",2,8112,0,"peripheral",3.42140677656209,2.57859322343791,13,0.0763985091839929,0.3,3,2,"poolMean",0,0
2,6,6.31990258357844,0.319902583578442,0.0550045624873442,71.9969055349955,0.0803749689273178,95.3053527834966,5.46632864116117,3.46686336690512,5,1710,460,60,2,"CB","CB_equalBudget","resource_matched","equal genotyping + phenotyping budget",2,8112,0,"peripheral",3.42140677656209,2.57859322343791,13,0.0763985091839929,0.3,3,2,"poolMean",0,0
3,9,6.34617630151104,0.346176301511042,0.0811874153546253,106.268324109701,0.0740641902955308,87.8222894384283,5.57494014699568,3.44309404199843,30,2610,660,95,4,"CB","CB_equalBudget","resource_matched","equal genotyping + phenotyping budget",2,8112,0,"peripheral",3.42140677656209,2.57859322343791,13,0.0763985091839929,0.3,3,2,"poolMean",0,0
4,12,6.5319404448685,0.531940444868503,0.0502949551983503,65.8323777983983,0.0661693192419217,78.4608740502017,5.65280493680693,3.44996098819269,15,3510,860,130,6,"CB","CB_equalBudget","resource_matched","equal genotyping + phenotyping budget",2,8112,0,"peripheral",3.42140677656209,2.57859322343791,13,0.0763985091839929,0.3,3,2,"poolMean",0,0
5,15,6.63760126027693,0.637601260276933,0.0548704010344089,71.8212981123268,0.0601429297927776,71.315027773349,5.76038515453322,3.41740094561673,39,4410,1060,165,8,"CB","CB_equalBudget","resource_matched","equal genotyping + phenotyping budget",2,8112,0,"peripheral",3.42140677656209,2.57859322343791,13,0.0763985091839929,0.3,3,2,"poolMean",0,0
6,18,6.73778511473454,0.737785114734542,0.0442737428017459,57.9510559494297,0.0539985502979402,64.0292737232206,5.79060905698248,3.39730251712274,20,5310,1260,200,10,"CB","CB_equalBudget","resource_matched","equal genotyping + phenotyping budget",2,8112,0,"peripheral",3.42140677656209,2.57859322343791,13,0.0763985091839929,0.3,3,2,"poolMean",0,0
7,21,6.85110329049527,0.851103290495274,0.0348991891608409,45.6804583408717,0.0448535542947351,53.1855112692993,5.87967196507328,3.39038449688622,31,6210,1460,235,12,"CB","CB_equalBudget","resource_matched","equal genotyping + phenotyping budget",2,8112,0,"peripheral",3.42140677656209,2.57859322343791,13,0.0763985091839929,0.3,3,2,"poolMean",0,0
8,24,7.12025301481714,1.12025301481714,0.0302766258261759,39.6298647048985,0.0399858467263237,47.4135826048682,5.98225160274645,3.45653820883899,21,7110,1660,270,14,"CB","CB_equalBudget","resource_matched","equal genotyping + phenotyping budget",2,8112,0,"peripheral",3.42140677656209,2.57859322343791,13,0.0763985091839929,0.3,3,2,"poolMean",0,0
9,27,7.17447555089214,1.17447555089214,0.0334535046752259,43.7881642358475,0.0342622413863741,40.6267653482335,6.2015341358681,3.46648612734902,16,8010,1860,305,16,"CB","CB_equalBudget","resource_matched","equal genotyping + phenotyping budget",2,8112,0,"peripheral",3.42140677656209,2.57859322343791,13,0.0763985091839929,0.3,3,2,"poolMean",0,0
10,30,7.35884588875417,1.35884588875417,0.0218177432586963,28.5578128313368,0.0238499162578859,28.2802558203181,6.08675636623234,3.45179701385652,2,8910,2060,340,17,"CB","CB_equalBudget","resource_matched","equal genotyping + phenotyping budget",2,8112,0,"peripheral",3.42140677656209,2.57859322343791,13,0.0763985091839929,0.3,3,2,"poolMean",0,0
11,33,7.43097476122814,1.43097476122814,0.0204555602564288,26.7748159943344,0.0226588957170166,26.8679923465669,6.1413008380177,3.43525380640834,0,9810,2260,375,18,"CB","CB_equalBudget","resource_matched","equal genotyping + phenotyping budget",2,8112,0,"peripheral",3.42140677656209,2.57859322343791,13,0.0763985091839929,0.3,3,2,"poolMean",0,0
12,36,7.50756533901729,1.50756533901729,0.0202509567156351,26.5070050867931,0.0215365055228233,25.5371079326014,6.23401429600388,3.35111156478232,16,10710,2460,410,20,"CB","CB_equalBudget","resource_matched","equal genotyping + phenotyping budget",2,8112,0,"peripheral",3.42140677656209,2.57859322343791,13,0.0763985091839929,0.3,3,2,"poolMean",0,0
13,39,7.58195755808252,1.58195755808252,0.0206524642187006,27.0325487228587,0.017719829026636,21.0114489521476,6.29922993300176,3.38829649588858,8,11610,2660,445,22,"CB","CB_equalBudget","resource_matched","equal genotyping + phenotyping budget",2,8112,0,"peripheral",3.42140677656209,2.57859322343791,13,0.0763985091839929,0.3,3,2,"poolMean",0,0
14,42,7.70275495577508,1.70275495577508,0.0116381388057119,15.2334632311782,0.013684503522296,16.2265249152233,6.41404790321152,3.41725105271511,15,12510,2860,480,23,"CB","CB_equalBudget","resource_matched","equal genotyping + phenotyping budget",2,8112,0,"peripheral",3.42140677656209,2.57859322343791,13,0.0763985091839929,0.3,3,2,"poolMean",0,0
15,45,7.72815119504044,1.72815119504044,0.00695095620484026,9.09828775336448,0.0115889571139233,13.7417116407728,6.47704690838435,3.41678806582559,24,13410,3060,515,25,"CB","CB_equalBudget","resource_matched","equal genotyping + phenotyping budget",2,8112,0,"peripheral",3.42140677656209,2.57859322343791,13,0.0763985091839929,0.3,3,2,"poolMean",0,0
16,48,7.80416382530212,1.80416382530212,0.00630069401669245,8.24714262619744,0.00938605132632436,11.1295960028087,6.55209180362244,3.51451154510845,33,14310,3260,550,27,"CB","CB_equalBudget","resource_matched","equal genotyping + phenotyping budget",2,8112,0,"peripheral",3.42140677656209,2.57859322343791,13,0.0763985091839929,0.3,3,2,"poolMean",0,0
17,51,7.80698852322318,1.80698852322318,0.00486420970654221,6.36689087064197,0.00880076739193909,10.4355902372134,6.4945928429204,3.50801937378615,13,15210,3460,585,29,"CB","CB_equalBudget","resource_matched","equal genotyping + phenotyping budget",2,8112,0,"peripheral",3.42140677656209,2.57859322343791,13,0.0763985091839929,0.3,3,2,"poolMean",0,0
18,54,7.81413107021503,1.81413107021503,0.00515205808104204,6.74366311079995,0.00824679880430256,9.77871692976096,6.4608459318358,3.52334184849877,30,16110,3660,620,31,"CB","CB_equalBudget","resource_matched","equal genotyping + phenotyping budget",2,8112,0,"peripheral",3.42140677656209,2.57859322343791,13,0.0763985091839929,0.3,3,2,"poolMean",0,0
19,57,7.83842138571789,1.83842138571789,0.00580749541082657,7.60158211574547,0.00537230254509601,6.37025676218993,6.47462958255964,3.49232571996597,4,17010,3860,655,32,"CB","CB_equalBudget","resource_matched","equal genotyping + phenotyping budget",2,8112,0,"peripheral",3.42140677656209,2.57859322343791,13,0.0763985091839929,0.3,3,2,"poolMean",0,0
20,60,7.78968710495056,1.78968710495056,0.00447216876724368,5.85373826663714,0.00584003836986657,6.92487878424693,6.44065177974368,3.4694274131672,2,17910,4060,690,33,"CB","CB_equalBudget","resource_matched","equal genotyping + phenotyping budget",2,8112,0,"peripheral",3.42140677656209,2.57859322343791,13,0.0763985091839929,0.3,3,2,"poolMean",0,0
1,3,6.1045951765306,0.104595176530603,0.0682973356663199,89.3961628254254,0.0821879474062611,97.4551085573473,4.92042377361261,3.46279661014509,0,1460,360,40,0,"CB","CB_lag2","resource_matched","2-cycle bridge development lag",2,8112,0,"peripheral",3.43626178737533,2.56373821262467,13,0.0763985091839929,0.3,3,2,"poolMean",2,0
2,6,6.39954883461384,0.39954883461384,0.0511172531478298,66.908705017689,0.0684655199979395,81.1836150482344,5.49179515315251,3.49308666435757,0,3160,660,90,0,"CB","CB_lag2","resource_matched","2-cycle bridge development lag",2,8112,0,"peripheral",3.43626178737533,2.56373821262467,13,0.0763985091839929,0.3,3,2,"poolMean",2,0
3,9,6.47335490078509,0.473354900785086,0.0511950264400217,67.0105045070017,0.0621848019304655,73.7361962915865,5.93823656822915,3.4569412150945,40,4860,960,140,0,"CB","CB_lag2","resource_matched","2-cycle bridge development lag",2,8112,0,"peripheral",3.43626178737533,2.56373821262467,13,0.0763985091839929,0.3,3,2,"poolMean",2,0
4,12,6.79536159214397,0.795361592143975,0.0613011129116761,80.2386245051494,0.0507488032287713,60.1758564837768,6.00374097553225,3.41015777493615,118,6560,1260,190,0,"CB","CB_lag2","resource_matched","2-cycle bridge development lag",2,8112,0,"peripheral",3.43626178737533,2.56373821262467,13,0.0763985091839929,0.3,3,2,"poolMean",2,0
5,15,6.87624939734814,0.876249397348137,0.0468653584644779,61.3432892409072,0.0453506170603187,53.7749079790179,5.91104996089461,3.42648788936865,48,8260,1560,240,2,"CB","CB_lag2","resource_matched","2-cycle bridge development lag",2,8112,0,"peripheral",3.43626178737533,2.56373821262467,13,0.0763985091839929,0.3,3,2,"poolMean",2,0
6,18,6.94190069490765,0.94190069490765,0.028406643040742,37.1821954958956,0.0396821126297471,47.0534271284439,5.97926207222126,3.3978790494531,40,9960,1860,290,4,"CB","CB_lag2","resource_matched","2-cycle bridge development lag",2,8112,0,"peripheral",3.43626178737533,2.56373821262467,13,0.0763985091839929,0.3,3,2,"poolMean",2,0
7,21,7.07737447626589,1.07737447626589,0.02608405787121,34.1421032292541,0.0356899315244283,42.3196619563282,6.04791234399216,3.38581190038636,88,11660,2160,340,6,"CB","CB_lag2","resource_matched","2-cycle bridge development lag",2,8112,0,"peripheral",3.43626178737533,2.56373821262467,13,0.0763985091839929,0.3,3,2,"poolMean",2,0
8,24,7.0668386725756,1.0668386725756,0.0353240414548383,46.2365585822706,0.0313273460067694,37.1466863725412,6.03471204527525,3.40474605246887,21,13360,2460,390,8,"CB","CB_lag2","resource_matched","2-cycle bridge development lag",2,8112,0,"peripheral",3.43626178737533,2.56373821262467,13,0.0763985091839929,0.3,3,2,"poolMean",2,0
9,27,7.23211321853202,1.23211321853202,0.0275011455304425,35.9969662028491,0.0258694750126536,30.6749660411605,6.15211536217898,3.40323387171411,26,15060,2760,440,10,"CB","CB_lag2","resource_matched","2-cycle bridge development lag",2,8112,0,"peripheral",3.43626178737533,2.56373821262467,13,0.0763985091839929,0.3,3,2,"poolMean",2,0
10,30,7.30346171915337,1.30346171915337,0.0320763815111026,41.9856118315764,0.0264219343787484,31.330049775399,6.31297199505516,3.36048422783919,84,16760,3060,490,12,"CB","CB_lag2","resource_matched","2-cycle bridge development lag",2,8112,0,"peripheral",3.43626178737533,2.56373821262467,13,0.0763985091839929,0.3,3,2,"poolMean",2,0
11,33,7.46212587051375,1.46212587051375,0.0421362634000331,55.1532534470732,0.0245281844575643,29.0845185269156,6.38634941444549,3.37812275339833,53,18460,3360,540,14,"CB","CB_lag2","resource_matched","2-cycle bridge development lag",2,8112,0,"peripheral",3.43626178737533,2.56373821262467,13,0.0763985091839929,0.3,3,2,"poolMean",2,0
12,36,7.61410079583437,1.61410079583437,0.0262509027131457,34.3604907916787,0.0174629959071587,20.7069067372647,6.55050450818635,3.32321015991233,8,20160,3660,590,16,"CB","CB_lag2","resource_matched","2-cycle bridge development lag",2,8112,0,"peripheral",3.43626178737533,2.56373821262467,13,0.0763985091839929,0.3,3,2,"poolMean",2,0
13,39,7.67692695999783,1.67692695999783,0.0240324191682022,31.4566598548725,0.0170775510949023,20.2498620341571,6.49901039073216,3.27960640417983,76,21860,3960,640,18,"CB","CB_lag2","resource_matched","2-cycle bridge development lag",2,8112,0,"peripheral",3.43626178737533,2.56373821262467,13,0.0763985091839929,0.3,3,2,"poolMean",2,0
14,42,7.70976694383928,1.70976694383928,0.0284253154599876,37.2066363121433,0.0172259907893452,20.4258757562744,6.44145383417696,3.22131841143129,61,23560,4260,690,20,"CB","CB_lag2","resource_matched","2-cycle bridge development lag",2,8112,0,"peripheral",3.43626178737533,2.56373821262467,13,0.0763985091839929,0.3,3,2,"poolMean",2,0
15,45,7.80412015827192,1.80412015827192,0.0104696620439139,13.7040135412845,0.0132161438117727,15.6711631149423,6.5078324185192,3.24783420964612,35,25260,4560,740,22,"CB","CB_lag2","resource_matched","2-cycle bridge development lag",2,8112,0,"peripheral",3.43626178737533,2.56373821262467,13,0.0763985091839929,0.3,3,2,"poolMean",2,0
16,48,7.87254805895316,1.87254805895316,0.00977677034640793,12.7970695381794,0.010326438492626,12.2446686657729,6.63223652871994,3.25079856514065,53,26960,4860,790,24,"CB","CB_lag2","resource_matched","2-cycle bridge development lag",2,8112,0,"peripheral",3.43626178737533,2.56373821262467,13,0.0763985091839929,0.3,3,2,"poolMean",2,0
17,51,7.93215844361093,1.93215844361093,0.00696101214187898,9.1114502314627,0.00739102276872477,8.76397268708315,6.64271778660695,3.26812203364268,21,28660,5160,840,26,"CB","CB_lag2","resource_matched","2-cycle bridge development lag",2,8112,0,"peripheral",3.43626178737533,2.56373821262467,13,0.0763985091839929,0.3,3,2,"poolMean",2,0
18,54,8.00357205297728,2.00357205297728,0.00489259430353055,6.40404420948524,0.00642406022793896,7.61738803133847,6.61236393949779,3.24037567392792,8,30360,5460,890,28,"CB","CB_lag2","resource_matched","2-cycle bridge development lag",2,8112,0,"peripheral",3.43626178737533,2.56373821262467,13,0.0763985091839929,0.3,3,2,"poolMean",2,0
19,57,8.03135058036095,2.03135058036095,0.0111578288089826,14.6047729571671,0.00724699286528948,8.59318791489012,6.59011236032665,3.18451215573744,22,32060,5760,940,30,"CB","CB_lag2","resource_matched","2-cycle bridge development lag",2,8112,0,"peripheral",3.43626178737533,2.56373821262467,13,0.0763985091839929,0.3,3,2,"poolMean",2,0
20,60,8.03417537690926,2.03417537690926,0.00603999848012812,7.90591144335264,0.00511613115985769,6.06649920471886,6.65124639436401,3.16208030518306,51,33760,6060,990,32,"CB","CB_lag2","resource_matched","2-cycle bridge development lag",2,8112,0,"peripheral",3.43626178737533,2.56373821262467,13,0.0763985091839929,0.3,3,2,"poolMean",2,0
1,3,6.13238683379298,0.13238683379298,0.0631668092915424,82.6806831261795,0.0819056209088965,97.1203373370213,5.03275962494555,3.4016813327884,0,810,260,25,0,"CB","CB_equalBudget_lag2","resource_matched","equal budget + 2-cycle lag",2,8112,0,"peripheral",3.45138500705375,2.54861499294625,13,0.0763985091839929,0.3,3,2,"poolMean",2,0
2,6,6.30342878375396,0.303428783753963,0.0517807039120012,67.7771130157738,0.0782007647157953,92.7272703012514,5.37161507409045,3.36426787251498,5,1710,460,60,0,"CB","CB_equalBudget_lag2","resource_matched","equal budget + 2-cycle lag",2,8112,0,"peripheral",3.45138500705375,2.54861499294625,13,0.0763985091839929,0.3,3,2,"poolMean",2,0
3,9,6.40362980744072,0.403629807440716,0.0700180002357308,91.6483855294928,0.073342655574028,86.966723058794,5.60467369835754,3.32349812699505,25,2610,660,95,0,"CB","CB_equalBudget_lag2","resource_matched","equal budget + 2-cycle lag",2,8112,0,"peripheral",3.45138500705375,2.54861499294625,13,0.0763985091839929,0.3,3,2,"poolMean",2,0
4,12,6.68254477836742,0.682544778367418,0.0645083975404388,84.4367229536916,0.066658635498644,79.0410852663551,5.75046650964226,3.31478088009102,9,3510,860,130,2,"CB","CB_equalBudget_lag2","resource_matched","equal budget + 2-cycle lag",2,8112,0,"peripheral",3.45138500705375,2.54861499294625,13,0.0763985091839929,0.3,3,2,"poolMean",2,0
5,15,6.58249704585216,0.582497045852164,0.0757974969244733,99.213319388115,0.0640736972715844,75.9759711774622,5.7378960442813,3.36650113769608,57,4410,1060,165,4,"CB","CB_equalBudget_lag2","resource_matched","equal budget + 2-cycle lag",2,8112,0,"peripheral",3.45138500705375,2.54861499294625,13,0.0763985091839929,0.3,3,2,"poolMean",2,0
6,18,6.68095062443229,0.680950624432288,0.0548045405358052,71.7350915890489,0.0620649488206779,73.5940793730613,5.86231252491495,3.36769796036947,32,5310,1260,200,6,"CB","CB_equalBudget_lag2","resource_matched","equal budget + 2-cycle lag",2,8112,0,"peripheral",3.45138500705375,2.54861499294625,13,0.0763985091839929,0.3,3,2,"poolMean",2,0
7,21,6.74793296093817,0.747932960938171,0.0379055827138484,49.6156052241271,0.0460280828732708,54.5782192482333,5.69976974156419,3.34313386497461,30,6210,1460,235,8,"CB","CB_equalBudget_lag2","resource_matched","equal budget + 2-cycle lag",2,8112,0,"peripheral",3.45138500705375,2.54861499294625,13,0.0763985091839929,0.3,3,2,"poolMean",2,0
8,24,6.80941471637364,0.809414716373642,0.026746289248485,35.0089151400469,0.0394516728348486,46.780181039005,5.7962291122044,3.38871616872103,16,7110,1660,270,10,"CB","CB_equalBudget_lag2","resource_matched","equal budget + 2-cycle lag",2,8112,0,"peripheral",3.45138500705375,2.54861499294625,13,0.0763985091839929,0.3,3,2,"poolMean",2,0
9,27,6.9491895843433,0.949189584343303,0.0429859651700039,56.2654502412861,0.0393320978278752,46.6383938834294,5.99175195043172,3.33986258598964,24,8010,1860,305,12,"CB","CB_equalBudget_lag2","resource_matched","equal budget + 2-cycle lag",2,8112,0,"peripheral",3.45138500705375,2.54861499294625,13,0.0763985091839929,0.3,3,2,"poolMean",2,0
10,30,7.20689875796993,1.20689875796993,0.0226001270275903,29.5818953392947,0.0224409167304894,26.6095217743524,5.9872719732427,3.35099202486478,0,8910,2060,340,14,"CB","CB_equalBudget_lag2","resource_matched","equal budget + 2-cycle lag",2,8112,0,"peripheral",3.45138500705375,2.54861499294625,13,0.0763985091839929,0.3,3,2,"poolMean",2,0
11,33,7.39095237108669,1.39095237108669,0.0228218718897623,29.8721429691771,0.017378983050219,20.6072877255767,6.20186395051145,3.33316883852719,2,9810,2260,375,16,"CB","CB_equalBudget_lag2","resource_matched","equal budget + 2-cycle lag",2,8112,0,"peripheral",3.45138500705375,2.54861499294625,13,0.0763985091839929,0.3,3,2,"poolMean",2,0
12,36,7.35575253834065,1.35575253834065,0.0443347419087284,58.0308992705024,0.0214324872779506,25.4137673496336,6.15739381476305,3.34600496405688,11,10710,2460,410,18,"CB","CB_equalBudget_lag2","resource_matched","equal budget + 2-cycle lag",2,8112,0,"peripheral",3.45138500705375,2.54861499294625,13,0.0763985091839929,0.3,3,2,"poolMean",2,0
13,39,7.50888591063988,1.50888591063988,0.0166385449975043,21.778625231329,0.017041879268556,20.207563840581,6.23702799706115,3.35263798079958,22,11610,2660,445,20,"CB","CB_equalBudget_lag2","resource_matched","equal budget + 2-cycle lag",2,8112,0,"peripheral",3.45138500705375,2.54861499294625,13,0.0763985091839929,0.3,3,2,"poolMean",2,0
14,42,7.59018556489639,1.59018556489639,0.0326402425802524,42.7236642820397,0.0130223198465626,15.4413345796561,6.40905353982432,3.38022729585615,16,12510,2860,480,21,"CB","CB_equalBudget_lag2","resource_matched","equal budget + 2-cycle lag",2,8112,0,"peripheral",3.45138500705375,2.54861499294625,13,0.0763985091839929,0.3,3,2,"poolMean",2,0
15,45,7.73640751316184,1.73640751316184,0.00601007010950913,7.86673741896572,0.00904159820602352,10.7211575724644,6.50035478960464,3.34271879045913,22,13410,3060,515,23,"CB","CB_equalBudget_lag2","resource_matched","equal budget + 2-cycle lag",2,8112,0,"peripheral",3.45138500705375,2.54861499294625,13,0.0763985091839929,0.3,3,2,"poolMean",2,0
16,48,7.76805083439836,1.76805083439836,0.0159934473686447,20.9342401304287,0.00934775810219012,11.0841894628867,6.54499233735838,3.38231868787203,50,14310,3260,550,25,"CB","CB_equalBudget_lag2","resource_matched","equal budget + 2-cycle lag",2,8112,0,"peripheral",3.45138500705375,2.54861499294625,13,0.0763985091839929,0.3,3,2,"poolMean",2,0
17,51,7.77442500746758,1.77442500746758,0.00604095615456195,7.90716496838089,0.00702123379477558,8.32549203709939,6.39523603768594,3.38621834157881,9,15210,3460,585,27,"CB","CB_equalBudget_lag2","resource_matched","equal budget + 2-cycle lag",2,8112,0,"peripheral",3.45138500705375,2.54861499294625,13,0.0763985091839929,0.3,3,2,"poolMean",2,0
18,54,7.7434083839637,1.7434083839637,0.00910609499049127,11.91920508365,0.00730874307940618,8.66640879471616,6.34144301909935,3.40685319382034,24,16110,3660,620,29,"CB","CB_equalBudget_lag2","resource_matched","equal budget + 2-cycle lag",2,8112,0,"peripheral",3.45138500705375,2.54861499294625,13,0.0763985091839929,0.3,3,2,"poolMean",2,0
19,57,7.75121836445318,1.75121836445318,0.00359532957974201,4.70602059928062,0.00485829030436841,5.76076205766471,6.4499651043238,3.4124378211898,9,17010,3860,655,31,"CB","CB_equalBudget_lag2","resource_matched","equal budget + 2-cycle lag",2,8112,0,"peripheral",3.45138500705375,2.54861499294625,13,0.0763985091839929,0.3,3,2,"poolMean",2,0
20,60,7.79215557908873,1.79215557908873,0.002575582018462,3.37124643657528,0.00344264243400512,4.08214467836364,6.43781389584261,3.35959823431322,5,17910,4060,690,33,"CB","CB_equalBudget_lag2","resource_matched","equal budget + 2-cycle lag",2,8112,0,"peripheral",3.45138500705375,2.54861499294625,13,0.0763985091839929,0.3,3,2,"poolMean",2,0
1,4,6.1045951765306,0.104595176530603,0.0682973356663199,89.3961628254254,0.0821879474062611,97.4551085573473,4.92042377361261,3.46279661014509,0,1460,360,40,0,"CB","CB_cyc4_vs_GSRS3","resource_matched","CB 4-yr cycle vs GS-RS 3-yr cycle",2,8112,0,"peripheral",3.43626178737533,2.56373821262467,13,0.0763985091839929,0.3,4,2,"poolMean",0,0
2,8,6.39954883461384,0.39954883461384,0.0511172531478298,66.908705017689,0.0684655199979395,81.1836150482344,5.49179515315251,3.49308666435757,0,3160,660,90,0,"CB","CB_cyc4_vs_GSRS3","resource_matched","CB 4-yr cycle vs GS-RS 3-yr cycle",2,8112,0,"peripheral",3.43626178737533,2.56373821262467,13,0.0763985091839929,0.3,4,2,"poolMean",0,0
3,12,6.47335490078509,0.473354900785086,0.0511950264400217,67.0105045070017,0.0621848019304655,73.7361962915865,5.93823656822915,3.4569412150945,40,4860,960,140,2,"CB","CB_cyc4_vs_GSRS3","resource_matched","CB 4-yr cycle vs GS-RS 3-yr cycle",2,8112,0,"peripheral",3.43626178737533,2.56373821262467,13,0.0763985091839929,0.3,4,2,"poolMean",0,0
4,16,6.76662907431455,0.766629074314549,0.0556677860874696,72.8650161921395,0.0525509996076733,62.3128272841228,5.88408904216691,3.41015777493615,116,6560,1260,190,4,"CB","CB_cyc4_vs_GSRS3","resource_matched","CB 4-yr cycle vs GS-RS 3-yr cycle",2,8112,0,"peripheral",3.43626178737533,2.56373821262467,13,0.0763985091839929,0.3,4,2,"poolMean",0,0
5,20,6.88498138337062,0.884981383370625,0.0392371242482354,51.3584946451499,0.0443351320242208,52.5707873317154,5.95391092360557,3.42648788936865,69,8260,1560,240,6,"CB","CB_cyc4_vs_GSRS3","resource_matched","CB 4-yr cycle vs GS-RS 3-yr cycle",2,8112,0,"peripheral",3.43626178737533,2.56373821262467,13,0.0763985091839929,0.3,4,2,"poolMean",0,0
6,24,7.10305215156461,1.10305215156461,0.0269856331746942,35.3221986435676,0.0350872901900397,41.6050744953021,6.03301899212727,3.3978790494531,44,9960,1860,290,8,"CB","CB_cyc4_vs_GSRS3","resource_matched","CB 4-yr cycle vs GS-RS 3-yr cycle",2,8112,0,"peripheral",3.43626178737533,2.56373821262467,13,0.0763985091839929,0.3,4,2,"poolMean",0,0
7,28,7.16450801048413,1.16450801048413,0.0220028637068968,28.8001218111556,0.0283369643268803,33.6008140100044,6.03360220796701,3.38581190038636,87,11660,2160,340,10,"CB","CB_cyc4_vs_GSRS3","resource_matched","CB 4-yr cycle vs GS-RS 3-yr cycle",2,8112,0,"peripheral",3.43626178737533,2.56373821262467,13,0.0763985091839929,0.3,4,2,"poolMean",0,0
8,32,7.1370954928265,1.1370954928265,0.0223643615618908,29.2732957760079,0.0253256594077342,30.0301317256053,6.06998395385634,3.40474605246887,14,13360,2460,390,12,"CB","CB_cyc4_vs_GSRS3","resource_matched","CB 4-yr cycle vs GS-RS 3-yr cycle",2,8112,0,"peripheral",3.43626178737533,2.56373821262467,13,0.0763985091839929,0.3,4,2,"poolMean",0,0
9,36,7.21046230008228,1.21046230008228,0.015342985015698,20.0828330023391,0.0239255599370538,28.3699510030989,6.09660952492528,3.40323387171411,15,15060,2760,440,14,"CB","CB_cyc4_vs_GSRS3","resource_matched","CB 4-yr cycle vs GS-RS 3-yr cycle",2,8112,0,"peripheral",3.43626178737533,2.56373821262467,13,0.0763985091839929,0.3,4,2,"poolMean",0,0
10,40,7.1685626480293,1.1685626480293,0.0119432946477597,15.6328896667294,0.0224750275455909,26.6499689846017,6.07734347428912,3.36048422783919,60,16760,3060,490,16,"CB","CB_cyc4_vs_GSRS3","resource_matched","CB 4-yr cycle vs GS-RS 3-yr cycle",2,8112,0,"peripheral",3.43626178737533,2.56373821262467,13,0.0763985091839929,0.3,4,2,"poolMean",0,0
11,44,7.28851867792697,1.28851867792697,0.011582108790583,15.1601240839523,0.0187787488919308,22.2670728444895,6.13825660504898,3.37812275339833,22,18460,3360,540,18,"CB","CB_cyc4_vs_GSRS3","resource_matched","CB 4-yr cycle vs GS-RS 3-yr cycle",2,8112,0,"peripheral",3.43626178737533,2.56373821262467,13,0.0763985091839929,0.3,4,2,"poolMean",0,0
12,48,7.36956481950742,1.36956481950742,0.013601743224824,17.8036762367528,0.0149016724818944,17.6697941150727,6.17791531144695,3.32321015991233,1,20160,3660,590,19,"CB","CB_cyc4_vs_GSRS3","resource_matched","CB 4-yr cycle vs GS-RS 3-yr cycle",2,8112,0,"peripheral",3.43626178737533,2.56373821262467,13,0.0763985091839929,0.3,4,2,"poolMean",0,0
13,52,7.39300852440659,1.39300852440659,0.00971362562039239,12.7144177604288,0.0128647378910908,15.2544803381057,6.23710704182023,3.27960640417983,26,21860,3960,640,21,"CB","CB_cyc4_vs_GSRS3","resource_matched","CB 4-yr cycle vs GS-RS 3-yr cycle",2,8112,0,"peripheral",3.43626178737533,2.56373821262467,13,0.0763985091839929,0.3,4,2,"poolMean",0,0
14,56,7.46871865612016,1.46871865612016,0.0061958279778023,8.10988073455817,0.0108759176004443,12.8962185315669,6.20357509299048,3.22131841143129,47,23560,4260,690,23,"CB","CB_cyc4_vs_GSRS3","resource_matched","CB 4-yr cycle vs GS-RS 3-yr cycle",2,8112,0,"peripheral",3.43626178737533,2.56373821262467,13,0.0763985091839929,0.3,4,2,"poolMean",0,0
15,60,7.48210866575305,1.48210866575305,0.0127714735709612,16.7169146458123,0.0123282051754512,14.6182817749665,6.27082772715625,3.24783420964612,45,25260,4560,740,25,"CB","CB_cyc4_vs_GSRS3","resource_matched","CB 4-yr cycle vs GS-RS 3-yr cycle",2,8112,0,"peripheral",3.43626178737533,2.56373821262467,13,0.0763985091839929,0.3,4,2,"poolMean",0,0
