"cycle","year","meanG","gain","varG","varGpct","varGenic","varGenicPct","bridgePoolY","donorPoolY","nElig","nGeno","nPheno","nCross","nBridgeIn","strategy","scenario","axis","level","rep","seed","donorImprove","group","donorMeanObs","donorGapObs","burnInUsed","eliteVarObs","h2","cycleYears","nBridge","bridgeBar","bridgeLag","varGxERatio"
1,3,6.14474058641166,0.144740586411658,0.211560440478067,107.32026986379,0.343648399125407,97.2207478325041,NA,NA,0,1260,260,30,0,"GSRS","GSRS_base","baseline","baseline",1,8011,0,"core",NA,NA,11,0.197129993007451,0.3,3,2,"poolMean",0,0
2,6,6.41182838143337,0.411828381433374,0.246451121459049,125.019596307566,0.268214933506862,75.880046238384,NA,NA,0,2460,460,60,0,"GSRS","GSRS_base","baseline","baseline",1,8011,0,"core",NA,NA,11,0.197129993007451,0.3,3,2,"poolMean",0,0
3,9,7.0590639679047,1.0590639679047,0.259023408628805,131.397259583433,0.224821751213747,63.6037846753866,NA,NA,0,3660,660,90,0,"GSRS","GSRS_base","baseline","baseline",1,8011,0,"core",NA,NA,11,0.197129993007451,0.3,3,2,"poolMean",0,0
4,12,7.96387526074636,1.96387526074636,0.131495634565891,66.7050368945736,0.16774111728787,47.4552388618441,NA,NA,0,4860,860,120,0,"GSRS","GSRS_base","baseline","baseline",1,8011,0,"core",NA,NA,11,0.197129993007451,0.3,3,2,"poolMean",0,0
5,15,8.45732209387274,2.45732209387274,0.15557329180264,78.9191382950839,0.142615833956897,40.3471049634833,NA,NA,0,6060,1060,150,0,"GSRS","GSRS_base","baseline","baseline",1,8011,0,"core",NA,NA,11,0.197129993007451,0.3,3,2,"poolMean",0,0
6,18,9.05918349439476,3.05918349439476,0.0783604862354369,39.7506665728309,0.101893744268034,28.8265158295619,NA,NA,0,7260,1260,180,0,"GSRS","GSRS_base","baseline","baseline",1,8011,0,"core",NA,NA,11,0.197129993007451,0.3,3,2,"poolMean",0,0
7,21,9.36748611363466,3.36748611363466,0.0451876347627629,22.9227597857495,0.0793964340620285,22.4618555313788,NA,NA,0,8460,1460,210,0,"GSRS","GSRS_base","baseline","baseline",1,8011,0,"core",NA,NA,11,0.197129993007451,0.3,3,2,"poolMean",0,0
8,24,9.54189863860498,3.54189863860498,0.0356632519182882,18.091235825763,0.0685681344567859,19.3984471521886,NA,NA,0,9660,1660,240,0,"GSRS","GSRS_base","baseline","baseline",1,8011,0,"core",NA,NA,11,0.197129993007451,0.3,3,2,"poolMean",0,0
9,27,9.66664738900676,3.66664738900676,0.0388134748652294,19.6892792786546,0.0650483993313587,18.4026872943302,NA,NA,0,10860,1860,270,0,"GSRS","GSRS_base","baseline","baseline",1,8011,0,"core",NA,NA,11,0.197129993007451,0.3,3,2,"poolMean",0,0
10,30,9.88202790570512,3.88202790570512,0.0386430514293548,19.6028269670228,0.0486147586334595,13.753485254319,NA,NA,0,12060,2060,300,0,"GSRS","GSRS_base","baseline","baseline",1,8011,0,"core",NA,NA,11,0.197129993007451,0.3,3,2,"poolMean",0,0
11,33,10.2060499482018,4.20604994820176,0.0277806563114288,14.0925568390695,0.0311402112169683,8.80980278063503,NA,NA,0,13260,2260,330,0,"GSRS","GSRS_base","baseline","baseline",1,8011,0,"core",NA,NA,11,0.197129993007451,0.3,3,2,"poolMean",0,0
12,36,10.3150296549844,4.3150296549844,0.0155464432188696,7.88639160469202,0.0213809717041058,6.04883963885485,NA,NA,0,14460,2460,360,0,"GSRS","GSRS_base","baseline","baseline",1,8011,0,"core",NA,NA,11,0.197129993007451,0.3,3,2,"poolMean",0,0
13,39,10.3213776691952,4.32137766919521,0.0120994168786935,6.13778588133777,0.0199274009008009,5.63761339457594,NA,NA,0,15660,2660,390,0,"GSRS","GSRS_base","baseline","baseline",1,8011,0,"core",NA,NA,11,0.197129993007451,0.3,3,2,"poolMean",0,0
14,42,10.2733337880118,4.27333378801177,0.0123451433756129,6.26243789048695,0.0190250690395518,5.38233684282423,NA,NA,0,16860,2860,420,0,"GSRS","GSRS_base","baseline","baseline",1,8011,0,"core",NA,NA,11,0.197129993007451,0.3,3,2,"poolMean",0,0
15,45,10.3608741567884,4.36087415678838,0.0157058096625949,7.96723493111533,0.0126849829724989,3.58867823614937,NA,NA,0,18060,3060,450,0,"GSRS","GSRS_base","baseline","baseline",1,8011,0,"core",NA,NA,11,0.197129993007451,0.3,3,2,"poolMean",0,0
16,48,10.4326397998887,4.43263979988867,0.00934508700618431,4.74057086068636,0.0106738467274815,3.01971248443552,NA,NA,0,19260,3260,480,0,"GSRS","GSRS_base","baseline","baseline",1,8011,0,"core",NA,NA,11,0.197129993007451,0.3,3,2,"poolMean",0,0
17,51,10.5001959177684,4.50019591776837,0.00635017534483018,3.22131363571354,0.00847739922121777,2.3983207663968,NA,NA,0,20460,3460,510,0,"GSRS","GSRS_base","baseline","baseline",1,8011,0,"core",NA,NA,11,0.197129993007451,0.3,3,2,"poolMean",0,0
18,54,10.5320808035833,4.53208080358334,0.00364160840109367,1.84731320969307,0.00361520782687117,1.02276981179847,NA,NA,0,21660,3660,540,0,"GSRS","GSRS_base","baseline","baseline",1,8011,0,"core",NA,NA,11,0.197129993007451,0.3,3,2,"poolMean",0,0
19,57,10.5292634208687,4.52926342086867,0.00194325379883657,0.98577277317872,0.00191558900794359,0.541934711076708,NA,NA,0,22860,3860,570,0,"GSRS","GSRS_base","baseline","baseline",1,8011,0,"core",NA,NA,11,0.197129993007451,0.3,3,2,"poolMean",0,0
20,60,10.4908111139238,4.4908111139238,0.00141790406395526,0.719273633770008,0.00181015112778921,0.512105532228295,NA,NA,0,24060,4060,600,0,"GSRS","GSRS_base","baseline","baseline",1,8011,0,"core",NA,NA,11,0.197129993007451,0.3,3,2,"poolMean",0,0
1,3,6.14474058641166,0.144740586411658,0.211560440478067,107.32026986379,0.343648399125407,97.2207478325041,4.8204814812208,3.13655964519669,0,1460,360,40,0,"CB","CB_base","baseline","2 bridge lines per cycle (as specified)",1,8011,0,"core",3.18121705413845,2.81878294586155,11,0.197129993007451,0.3,3,2,"poolMean",0,0
2,6,6.52469865797663,0.524698657976634,0.239053699991545,121.267036205145,0.303794025011991,85.9456420395952,5.80168186611635,2.98654672349824,15,3160,660,90,2,"CB","CB_base","baseline","2 bridge lines per cycle (as specified)",1,8011,0,"core",3.18121705413845,2.81878294586155,11,0.197129993007451,0.3,3,2,"poolMean",0,0
3,9,7.02305210678682,1.02305210678682,0.25103698680348,127.345911686808,0.274868215024617,77.7623102219861,6.20306619095969,2.8388151719284,51,4860,960,140,4,"CB","CB_base","baseline","2 bridge lines per cycle (as specified)",1,8011,0,"core",3.18121705413845,2.81878294586155,11,0.197129993007451,0.3,3,2,"poolMean",0,0
4,12,7.81178151692638,1.81178151692638,0.235498344233382,119.463477191155,0.243190113660621,68.8003342245432,6.5920457158464,2.79369255203712,87,6560,1260,190,6,"CB","CB_base","baseline","2 bridge lines per cycle (as specified)",1,8011,0,"core",3.18121705413845,2.81878294586155,11,0.197129993007451,0.3,3,2,"poolMean",0,0
5,15,8.34268982122789,2.34268982122789,0.166091577677504,84.254848865756,0.211232499486723,59.7592819256347,6.91204857230102,2.72898604755082,53,8260,1560,240,8,"CB","CB_base","baseline","2 bridge lines per cycle (as specified)",1,8011,0,"core",3.18121705413845,2.81878294586155,11,0.197129993007451,0.3,3,2,"poolMean",0,0
6,18,8.76503604833973,2.76503604833973,0.149452397041333,75.8141339941527,0.180102943128351,50.9524934855974,7.35585421233877,2.68737986580529,59,9960,1860,290,10,"CB","CB_base","baseline","2 bridge lines per cycle (as specified)",1,8011,0,"core",3.18121705413845,2.81878294586155,11,0.197129993007451,0.3,3,2,"poolMean",0,0
7,21,9.19331051012001,3.19331051012001,0.101226495857815,51.3501240037019,0.147627762382947,41.7650176640914,7.41307283919309,2.62698833646546,46,11660,2160,340,12,"CB","CB_base","baseline","2 bridge lines per cycle (as specified)",1,8011,0,"core",3.18121705413845,2.81878294586155,11,0.197129993007451,0.3,3,2,"poolMean",0,0
8,24,9.62068710204539,3.62068710204539,0.0848649919951629,43.0502688608907,0.116352172774845,32.9169153061562,7.77687476867779,2.57212816095316,67,13360,2460,390,14,"CB","CB_base","baseline","2 bridge lines per cycle (as specified)",1,8011,0,"core",3.18121705413845,2.81878294586155,11,0.197129993007451,0.3,3,2,"poolMean",0,0
9,27,10.1028565056174,4.10285650561735,0.0583210691283187,29.5850815183229,0.0909783913180586,25.7384793965301,8.09042707523888,2.55532368316302,68,15060,2760,440,16,"CB","CB_base","baseline","2 bridge lines per cycle (as specified)",1,8011,0,"core",3.18121705413845,2.81878294586155,11,0.197129993007451,0.3,3,2,"poolMean",0,0
10,30,10.4242741976823,4.42427419768227,0.0706256502806139,35.8269430253286,0.0779224333103667,22.0448494992049,8.3346838527957,2.48263806340541,67,16760,3060,490,18,"CB","CB_base","baseline","2 bridge lines per cycle (as specified)",1,8011,0,"core",3.18121705413845,2.81878294586155,11,0.197129993007451,0.3,3,2,"poolMean",0,0
11,33,10.716358454425,4.71635845442496,0.0401857800126715,20.3854215178471,0.0498057740194198,14.0904325725599,8.31899689143958,2.47753228331474,13,18460,3360,540,19,"CB","CB_base","baseline","2 bridge lines per cycle (as specified)",1,8011,0,"core",3.18121705413845,2.81878294586155,11,0.197129993007451,0.3,3,2,"poolMean",0,0
12,36,10.9064112398191,4.90641123981908,0.0327592356006504,16.6180879433258,0.0436704952277609,12.3547155030085,8.38756370892094,2.4504751017792,55,20160,3660,590,21,"CB","CB_base","baseline","2 bridge lines per cycle (as specified)",1,8011,0,"core",3.18121705413845,2.81878294586155,11,0.197129993007451,0.3,3,2,"poolMean",0,0
13,39,11.0383842294099,5.03838422940992,0.0595061303916525,30.1862387776796,0.037177474826231,10.5177906090325,8.5643145511432,2.48543021139986,32,21860,3960,640,23,"CB","CB_base","baseline","2 bridge lines per cycle (as specified)",1,8011,0,"core",3.18121705413845,2.81878294586155,11,0.197129993007451,0.3,3,2,"poolMean",0,0
14,42,11.2492905331065,5.24929053310652,0.0192236897996556,9.75178333158512,0.0314348087570258,8.89314666708088,8.69896379052182,2.49414462622554,0,23560,4260,690,25,"CB","CB_base","baseline","2 bridge lines per cycle (as specified)",1,8011,0,"core",3.18121705413845,2.81878294586155,11,0.197129993007451,0.3,3,2,"poolMean",0,0
15,45,11.3596241830781,5.35962418307811,0.0201524165978946,10.2229073772315,0.0261284992992192,7.39195133187321,8.8363809130381,2.50835142620835,8,25260,4560,740,27,"CB","CB_base","baseline","2 bridge lines per cycle (as specified)",1,8011,0,"core",3.18121705413845,2.81878294586155,11,0.197129993007451,0.3,3,2,"poolMean",0,0
16,48,11.4034334696575,5.4034334696575,0.0203086986772851,10.3021860689243,0.025559988983335,7.23111543622691,8.8066031346516,2.5525183281152,29,26960,4860,790,29,"CB","CB_base","baseline","2 bridge lines per cycle (as specified)",1,8011,0,"core",3.18121705413845,2.81878294586155,11,0.197129993007451,0.3,3,2,"poolMean",0,0
17,51,11.5142310371625,5.51423103716253,0.0173110639978672,8.78154751276882,0.0256283847741227,7.25046512604328,9.14775117011758,2.59014184926116,70,28660,5160,840,31,"CB","CB_base","baseline","2 bridge lines per cycle (as specified)",1,8011,0,"core",3.18121705413845,2.81878294586155,11,0.197129993007451,0.3,3,2,"poolMean",0,0
18,54,11.577307464624,5.57730746462398,0.0165824142546629,8.41191845121004,0.0240630844153935,6.80762974009229,8.89067241676342,2.64571218364505,40,30360,5460,890,33,"CB","CB_base","baseline","2 bridge lines per cycle (as specified)",1,8011,0,"core",3.18121705413845,2.81878294586155,11,0.197129993007451,0.3,3,2,"poolMean",0,0
19,57,11.7015081790084,5.70150817900839,0.0198338703133115,10.0613153841901,0.0225372095330791,6.37594812151069,8.99348109271471,2.70460320653315,21,32060,5760,940,34,"CB","CB_base","baseline","2 bridge lines per cycle (as specified)",1,8011,0,"core",3.18121705413845,2.81878294586155,11,0.197129993007451,0.3,3,2,"poolMean",0,0
20,60,11.8702606303184,5.87026063031842,0.0121655441149216,6.17133087122961,0.0134681633539513,3.8102459273312,9.16900103424455,2.58053735227263,17,33760,6060,990,35,"CB","CB_base","baseline","2 bridge lines per cycle (as specified)",1,8011,0,"core",3.18121705413845,2.81878294586155,11,0.197129993007451,0.3,3,2,"poolMean",0,0
1,3,6.14474058641166,0.144740586411658,0.211560440478067,107.32026986379,0.343648399125407,97.2207478325041,4.91209624782699,3.336781622342,0,1460,360,40,0,"CB","CB_nB1","inflow_rate","1 bridge line per cycle",1,8011,0,"core",3.29609421332612,2.70390578667388,11,0.197129993007451,0.3,3,1,"poolMean",0,0
2,6,6.46288720818754,0.462887208187537,0.281652067079042,142.876313635539,0.300877261754599,85.120467512795,5.84597750692697,3.42075870117186,18,3160,660,90,1,"CB","CB_nB1","inflow_rate","1 bridge line per cycle",1,8011,0,"core",3.29609421332612,2.70390578667388,11,0.197129993007451,0.3,3,1,"poolMean",0,0
3,9,7.04095292913382,1.04095292913382,0.155771919456957,79.0198980279315,0.247190282813703,69.9320125257047,6.24441202458479,3.3265062912347,21,4860,960,140,2,"CB","CB_nB1","inflow_rate","1 bridge line per cycle",1,8011,0,"core",3.29609421332612,2.70390578667388,11,0.197129993007451,0.3,3,1,"poolMean",0,0
4,12,7.30065609584648,1.30065609584648,0.136665916646974,69.3278148910645,0.22058202305856,62.4043333090981,6.38451112154612,3.51770645142367,68,6560,1260,190,3,"CB","CB_nB1","inflow_rate","1 bridge line per cycle",1,8011,0,"core",3.29609421332612,2.70390578667388,11,0.197129993007451,0.3,3,1,"poolMean",0,0
5,15,7.62122011256516,1.62122011256516,0.158189681950592,80.2463793242325,0.206179694017297,58.3298047983151,6.79088766483121,3.48949999417987,70,8260,1560,240,4,"CB","CB_nB1","inflow_rate","1 bridge line per cycle",1,8011,0,"core",3.29609421332612,2.70390578667388,11,0.197129993007451,0.3,3,1,"poolMean",0,0
6,18,8.18975134031225,2.18975134031225,0.11110908053711,56.3633564035635,0.175700104117272,49.7068968166396,7.25782205218349,3.47686071633857,109,9960,1860,290,5,"CB","CB_nB1","inflow_rate","1 bridge line per cycle",1,8011,0,"core",3.29609421332612,2.70390578667388,11,0.197129993007451,0.3,3,1,"poolMean",0,0
7,21,8.62334382833447,2.62334382833447,0.102640387372559,52.0673621536017,0.15733674630531,44.511763116793,7.52341400343663,3.55503631492745,69,11660,2160,340,6,"CB","CB_nB1","inflow_rate","1 bridge line per cycle",1,8011,0,"core",3.29609421332612,2.70390578667388,11,0.197129993007451,0.3,3,1,"poolMean",0,0
8,24,9.04405307162955,3.04405307162955,0.12470428262533,63.2599234255625,0.134361457051858,38.0118789078936,7.60002588530091,3.62136658736337,81,13360,2460,390,7,"CB","CB_nB1","inflow_rate","1 bridge line per cycle",1,8011,0,"core",3.29609421332612,2.70390578667388,11,0.197129993007451,0.3,3,1,"poolMean",0,0
9,27,9.39022357209136,3.39022357209136,0.125570595453574,63.6993861450741,0.117843821060502,33.3389139600236,7.96797101672631,3.56147612566676,93,15060,2760,440,8,"CB","CB_nB1","inflow_rate","1 bridge line per cycle",1,8011,0,"core",3.29609421332612,2.70390578667388,11,0.197129993007451,0.3,3,1,"poolMean",0,0
10,30,9.88968029438454,3.88968029438454,0.0950511530288823,48.2174993154336,0.102414206810777,28.9737586444655,8.3411316144562,3.55843969305345,98,16760,3060,490,9,"CB","CB_nB1","inflow_rate","1 bridge line per cycle",1,8011,0,"core",3.29609421332612,2.70390578667388,11,0.197129993007451,0.3,3,1,"poolMean",0,0
11,33,10.3028170148881,4.30281701488806,0.0673664849683332,34.1736353461884,0.0724504065568524,20.4967714796649,8.48856504581337,3.53250275487461,8,18460,3360,540,10,"CB","CB_nB1","inflow_rate","1 bridge line per cycle",1,8011,0,"core",3.29609421332612,2.70390578667388,11,0.197129993007451,0.3,3,1,"poolMean",0,0
12,36,10.543106474853,4.54310647485304,0.0574993057422372,29.1682178165875,0.0531538341197844,15.0376242591035,8.52223147718544,3.44621275121564,24,20160,3660,590,11,"CB","CB_nB1","inflow_rate","1 bridge line per cycle",1,8011,0,"core",3.29609421332612,2.70390578667388,11,0.197129993007451,0.3,3,1,"poolMean",0,0
13,39,10.4511257612134,4.45112576121342,0.0441080635210447,22.3751154495184,0.0480352094874501,13.5895263896069,8.6613584931121,3.35647389633663,30,21860,3960,640,12,"CB","CB_nB1","inflow_rate","1 bridge line per cycle",1,8011,0,"core",3.29609421332612,2.70390578667388,11,0.197129993007451,0.3,3,1,"poolMean",0,0
14,42,10.6086117588374,4.60861175883738,0.0354497871825172,17.9829495459766,0.0493018122757086,13.9478579593003,8.56968711597622,3.49976720152719,6,23560,4260,690,13,"CB","CB_nB1","inflow_rate","1 bridge line per cycle",1,8011,0,"core",3.29609421332612,2.70390578667388,11,0.197129993007451,0.3,3,1,"poolMean",0,0
15,45,10.6544442516545,4.65444425165454,0.0357341977516557,18.1272251910976,0.0538434182422977,15.2327128562126,8.58493075136231,3.4967847574057,30,25260,4560,740,14,"CB","CB_nB1","inflow_rate","1 bridge line per cycle",1,8011,0,"core",3.29609421332612,2.70390578667388,11,0.197129993007451,0.3,3,1,"poolMean",0,0
16,48,10.8835539960126,4.88355399601258,0.0397405965236979,20.1595890698356,0.0479100248242921,13.5541106955419,8.82838700971289,3.64652783192988,58,26960,4860,790,15,"CB","CB_nB1","inflow_rate","1 bridge line per cycle",1,8011,0,"core",3.29609421332612,2.70390578667388,11,0.197129993007451,0.3,3,1,"poolMean",0,0
17,51,11.1466019039547,5.14660190395467,0.0451307020650961,22.8938789965818,0.046903424672376,13.2693358507102,9.42220478907866,3.59562744740136,65,28660,5160,840,16,"CB","CB_nB1","inflow_rate","1 bridge line per cycle",1,8011,0,"core",3.29609421332612,2.70390578667388,11,0.197129993007451,0.3,3,1,"poolMean",0,0
18,54,11.5334198001135,5.5334198001135,0.0252169406944473,12.7920365185089,0.0305431507459507,8.64088982878864,9.19907218408334,3.64083548468902,30,30360,5460,890,17,"CB","CB_nB1","inflow_rate","1 bridge line per cycle",1,8011,0,"core",3.29609421332612,2.70390578667388,11,0.197129993007451,0.3,3,1,"poolMean",0,0
19,57,11.6774426715385,5.67744267153853,0.0204449823261245,10.3713199672014,0.0274508659002042,7.7660589086397,9.29519368257783,3.68671947802834,19,32060,5760,940,18,"CB","CB_nB1","inflow_rate","1 bridge line per cycle",1,8011,0,"core",3.29609421332612,2.70390578667388,11,0.197129993007451,0.3,3,1,"poolMean",0,0
20,60,11.7373344301856,5.73733443018558,0.0246007342777572,12.4794476489568,0.0383285138300342,10.8434283044763,9.53453892930201,3.57702988799448,18,33760,6060,990,19,"CB","CB_nB1","inflow_rate","1 bridge line per cycle",1,8011,0,"core",3.29609421332612,2.70390578667388,11,0.197129993007451,0.3,3,1,"poolMean",0,0
1,3,6.14474058641166,0.144740586411658,0.211560440478067,107.32026986379,0.343648399125407,97.2207478325041,4.91209624782699,3.336781622342,0,1460,360,40,0,"CB","CB_nB4","inflow_rate","4 bridge lines per cycle",1,8011,0,"core",3.29609421332612,2.70390578667388,11,0.197129993007451,0.3,3,4,"poolMean",0,0
2,6,6.46288720818754,0.462887208187537,0.281652067079042,142.876313635539,0.300877261754599,85.120467512795,5.84597750692697,3.42075870117186,18,3160,660,90,4,"CB","CB_nB4","inflow_rate","4 bridge lines per cycle",1,8011,0,"core",3.29609421332612,2.70390578667388,11,0.197129993007451,0.3,3,4,"poolMean",0,0
3,9,6.92086388334467,0.920863883344667,0.204419130722249,103.697629976846,0.269986873849002,76.3813416485063,6.154710177102,3.3265062912347,38,4860,960,140,8,"CB","CB_nB4","inflow_rate","4 bridge lines per cycle",1,8011,0,"core",3.29609421332612,2.70390578667388,11,0.197129993007451,0.3,3,4,"poolMean",0,0
4,12,7.30803159003802,1.30803159003802,0.185587477921063,94.1447189692986,0.227530771538988,64.3701871454217,6.63105179801799,3.51770645142367,113,6560,1260,190,12,"CB","CB_nB4","inflow_rate","4 bridge lines per cycle",1,8011,0,"core",3.29609421332612,2.70390578667388,11,0.197129993007451,0.3,3,4,"poolMean",0,0
5,15,7.95012590696684,1.95012590696684,0.144276754802245,73.1886368995057,0.181268710401752,51.2822979206161,7.10241426744358,3.48949999417987,57,8260,1560,240,16,"CB","CB_nB4","inflow_rate","4 bridge lines per cycle",1,8011,0,"core",3.29609421332612,2.70390578667388,11,0.197129993007451,0.3,3,4,"poolMean",0,0
6,18,8.5082639724061,2.5082639724061,0.137834484138784,69.9206051986082,0.158067821274619,44.7185897902729,7.47563662717237,3.47686071633857,106,9960,1860,290,20,"CB","CB_nB4","inflow_rate","4 bridge lines per cycle",1,8011,0,"core",3.29609421332612,2.70390578667388,11,0.197129993007451,0.3,3,4,"poolMean",0,0
7,21,8.97514234685076,2.97514234685076,0.0778805364926255,39.5071979177119,0.1267271658933,35.8520798298388,7.51278871998849,3.55503631492745,44,11660,2160,340,23,"CB","CB_nB4","inflow_rate","4 bridge lines per cycle",1,8011,0,"core",3.29609421332612,2.70390578667388,11,0.197129993007451,0.3,3,4,"poolMean",0,0
8,24,9.3422039624836,3.3422039624836,0.0851593685731311,43.199600057771,0.0921070067733095,26.057773299409,7.75266914607305,3.62136658736337,52,13360,2460,390,27,"CB","CB_nB4","inflow_rate","4 bridge lines per cycle",1,8011,0,"core",3.29609421332612,2.70390578667388,11,0.197129993007451,0.3,3,4,"poolMean",0,0
9,27,9.6337746493096,3.6337746493096,0.0538588085828776,27.3214683170215,0.0770540813613689,21.7991861232711,7.86718238470278,3.56147612566676,51,15060,2760,440,31,"CB","CB_nB4","inflow_rate","4 bridge lines per cycle",1,8011,0,"core",3.29609421332612,2.70390578667388,11,0.197129993007451,0.3,3,4,"poolMean",0,0
10,30,9.7162915238959,3.7162915238959,0.0414367221667435,21.0199988010841,0.0678685411737053,19.2005268873691,8.16800861909296,3.55843969305345,85,16760,3060,490,35,"CB","CB_nB4","inflow_rate","4 bridge lines per cycle",1,8011,0,"core",3.29609421332612,2.70390578667388,11,0.197129993007451,0.3,3,4,"poolMean",0,0
11,33,9.72822720757384,3.72822720757384,0.0361387902726442,18.332466674048,0.0653382146341524,18.4846782494536,8.01731495827067,3.53250275487461,10,18460,3360,540,37,"CB","CB_nB4","inflow_rate","4 bridge lines per cycle",1,8011,0,"core",3.29609421332612,2.70390578667388,11,0.197129993007451,0.3,3,4,"poolMean",0,0
12,36,9.92905418369592,3.92905418369592,0.0357754653681691,18.1481594060711,0.0527400452856991,14.9205602483387,8.2152608383671,3.44621275121564,20,20160,3660,590,41,"CB","CB_nB4","inflow_rate","4 bridge lines per cycle",1,8011,0,"core",3.29609421332612,2.70390578667388,11,0.197129993007451,0.3,3,4,"poolMean",0,0
13,39,10.0221400536555,4.02214005365548,0.0387955974559643,19.6802104358102,0.049830915292172,14.0975452299872,8.2071200722885,3.35647389633663,31,21860,3960,640,44,"CB","CB_nB4","inflow_rate","4 bridge lines per cycle",1,8011,0,"core",3.29609421332612,2.70390578667388,11,0.197129993007451,0.3,3,4,"poolMean",0,0
14,42,10.1794575995913,4.17945759959125,0.0502438747007792,25.4876865434069,0.0552424885907685,15.6285205069824,8.19764291230444,3.49976720152719,4,23560,4260,690,46,"CB","CB_nB4","inflow_rate","4 bridge lines per cycle",1,8011,0,"core",3.29609421332612,2.70390578667388,11,0.197129993007451,0.3,3,4,"poolMean",0,0
15,45,10.5152195047494,4.51521950474943,0.0470326838402327,23.8587153191117,0.0581198066581303,16.4425356892816,8.50829400144934,3.4967847574057,6,25260,4560,740,48,"CB","CB_nB4","inflow_rate","4 bridge lines per cycle",1,8011,0,"core",3.29609421332612,2.70390578667388,11,0.197129993007451,0.3,3,4,"poolMean",0,0
16,48,10.7565541548276,4.75655415482761,0.0264371206043398,13.4110087465688,0.0430897194405083,12.190409612152,8.61311408710471,3.64652783192988,29,26960,4860,790,51,"CB","CB_nB4","inflow_rate","4 bridge lines per cycle",1,8011,0,"core",3.29609421332612,2.70390578667388,11,0.197129993007451,0.3,3,4,"poolMean",0,0
17,51,10.7751563733848,4.77515637338485,0.0330461206558233,16.7636188444313,0.0473932903999571,13.407922593713,9.01409351017728,3.59562744740136,75,28660,5160,840,55,"CB","CB_nB4","inflow_rate","4 bridge lines per cycle",1,8011,0,"core",3.29609421332612,2.70390578667388,11,0.197129993007451,0.3,3,4,"poolMean",0,0
18,54,11.0094853537478,5.00948535374776,0.0165523913188088,8.39668843197447,0.0316147466967577,8.9440524798497,8.6975081252961,3.64083548468902,35,30360,5460,890,57,"CB","CB_nB4","inflow_rate","4 bridge lines per cycle",1,8011,0,"core",3.29609421332612,2.70390578667388,11,0.197129993007451,0.3,3,4,"poolMean",0,0
19,57,11.0713678130896,5.07136781308962,0.0185618945961104,9.41606820602321,0.0349015100816386,9.87390285901588,8.87178855617391,3.68671947802834,22,32060,5760,940,58,"CB","CB_nB4","inflow_rate","4 bridge lines per cycle",1,8011,0,"core",3.29609421332612,2.70390578667388,11,0.197129993007451,0.3,3,4,"poolMean",0,0
20,60,11.1350116607147,5.13501166071472,0.00633468177874525,3.21345406759376,0.0213630461687146,6.04376836845037,8.98260908544859,3.57702988799448,1,33760,6060,990,59,"CB","CB_nB4","inflow_rate","4 bridge lines per cycle",1,8011,0,"core",3.29609421332612,2.70390578667388,11,0.197129993007451,0.3,3,4,"poolMean",0,0
1,3,6.14474058641166,0.144740586411658,0.211560440478067,107.32026986379,0.343648399125407,97.2207478325041,4.91209624782699,3.336781622342,0,1460,360,40,0,"CB","CB_nB8","inflow_rate","8 bridge lines per cycle",1,8011,0,"core",3.29609421332612,2.70390578667388,11,0.197129993007451,0.3,3,8,"poolMean",0,0
2,6,6.46288720818754,0.462887208187537,0.281652067079042,142.876313635539,0.300877261754599,85.120467512795,5.84597750692697,3.42075870117186,18,3160,660,90,6,"CB","CB_nB8","inflow_rate","8 bridge lines per cycle",1,8011,0,"core",3.29609421332612,2.70390578667388,11,0.197129993007451,0.3,3,8,"poolMean",0,0
3,9,6.92267835375968,0.922678353759675,0.248040332175559,125.825770290665,0.278404541275376,78.7627638354862,6.27918560392063,3.3265062912347,66,4860,960,140,12,"CB","CB_nB8","inflow_rate","8 bridge lines per cycle",1,8011,0,"core",3.29609421332612,2.70390578667388,11,0.197129993007451,0.3,3,8,"poolMean",0,0
4,12,7.53159473810542,1.53159473810542,0.213082594996949,108.092427613942,0.258131522418908,73.0273724905405,6.693431414436,3.51770645142367,130,6560,1260,190,20,"CB","CB_nB8","inflow_rate","8 bridge lines per cycle",1,8011,0,"core",3.29609421332612,2.70390578667388,11,0.197129993007451,0.3,3,8,"poolMean",0,0
5,15,7.86678910903367,1.86678910903367,0.291248834832545,147.74455697441,0.243208546695754,68.8055490704876,7.26028574420662,3.48949999417987,98,8260,1560,240,28,"CB","CB_nB8","inflow_rate","8 bridge lines per cycle",1,8011,0,"core",3.29609421332612,2.70390578667388,11,0.197129993007451,0.3,3,8,"poolMean",0,0
6,18,8.56587280644842,2.56587280644842,0.317775770609125,161.201127114692,0.242197096101846,68.5194019986968,7.7913718141032,3.47686071633857,189,9960,1860,290,36,"CB","CB_nB8","inflow_rate","8 bridge lines per cycle",1,8011,0,"core",3.29609421332612,2.70390578667388,11,0.197129993007451,0.3,3,8,"poolMean",0,0
7,21,9.27844115983563,3.27844115983563,0.15806795781971,80.1846311706283,0.199253634032644,56.3703697101424,8.100812029153,3.55503631492745,75,11660,2160,340,40,"CB","CB_nB8","inflow_rate","8 bridge lines per cycle",1,8011,0,"core",3.29609421332612,2.70390578667388,11,0.197129993007451,0.3,3,8,"poolMean",0,0
8,24,9.96121959119196,3.96121959119196,0.150166416767819,76.1763415484639,0.185086417231284,52.3623562416121,8.22170936998488,3.62136658736337,72,13360,2460,390,45,"CB","CB_nB8","inflow_rate","8 bridge lines per cycle",1,8011,0,"core",3.29609421332612,2.70390578667388,11,0.197129993007451,0.3,3,8,"poolMean",0,0
9,27,10.2077880817099,4.20778808170992,0.300307603201523,152.339884266202,0.175535578297162,49.660351209823,8.67696844317657,3.56147612566676,93,15060,2760,440,51,"CB","CB_nB8","inflow_rate","8 bridge lines per cycle",1,8011,0,"core",3.29609421332612,2.70390578667388,11,0.197129993007451,0.3,3,8,"poolMean",0,0
10,30,10.6959147125153,4.6959147125153,0.196721792831469,99.7929284277064,0.163875329725195,46.3615781354697,9.09920561283466,3.55843969305345,126,16760,3060,490,58,"CB","CB_nB8","inflow_rate","8 bridge lines per cycle",1,8011,0,"core",3.29609421332612,2.70390578667388,11,0.197129993007451,0.3,3,8,"poolMean",0,0
11,33,11.2238589776538,5.22385897765375,0.0930038277928772,47.1789332379075,0.127819052429299,36.160982841895,9.28555876150743,3.53250275487461,19,18460,3360,540,61,"CB","CB_nB8","inflow_rate","8 bridge lines per cycle",1,8011,0,"core",3.29609421332612,2.70390578667388,11,0.197129993007451,0.3,3,8,"poolMean",0,0
12,36,11.6146222854408,5.61462228544084,0.0785432302110175,39.8433688414165,0.0995323428467463,28.158457393397,9.58481627915422,3.44621275121564,84,20160,3660,590,66,"CB","CB_nB8","inflow_rate","8 bridge lines per cycle",1,8011,0,"core",3.29609421332612,2.70390578667388,11,0.197129993007451,0.3,3,8,"poolMean",0,0
13,39,11.9682008089608,5.96820080896081,0.0703228440343361,35.6733356307063,0.0766191014908723,21.6761270070075,9.73687390374491,3.35647389633663,33,21860,3960,640,69,"CB","CB_nB8","inflow_rate","8 bridge lines per cycle",1,8011,0,"core",3.29609421332612,2.70390578667388,11,0.197129993007451,0.3,3,8,"poolMean",0,0
14,42,12.1411344439825,6.14113444398249,0.0503974711295645,25.565602859662,0.0679883881422644,19.2344325070037,9.66590365042482,3.49976720152719,12,23560,4260,690,73,"CB","CB_nB8","inflow_rate","8 bridge lines per cycle",1,8011,0,"core",3.29609421332612,2.70390578667388,11,0.197129993007451,0.3,3,8,"poolMean",0,0
15,45,12.3588000639194,6.35880006391942,0.0547327107835087,27.7647809693981,0.063365445829671,17.9265669387056,9.83129928156136,3.4967847574057,32,25260,4560,740,76,"CB","CB_nB8","inflow_rate","8 bridge lines per cycle",1,8011,0,"core",3.29609421332612,2.70390578667388,11,0.197129993007451,0.3,3,8,"poolMean",0,0
16,48,12.6500945276009,6.65009452760092,0.0441355387772205,22.3890530831359,0.0548055871417728,15.5049177615351,10.0157573875073,3.64652783192988,58,26960,4860,790,79,"CB","CB_nB8","inflow_rate","8 bridge lines per cycle",1,8011,0,"core",3.29609421332612,2.70390578667388,11,0.197129993007451,0.3,3,8,"poolMean",0,0
17,51,12.7792378945215,6.77923789452145,0.0331751650823745,16.8290804338031,0.0455157890330675,12.876763166199,10.3865027516835,3.59562744740136,76,28660,5160,840,85,"CB","CB_nB8","inflow_rate","8 bridge lines per cycle",1,8011,0,"core",3.29609421332612,2.70390578667388,11,0.197129993007451,0.3,3,8,"poolMean",0,0
18,54,12.8982449808232,6.89824498082324,0.0410049943393244,20.8009921340455,0.0474619722285947,13.4273532058144,10.1929898456284,3.64083548468902,46,30360,5460,890,87,"CB","CB_nB8","inflow_rate","8 bridge lines per cycle",1,8011,0,"core",3.29609421332612,2.70390578667388,11,0.197129993007451,0.3,3,8,"poolMean",0,0
19,57,13.0502081469232,7.05020814692323,0.0320895803089393,16.2783855563401,0.0455831700582306,12.8958257710962,10.1864879268199,3.68671947802834,28,32060,5760,940,88,"CB","CB_nB8","inflow_rate","8 bridge lines per cycle",1,8011,0,"core",3.29609421332612,2.70390578667388,11,0.197129993007451,0.3,3,8,"poolMean",0,0
20,60,13.1499158673141,7.1499158673141,0.0339926606498259,17.2437791587305,0.0398708159629205,11.2797573172826,10.4862159049436,3.57702988799448,29,33760,6060,990,91,"CB","CB_nB8","inflow_rate","8 bridge lines per cycle",1,8011,0,"core",3.29609421332612,2.70390578667388,11,0.197129993007451,0.3,3,8,"poolMean",0,0
1,3,6.14474058641166,0.144740586411658,0.211560440478067,107.32026986379,0.343648399125407,97.2207478325041,6.31098870475169,3.36806683745607,224,1760,360,50,2,"CB","CB_noRecurrent","mechanism","bridge pool rebuilt each cycle (not recurrent)",1,8011,0,"core",3.29609421332612,2.70390578667388,11,0.197129993007451,0.3,3,2,"poolMean",0,0
2,6,6.61981830918138,0.61981830918138,0.249636952740731,126.635703137926,0.278115566436403,78.681010653975,7.37177215100319,3.45614863455236,276,3460,660,100,4,"CB","CB_noRecurrent","mechanism","bridge pool rebuilt each cycle (not recurrent)",1,8011,0,"core",3.29609421332612,2.70390578667388,11,0.197129993007451,0.3,3,2,"poolMean",0,0
3,9,7.37790424613643,1.37790424613643,0.183570545738816,93.121570664225,0.231992556258507,65.6324600039691,7.40203152234249,3.45960310139353,33,5160,960,150,6,"CB","CB_noRecurrent","mechanism","bridge pool rebuilt each cycle (not recurrent)",1,8011,0,"core",3.29609421332612,2.70390578667388,11,0.197129993007451,0.3,3,2,"poolMean",0,0
4,12,7.90228151059436,1.90228151059436,0.139276989110394,70.6523583679777,0.186044832844934,52.6334993138063,8.08474133307164,3.52175352258941,36,6860,1260,200,8,"CB","CB_noRecurrent","mechanism","bridge pool rebuilt each cycle (not recurrent)",1,8011,0,"core",3.29609421332612,2.70390578667388,11,0.197129993007451,0.3,3,2,"poolMean",0,0
5,15,8.40890254545611,2.40890254545611,0.124032502195543,62.9191429996423,0.166359850031905,47.0644678414544,8.46333099923857,3.5657710148839,24,8560,1560,250,10,"CB","CB_noRecurrent","mechanism","bridge pool rebuilt each cycle (not recurrent)",1,8011,0,"core",3.29609421332612,2.70390578667388,11,0.197129993007451,0.3,3,2,"poolMean",0,0
6,18,8.85029330287975,2.85029330287975,0.128896196345181,65.3863952302321,0.131834144402934,37.2968829225776,8.88038660377756,3.45227210755295,16,10260,1860,300,12,"CB","CB_noRecurrent","mechanism","bridge pool rebuilt each cycle (not recurrent)",1,8011,0,"core",3.29609421332612,2.70390578667388,11,0.197129993007451,0.3,3,2,"poolMean",0,0
7,21,9.32624771213529,3.32624771213529,0.0679433109978914,34.466247353503,0.104659581648588,29.6089922770149,8.67692426377011,3.39789062729216,1,11960,2160,350,13,"CB","CB_noRecurrent","mechanism","bridge pool rebuilt each cycle (not recurrent)",1,8011,0,"core",3.29609421332612,2.70390578667388,11,0.197129993007451,0.3,3,2,"poolMean",0,0
8,24,9.39635047914457,3.39635047914457,0.0692932924946443,35.1510652628213,0.0874384945750945,24.7370156636081,9.04097079287536,3.42480951854679,3,13660,2460,400,15,"CB","CB_noRecurrent","mechanism","bridge pool rebuilt each cycle (not recurrent)",1,8011,0,"core",3.29609421332612,2.70390578667388,11,0.197129993007451,0.3,3,2,"poolMean",0,0
9,27,9.91551463737687,3.91551463737687,0.0525636546692319,26.6644633154555,0.088716298129737,25.0985160153675,9.40378942204287,3.32954721726743,0,15360,2760,450,17,"CB","CB_noRecurrent","mechanism","bridge pool rebuilt each cycle (not recurrent)",1,8011,0,"core",3.29609421332612,2.70390578667388,11,0.197129993007451,0.3,3,2,"poolMean",0,0
10,30,10.1711012916014,4.17110129160143,0.0606619174839318,30.7725458508177,0.0982597103878354,27.7984199839805,9.68061473958069,3.22870583050028,1,17060,3060,500,18,"CB","CB_noRecurrent","mechanism","bridge pool rebuilt each cycle (not recurrent)",1,8011,0,"core",3.29609421332612,2.70390578667388,11,0.197129993007451,0.3,3,2,"poolMean",0,0
11,33,10.4242576967644,4.42425769676444,0.0495064308427843,25.1135964078855,0.0847796087897431,23.9847966365125,9.79406214507088,3.34486011206244,0,18760,3360,550,19,"CB","CB_noRecurrent","mechanism","bridge pool rebuilt each cycle (not recurrent)",1,8011,0,"core",3.29609421332612,2.70390578667388,11,0.197129993007451,0.3,3,2,"poolMean",0,0
12,36,10.6633516383528,4.66335163835284,0.0756318411108107,38.3664808976845,0.0841292313203893,23.8007999000082,9.99312121754739,3.38765420020672,0,20460,3660,600,20,"CB","CB_noRecurrent","mechanism","bridge pool rebuilt each cycle (not recurrent)",1,8011,0,"core",3.29609421332612,2.70390578667388,11,0.197129993007451,0.3,3,2,"poolMean",0,0
13,39,10.8067757203692,4.8067757203692,0.0733542308495515,37.211095952699,0.0727248036760542,20.5744005132928,10.0892052456549,3.4247337036639,0,22160,3960,650,21,"CB","CB_noRecurrent","mechanism","bridge pool rebuilt each cycle (not recurrent)",1,8011,0,"core",3.29609421332612,2.70390578667388,11,0.197129993007451,0.3,3,2,"poolMean",0,0
14,42,10.8269339334136,4.82693393341359,0.0966425924010025,49.0248038497873,0.066341039647713,18.7683850789096,10.1320625642866,3.35309641754999,0,23860,4260,700,22,"CB","CB_noRecurrent","mechanism","bridge pool rebuilt each cycle (not recurrent)",1,8011,0,"core",3.29609421332612,2.70390578667388,11,0.197129993007451,0.3,3,2,"poolMean",0,0
15,45,11.1453516779833,5.14535167798327,0.0780207883975303,39.5783448308554,0.0561610496096456,15.8883884109572,10.4137395819362,3.35713122487854,0,25560,4560,750,23,"CB","CB_noRecurrent","mechanism","bridge pool rebuilt each cycle (not recurrent)",1,8011,0,"core",3.29609421332612,2.70390578667388,11,0.197129993007451,0.3,3,2,"poolMean",0,0
16,48,11.2791004236625,5.27910042366246,0.0902013626181693,45.7573001662714,0.042978528599484,12.1589528768841,10.4491981755302,3.4680811844194,0,27260,4860,800,24,"CB","CB_noRecurrent","mechanism","bridge pool rebuilt each cycle (not recurrent)",1,8011,0,"core",3.29609421332612,2.70390578667388,11,0.197129993007451,0.3,3,2,"poolMean",0,0
17,51,11.3798863826849,5.37988638268486,0.0964694399555066,48.9369671675786,0.0297579407619887,8.41874794760829,10.3656067865113,3.4381132132816,0,28960,5160,850,25,"CB","CB_noRecurrent","mechanism","bridge pool rebuilt each cycle (not recurrent)",1,8011,0,"core",3.29609421332612,2.70390578667388,11,0.197129993007451,0.3,3,2,"poolMean",0,0
18,54,11.4101748107082,5.41017481070819,0.0819125337583341,41.552547386961,0.0233029383404303,6.59257862954457,10.464543855987,3.54744503561764,0,30660,5460,900,26,"CB","CB_noRecurrent","mechanism","bridge pool rebuilt each cycle (not recurrent)",1,8011,0,"core",3.29609421332612,2.70390578667388,11,0.197129993007451,0.3,3,2,"poolMean",0,0
19,57,11.4586445212619,5.45864452126187,0.0339036847988775,17.1986435354847,0.012224411468486,3.45837905197034,10.4467754960126,3.44411673949314,0,32360,5760,950,27,"CB","CB_noRecurrent","mechanism","bridge pool rebuilt each cycle (not recurrent)",1,8011,0,"core",3.29609421332612,2.70390578667388,11,0.197129993007451,0.3,3,2,"poolMean",0,0
20,60,11.4797317256352,5.47973172563517,0.031762915525766,16.1126752155698,0.00971459408058558,2.74833260916512,10.6110814861109,3.3716901183317,0,34060,6060,1000,28,"CB","CB_noRecurrent","mechanism","bridge pool rebuilt each cycle (not recurrent)",1,8011,0,"core",3.29609421332612,2.70390578667388,11,0.197129993007451,0.3,3,2,"poolMean",0,0
1,3,6.14474058641166,0.144740586411658,0.211560440478067,107.32026986379,0.343648399125407,97.2207478325041,5.13706972173414,3.17760079898197,0,1460,360,40,0,"CB","CB_noWithinFam","mechanism","bridge pool selected across families",1,8011,0,"core",3.30654035517228,2.69345964482772,11,0.197129993007451,0.3,3,2,"poolMean",0,0
2,6,6.40031543275747,0.40031543275747,0.19014988950289,96.4591367360838,0.29736614049808,84.1271445840163,6.29515227472756,3.09242727091573,11,3160,660,90,2,"CB","CB_noWithinFam","mechanism","bridge pool selected across families",1,8011,0,"core",3.30654035517228,2.69345964482772,11,0.197129993007451,0.3,3,2,"poolMean",0,0
3,9,6.88993337078679,0.889933370786789,0.20327148870625,103.115454733754,0.268648465939635,76.0026958634981,7.09453523213986,2.98993712439062,153,4860,960,140,4,"CB","CB_noWithinFam","mechanism","bridge pool selected across families",1,8011,0,"core",3.30654035517228,2.69345964482772,11,0.197129993007451,0.3,3,2,"poolMean",0,0
4,12,7.47711103877026,1.47711103877026,0.155325651764432,78.7935155857085,0.241359053919147,68.2823134863553,7.77450898901391,2.90001550158913,218,6560,1260,190,6,"CB","CB_noWithinFam","mechanism","bridge pool selected across families",1,8011,0,"core",3.30654035517228,2.69345964482772,11,0.197129993007451,0.3,3,2,"poolMean",0,0
5,15,7.9906855777527,1.9906855777527,0.137431449813806,69.7161541565168,0.208748117552199,59.0564313661947,8.21627273364444,2.86223787638348,183,8260,1560,240,8,"CB","CB_noWithinFam","mechanism","bridge pool selected across families",1,8011,0,"core",3.30654035517228,2.69345964482772,11,0.197129993007451,0.3,3,2,"poolMean",0,0
6,18,8.38954630129101,2.38954630129101,0.104171118293298,52.8438705364133,0.179941850642938,50.9069191952997,8.66348681930222,2.96345064842664,224,9960,1860,290,10,"CB","CB_noWithinFam","mechanism","bridge pool selected across families",1,8011,0,"core",3.30654035517228,2.69345964482772,11,0.197129993007451,0.3,3,2,"poolMean",0,0
7,21,8.76910530999599,2.76910530999599,0.0877025466180184,44.4897020894752,0.170475717643913,48.2288781172986,9.12820138750277,3.0035143081227,286,11660,2160,340,12,"CB","CB_noWithinFam","mechanism","bridge pool selected across families",1,8011,0,"core",3.30654035517228,2.69345964482772,11,0.197129993007451,0.3,3,2,"poolMean",0,0
8,24,9.09343226898446,3.09343226898446,0.0881314283395593,44.7072649854089,0.13788315794956,39.0081948976914,9.53467896598587,3.10790753669779,290,13360,2460,390,14,"CB","CB_noWithinFam","mechanism","bridge pool selected across families",1,8011,0,"core",3.30654035517228,2.69345964482772,11,0.197129993007451,0.3,3,2,"poolMean",0,0
9,27,9.41367909154954,3.41367909154954,0.0700272156057213,35.5233693956831,0.112016812288525,31.6904088254735,9.80079863356119,3.15365836999177,295,15060,2760,440,16,"CB","CB_noWithinFam","mechanism","bridge pool selected across families",1,8011,0,"core",3.30654035517228,2.69345964482772,11,0.197129993007451,0.3,3,2,"poolMean",0,0
10,30,9.71431754463105,3.71431754463105,0.0817718802291842,41.48119673808,0.0966464633506487,27.3420201177421,10.1628405596615,3.30517814602323,271,16760,3060,490,18,"CB","CB_noWithinFam","mechanism","bridge pool selected across families",1,8011,0,"core",3.30654035517228,2.69345964482772,11,0.197129993007451,0.3,3,2,"poolMean",0,0
11,33,10.2634422839076,4.26344228390757,0.0584532547236036,29.652136558131,0.0772066143580108,21.8423388690438,10.4083161317668,3.34252440609706,271,18460,3360,540,20,"CB","CB_noWithinFam","mechanism","bridge pool selected across families",1,8011,0,"core",3.30654035517228,2.69345964482772,11,0.197129993007451,0.3,3,2,"poolMean",0,0
12,36,10.5125025211715,4.51250252117152,0.0472269128056876,23.9572436873685,0.0559628214661967,15.8323081603388,10.5835912403275,3.33076590463997,232,20160,3660,590,22,"CB","CB_noWithinFam","mechanism","bridge pool selected across families",1,8011,0,"core",3.30654035517228,2.69345964482772,11,0.197129993007451,0.3,3,2,"poolMean",0,0
13,39,10.7671422625305,4.76714226253055,0.0417919812853781,21.2002144614282,0.0460996795952065,13.0419502505794,10.7597393154037,3.28968279085439,131,21860,3960,640,24,"CB","CB_noWithinFam","mechanism","bridge pool selected across families",1,8011,0,"core",3.30654035517228,2.69345964482772,11,0.197129993007451,0.3,3,2,"poolMean",0,0
14,42,10.8134571461948,4.81345714619479,0.0393012660960829,19.9367257597363,0.0402395330670944,11.3840701925867,10.9625575233375,3.33635694659314,242,23560,4260,690,26,"CB","CB_noWithinFam","mechanism","bridge pool selected across families",1,8011,0,"core",3.30654035517228,2.69345964482772,11,0.197129993007451,0.3,3,2,"poolMean",0,0
15,45,11.1355382113305,5.13553821133054,0.0309852200312494,15.718166250875,0.0371089467622769,10.4984034981306,11.1832404299483,3.32289235980934,218,25260,4560,740,28,"CB","CB_noWithinFam","mechanism","bridge pool selected across families",1,8011,0,"core",3.30654035517228,2.69345964482772,11,0.197129993007451,0.3,3,2,"poolMean",0,0
16,48,11.2524652585094,5.25246525850941,0.0257453800626403,13.060102965492,0.0348665931046699,9.86402458045678,11.3628940153412,3.38910987197811,252,26960,4860,790,30,"CB","CB_noWithinFam","mechanism","bridge pool selected across families",1,8011,0,"core",3.30654035517228,2.69345964482772,11,0.197129993007451,0.3,3,2,"poolMean",0,0
17,51,11.338048215264,5.33804821526399,0.0407615477781058,20.6774966894891,0.0341773366145949,9.66902867305828,11.4781108781549,3.40557172715061,261,28660,5160,840,32,"CB","CB_noWithinFam","mechanism","bridge pool selected across families",1,8011,0,"core",3.30654035517228,2.69345964482772,11,0.197129993007451,0.3,3,2,"poolMean",0,0
18,54,11.4894949117219,5.48949491172188,0.0397636035253134,20.1712600496112,0.026647158426247,7.53868394674391,11.5753563110528,3.57152716733798,173,30360,5460,890,34,"CB","CB_noWithinFam","mechanism","bridge pool selected across families",1,8011,0,"core",3.30654035517228,2.69345964482772,11,0.197129993007451,0.3,3,2,"poolMean",0,0
19,57,11.6031146611042,5.60311466110422,0.0233799920555742,11.8601901714116,0.018310561536729,5.18019723171837,11.5915440207444,3.60106804126073,163,32060,5760,940,36,"CB","CB_noWithinFam","mechanism","bridge pool selected across families",1,8011,0,"core",3.30654035517228,2.69345964482772,11,0.197129993007451,0.3,3,2,"poolMean",0,0
20,60,11.6131714840588,5.6131714840588,0.0151899756405527,7.7055629175508,0.0156744246562246,4.43441404295991,11.6101417138562,3.68787039528644,209,33760,6060,990,38,"CB","CB_noWithinFam","mechanism","bridge pool selected across families",1,8011,0,"core",3.30654035517228,2.69345964482772,11,0.197129993007451,0.3,3,2,"poolMean",0,0
1,3,6.14474058641166,0.144740586411658,0.211560440478067,107.32026986379,0.343648399125407,97.2207478325041,4.95684299846469,3.15481291139551,0,1460,360,40,0,"CB","CB_noDistinctFam","mechanism","highest-ranking eligible lines admitted",1,8011,0,"core",3.11068928887727,2.88931071112273,11,0.197129993007451,0.3,3,2,"poolMean",0,0
2,6,6.37333100927466,0.373331009274661,0.21134171910821,107.209317001407,0.289574452656666,81.9228167863382,5.70490354525673,3.0277171096411,38,3160,660,90,2,"CB","CB_noDistinctFam","mechanism","highest-ranking eligible lines admitted",1,8011,0,"core",3.11068928887727,2.88931071112273,11,0.197129993007451,0.3,3,2,"poolMean",0,0
3,9,6.94250344847582,0.942503448475822,0.172215216109651,87.3612449745998,0.275773537073437,78.0184327205619,6.03427723000595,2.97555304688722,70,4860,960,140,4,"CB","CB_noDistinctFam","mechanism","highest-ranking eligible lines admitted",1,8011,0,"core",3.11068928887727,2.88931071112273,11,0.197129993007451,0.3,3,2,"poolMean",0,0
4,12,7.34631342115915,1.34631342115915,0.167604740179313,85.0224451501793,0.277005336799738,78.36691823912,6.43452721801562,3.00523328324157,123,6560,1260,190,6,"CB","CB_noDistinctFam","mechanism","highest-ranking eligible lines admitted",1,8011,0,"core",3.11068928887727,2.88931071112273,11,0.197129993007451,0.3,3,2,"poolMean",0,0
5,15,7.82359223248609,1.82359223248609,0.195794363447352,99.3224625336189,0.25246567135695,71.4244600988255,6.74765957424087,2.96393547017217,76,8260,1560,240,8,"CB","CB_noDistinctFam","mechanism","highest-ranking eligible lines admitted",1,8011,0,"core",3.11068928887727,2.88931071112273,11,0.197129993007451,0.3,3,2,"poolMean",0,0
6,18,8.3106938500236,2.3106938500236,0.15626983661126,79.2724811821774,0.203418428858309,57.5486218671453,7.21702946895601,2.98378387110913,114,9960,1860,290,10,"CB","CB_noDistinctFam","mechanism","highest-ranking eligible lines admitted",1,8011,0,"core",3.11068928887727,2.88931071112273,11,0.197129993007451,0.3,3,2,"poolMean",0,0
7,21,8.85909067279875,2.85909067279875,0.148724782332516,75.4450299842977,0.178351357805827,50.4569566654589,7.56303047615217,2.96483620555133,61,11660,2160,340,12,"CB","CB_noDistinctFam","mechanism","highest-ranking eligible lines admitted",1,8011,0,"core",3.11068928887727,2.88931071112273,11,0.197129993007451,0.3,3,2,"poolMean",0,0
8,24,9.50324748820568,3.50324748820568,0.0959461332426683,48.6715044113259,0.15253275115835,43.1526763235478,7.68611832047198,2.97484447000277,51,13360,2460,390,14,"CB","CB_noDistinctFam","mechanism","highest-ranking eligible lines admitted",1,8011,0,"core",3.11068928887727,2.88931071112273,11,0.197129993007451,0.3,3,2,"poolMean",0,0
9,27,9.81255353615258,3.81255353615258,0.078790720326366,39.9689154980022,0.138467235104679,39.173434770646,8.00391833554928,3.09814400045001,76,15060,2760,440,16,"CB","CB_noDistinctFam","mechanism","highest-ranking eligible lines admitted",1,8011,0,"core",3.11068928887727,2.88931071112273,11,0.197129993007451,0.3,3,2,"poolMean",0,0
10,30,10.2230042852241,4.22300428522406,0.0607713920473465,30.8280800502283,0.12608458835505,35.6702897532139,8.48946741168775,3.02718110422616,65,16760,3060,490,18,"CB","CB_noDistinctFam","mechanism","highest-ranking eligible lines admitted",1,8011,0,"core",3.11068928887727,2.88931071112273,11,0.197129993007451,0.3,3,2,"poolMean",0,0
11,33,10.4204588821769,4.42045888217693,0.0677908304263653,34.3888970887362,0.118226357253462,33.4471363607309,8.36568357552402,3.17993891568449,10,18460,3360,540,20,"CB","CB_noDistinctFam","mechanism","highest-ranking eligible lines admitted",1,8011,0,"core",3.11068928887727,2.88931071112273,11,0.197129993007451,0.3,3,2,"poolMean",0,0
12,36,10.6563451838863,4.65634518388628,0.0519757807368949,26.3662469337836,0.10523983689414,29.7731509026624,8.63911465830289,3.19104622364207,33,20160,3660,590,22,"CB","CB_noDistinctFam","mechanism","highest-ranking eligible lines admitted",1,8011,0,"core",3.11068928887727,2.88931071112273,11,0.197129993007451,0.3,3,2,"poolMean",0,0
13,39,10.8059288716683,4.80592887166827,0.0670462478212671,34.0111856133089,0.0949941097016795,26.874556693366,8.7971992069908,3.22848222047091,30,21860,3960,640,24,"CB","CB_noDistinctFam","mechanism","highest-ranking eligible lines admitted",1,8011,0,"core",3.11068928887727,2.88931071112273,11,0.197129993007451,0.3,3,2,"poolMean",0,0
14,42,11.082693333616,5.082693333616,0.0543862889402558,27.5890482774988,0.0856029679745597,24.2177312169917,8.91683516382409,3.16520958788335,3,23560,4260,690,26,"CB","CB_noDistinctFam","mechanism","highest-ranking eligible lines admitted",1,8011,0,"core",3.11068928887727,2.88931071112273,11,0.197129993007451,0.3,3,2,"poolMean",0,0
15,45,11.2091447213598,5.20914472135983,0.0540831326620371,27.4352633188562,0.0800650607577608,22.6510151129317,9.02394114884525,3.20043669462761,12,25260,4560,740,28,"CB","CB_noDistinctFam","mechanism","highest-ranking eligible lines admitted",1,8011,0,"core",3.11068928887727,2.88931071112273,11,0.197129993007451,0.3,3,2,"poolMean",0,0
16,48,11.4158700710396,5.41587007103964,0.0341961001620807,17.3469798483623,0.0649144972267714,18.364805369731,9.05181278894622,3.0902566322854,48,26960,4860,790,30,"CB","CB_noDistinctFam","mechanism","highest-ranking eligible lines admitted",1,8011,0,"core",3.11068928887727,2.88931071112273,11,0.197129993007451,0.3,3,2,"poolMean",0,0
17,51,11.3625696321276,5.36256963212756,0.0362929072315534,18.4106470445528,0.0569407177968803,16.1089624756614,9.29592337963932,3.08925969318901,72,28660,5160,840,32,"CB","CB_noDistinctFam","mechanism","highest-ranking eligible lines admitted",1,8011,0,"core",3.11068928887727,2.88931071112273,11,0.197129993007451,0.3,3,2,"poolMean",0,0
18,54,11.5101807021165,5.51018070211654,0.0297326903484312,15.0827836468839,0.0562672373739425,15.9184297377373,9.03758776129777,3.09371253966497,33,30360,5460,890,34,"CB","CB_noDistinctFam","mechanism","highest-ranking eligible lines admitted",1,8011,0,"core",3.11068928887727,2.88931071112273,11,0.197129993007451,0.3,3,2,"poolMean",0,0
19,57,11.6436489002345,5.64364890023454,0.0366445139852026,18.5890099350926,0.0500135165712533,14.1492045217303,9.13574492288043,3.14465047647838,19,32060,5760,940,36,"CB","CB_noDistinctFam","mechanism","highest-ranking eligible lines admitted",1,8011,0,"core",3.11068928887727,2.88931071112273,11,0.197129993007451,0.3,3,2,"poolMean",0,0
20,60,11.7422951826574,5.74229518265743,0.0238395304656973,12.0933045763342,0.0470377058454523,13.3073250166703,9.3526265420772,3.10177042883635,22,33760,6060,990,38,"CB","CB_noDistinctFam","mechanism","highest-ranking eligible lines admitted",1,8011,0,"core",3.11068928887727,2.88931071112273,11,0.197129993007451,0.3,3,2,"poolMean",0,0
1,3,6.3195622047769,0.319562204776903,0.29856140990039,111.056878597157,0.393950763594333,96.1808082637849,NA,NA,0,1260,260,30,0,"GSRS","GSRS_base","baseline","baseline",2,8012,0,"core",NA,NA,8,0.268836486016664,0.3,3,2,"poolMean",0,0
2,6,6.55437794492858,0.554377944928577,0.284756186546289,105.921703845154,0.328618832261009,80.2303937913212,NA,NA,0,2460,460,60,0,"GSRS","GSRS_base","baseline","baseline",2,8012,0,"core",NA,NA,8,0.268836486016664,0.3,3,2,"poolMean",0,0
3,9,7.13486786691444,1.13486786691444,0.199598042507214,74.2451463581628,0.261758681636275,63.9068733872658,NA,NA,0,3660,660,90,0,"GSRS","GSRS_base","baseline","baseline",2,8012,0,"core",NA,NA,8,0.268836486016664,0.3,3,2,"poolMean",0,0
4,12,7.60770990178062,1.60770990178062,0.135246731365275,50.3081755639715,0.204900336648345,50.0252361806641,NA,NA,0,4860,860,120,0,"GSRS","GSRS_base","baseline","baseline",2,8012,0,"core",NA,NA,8,0.268836486016664,0.3,3,2,"poolMean",0,0
5,15,8.15724736240602,2.15724736240602,0.142380566753996,52.961771991459,0.175910406161369,42.947511745487,NA,NA,0,6060,1060,150,0,"GSRS","GSRS_base","baseline","baseline",2,8012,0,"core",NA,NA,8,0.268836486016664,0.3,3,2,"poolMean",0,0
6,18,8.68351826016978,2.68351826016978,0.106652443035446,39.671863226495,0.148002748496452,36.1340179817721,NA,NA,0,7260,1260,180,0,"GSRS","GSRS_base","baseline","baseline",2,8012,0,"core",NA,NA,8,0.268836486016664,0.3,3,2,"poolMean",0,0
7,21,9.13480042443398,3.13480042443398,0.118786785936506,44.185515030554,0.12939555089302,31.591177935738,NA,NA,0,8460,1460,210,0,"GSRS","GSRS_base","baseline","baseline",2,8012,0,"core",NA,NA,8,0.268836486016664,0.3,3,2,"poolMean",0,0
8,24,9.55625896608673,3.55625896608673,0.114637966230308,42.6422647940735,0.105762379491918,25.8212753558937,NA,NA,0,9660,1660,240,0,"GSRS","GSRS_base","baseline","baseline",2,8012,0,"core",NA,NA,8,0.268836486016664,0.3,3,2,"poolMean",0,0
9,27,10.0135897473624,4.01358974736243,0.0917566954828553,34.1310425688155,0.0900729516190646,21.9907919720328,NA,NA,0,10860,1860,270,0,"GSRS","GSRS_base","baseline","baseline",2,8012,0,"core",NA,NA,8,0.268836486016664,0.3,3,2,"poolMean",0,0
10,30,10.6039377933837,4.60393779338368,0.0536391793586519,19.9523435800775,0.0695594811716426,16.9825463985834,NA,NA,0,12060,2060,300,0,"GSRS","GSRS_base","baseline","baseline",2,8012,0,"core",NA,NA,8,0.268836486016664,0.3,3,2,"poolMean",0,0
11,33,10.8001737984328,4.80017379843282,0.0410246224437502,15.2600649754094,0.0602733754407482,14.7153972079802,NA,NA,0,13260,2260,330,0,"GSRS","GSRS_base","baseline","baseline",2,8012,0,"core",NA,NA,8,0.268836486016664,0.3,3,2,"poolMean",0,0
12,36,11.028816397059,5.02881639705904,0.0323142977805106,12.0200565999466,0.0481307095970866,11.7508353305903,NA,NA,0,14460,2460,360,0,"GSRS","GSRS_base","baseline","baseline",2,8012,0,"core",NA,NA,8,0.268836486016664,0.3,3,2,"poolMean",0,0
13,39,11.1076001962935,5.10760019629353,0.0326851970736071,12.1580212410532,0.0430335181166779,10.5063854100265,NA,NA,0,15660,2660,390,0,"GSRS","GSRS_base","baseline","baseline",2,8012,0,"core",NA,NA,8,0.268836486016664,0.3,3,2,"poolMean",0,0
14,42,11.1339687946781,5.13396879467807,0.0379725040269675,14.1247583576188,0.0399361187606993,9.75017321016768,NA,NA,0,16860,2860,420,0,"GSRS","GSRS_base","baseline","baseline",2,8012,0,"core",NA,NA,8,0.268836486016664,0.3,3,2,"poolMean",0,0
15,45,11.2476133521034,5.24761335210337,0.0264906246212687,9.85380556552382,0.0313085873432729,7.64381114228309,NA,NA,0,18060,3060,450,0,"GSRS","GSRS_base","baseline","baseline",2,8012,0,"core",NA,NA,8,0.268836486016664,0.3,3,2,"poolMean",0,0
16,48,11.2450501865438,5.24505018654375,0.0207442604485218,7.71631141140418,0.0311406037413238,7.60279891409723,NA,NA,0,19260,3260,480,0,"GSRS","GSRS_base","baseline","baseline",2,8012,0,"core",NA,NA,8,0.268836486016664,0.3,3,2,"poolMean",0,0
17,51,11.4169916593575,5.41699165935747,0.0141816924044011,5.27521119418369,0.0238672316095844,5.82704703066047,NA,NA,0,20460,3460,510,0,"GSRS","GSRS_base","baseline","baseline",2,8012,0,"core",NA,NA,8,0.268836486016664,0.3,3,2,"poolMean",0,0
18,54,11.5208908188444,5.5208908188444,0.0189576766381941,7.05174990161826,0.0220985921010424,5.39524388879881,NA,NA,0,21660,3660,540,0,"GSRS","GSRS_base","baseline","baseline",2,8012,0,"core",NA,NA,8,0.268836486016664,0.3,3,2,"poolMean",0,0
19,57,11.5913313541511,5.59133135415113,0.0192835588602375,7.17296939338888,0.0200707384153932,4.90015509966456,NA,NA,0,22860,3860,570,0,"GSRS","GSRS_base","baseline","baseline",2,8012,0,"core",NA,NA,8,0.268836486016664,0.3,3,2,"poolMean",0,0
20,60,11.6886176776452,5.68861767764517,0.0138831607047407,5.1641653670031,0.0163502360576067,3.99181589337809,NA,NA,0,24060,4060,600,0,"GSRS","GSRS_base","baseline","baseline",2,8012,0,"core",NA,NA,8,0.268836486016664,0.3,3,2,"poolMean",0,0
1,3,6.3195622047769,0.319562204776903,0.29856140990039,111.056878597157,0.393950763594333,96.1808082637849,5.30913703613467,3.17917763818628,0,1460,360,40,0,"CB","CB_base","baseline","2 bridge lines per cycle (as specified)",2,8012,0,"core",3.20878389578284,2.79121610421716,8,0.268836486016664,0.3,3,2,"poolMean",0,0
2,6,6.70489708723533,0.704897087235333,0.276891671743398,102.996314170776,0.329933331798433,80.551321276823,6.09656061002036,3.17467725406736,46,3160,660,90,2,"CB","CB_base","baseline","2 bridge lines per cycle (as specified)",2,8012,0,"core",3.20878389578284,2.79121610421716,8,0.268836486016664,0.3,3,2,"poolMean",0,0
3,9,7.48337427990696,1.48337427990696,0.213470432988392,79.4053054893597,0.300665929509066,73.4058537003942,6.5324524200047,3.09634179144911,59,4860,960,140,4,"CB","CB_base","baseline","2 bridge lines per cycle (as specified)",2,8012,0,"core",3.20878389578284,2.79121610421716,8,0.268836486016664,0.3,3,2,"poolMean",0,0
4,12,7.77191858249019,1.77191858249019,0.227428741858312,84.597423968789,0.276929291638458,67.6106903783839,6.94904115941777,3.12218100984921,80,6560,1260,190,6,"CB","CB_base","baseline","2 bridge lines per cycle (as specified)",2,8012,0,"core",3.20878389578284,2.79121610421716,8,0.268836486016664,0.3,3,2,"poolMean",0,0
5,15,8.35551288031832,2.35551288031832,0.166855115168517,62.0656509987914,0.267671502208726,65.3504544494988,7.34350095350215,3.14856519696199,118,8260,1560,240,8,"CB","CB_base","baseline","2 bridge lines per cycle (as specified)",2,8012,0,"core",3.20878389578284,2.79121610421716,8,0.268836486016664,0.3,3,2,"poolMean",0,0
6,18,8.92187807860332,2.92187807860332,0.17425169903401,64.8169828492734,0.24958058660772,60.9336616785921,7.65240300266753,3.20858834239266,132,9960,1860,290,10,"CB","CB_base","baseline","2 bridge lines per cycle (as specified)",2,8012,0,"core",3.20878389578284,2.79121610421716,8,0.268836486016664,0.3,3,2,"poolMean",0,0
7,21,9.41237779071982,3.41237779071982,0.144836384682907,53.8752707375922,0.228079636999181,55.6843287596245,7.95904099289161,3.20145703151288,41,11660,2160,340,12,"CB","CB_base","baseline","2 bridge lines per cycle (as specified)",2,8012,0,"core",3.20878389578284,2.79121610421716,8,0.268836486016664,0.3,3,2,"poolMean",0,0
8,24,9.86745005200777,3.86745005200777,0.178759602617007,66.4938027072435,0.20161006125527,49.221934408054,8.33724410636345,3.06441896667198,72,13360,2460,390,14,"CB","CB_base","baseline","2 bridge lines per cycle (as specified)",2,8012,0,"core",3.20878389578284,2.79121610421716,8,0.268836486016664,0.3,3,2,"poolMean",0,0
9,27,10.3434588385163,4.34345883851628,0.105454664648279,39.2263216242686,0.156529781713678,38.2158439933329,8.41451638174416,2.99452416686886,48,15060,2760,440,16,"CB","CB_base","baseline","2 bridge lines per cycle (as specified)",2,8012,0,"core",3.20878389578284,2.79121610421716,8,0.268836486016664,0.3,3,2,"poolMean",0,0
10,30,10.7031909904502,4.70319099045016,0.0876548848418553,32.6052784503447,0.136080765961683,33.2233346622657,8.78054413656851,2.98361274739162,34,16760,3060,490,18,"CB","CB_base","baseline","2 bridge lines per cycle (as specified)",2,8012,0,"core",3.20878389578284,2.79121610421716,8,0.268836486016664,0.3,3,2,"poolMean",0,0
11,33,11.0038782126498,5.00387821264985,0.0881283409174228,32.7813914782237,0.127944736210891,31.2369698933545,8.71940653949255,3.05304331184602,21,18460,3360,540,20,"CB","CB_base","baseline","2 bridge lines per cycle (as specified)",2,8012,0,"core",3.20878389578284,2.79121610421716,8,0.268836486016664,0.3,3,2,"poolMean",0,0
12,36,11.2540546090075,5.25405460900749,0.0513367170773246,19.0958890431794,0.0961526527505063,23.4751159608712,8.87584375995421,3.10718883205913,14,20160,3660,590,22,"CB","CB_base","baseline","2 bridge lines per cycle (as specified)",2,8012,0,"core",3.20878389578284,2.79121610421716,8,0.268836486016664,0.3,3,2,"poolMean",0,0
13,39,11.3849712904948,5.38497129049477,0.0633767776352931,23.5744703311457,0.0852060689242541,20.8025706140107,9.09435370022045,3.17713078938434,81,21860,3960,640,24,"CB","CB_base","baseline","2 bridge lines per cycle (as specified)",2,8012,0,"core",3.20878389578284,2.79121610421716,8,0.268836486016664,0.3,3,2,"poolMean",0,0
14,42,11.8208564843879,5.82085648438792,0.0320056530750482,11.9052490044318,0.0415411994453813,10.1420444079102,9.46283800912077,3.20307456368431,42,23560,4260,690,26,"CB","CB_base","baseline","2 bridge lines per cycle (as specified)",2,8012,0,"core",3.20878389578284,2.79121610421716,8,0.268836486016664,0.3,3,2,"poolMean",0,0
15,45,11.9834424519972,5.98344245199725,0.0179133585132093,6.66329142246673,0.0278131244652761,6.79041402789652,9.45256946462059,3.22761995756713,33,25260,4560,740,28,"CB","CB_base","baseline","2 bridge lines per cycle (as specified)",2,8012,0,"core",3.20878389578284,2.79121610421716,8,0.268836486016664,0.3,3,2,"poolMean",0,0
16,48,11.986010862378,5.98601086237797,0.0148168208565593,5.51146203259065,0.027260849188261,6.65557920223767,9.29120048363561,3.29073722292275,3,26960,4860,790,29,"CB","CB_base","baseline","2 bridge lines per cycle (as specified)",2,8012,0,"core",3.20878389578284,2.79121610421716,8,0.268836486016664,0.3,3,2,"poolMean",0,0
17,51,12.0318705134255,6.03187051342548,0.0168516651266383,6.26836980959262,0.0299634891667678,7.31541317541527,9.37535259869946,3.33387511041551,5,28660,5160,840,31,"CB","CB_base","baseline","2 bridge lines per cycle (as specified)",2,8012,0,"core",3.20878389578284,2.79121610421716,8,0.268836486016664,0.3,3,2,"poolMean",0,0
18,54,12.0618275020123,6.06182750201229,0.0177971063850051,6.62004873248562,0.0323218078283114,7.89118308366809,9.49051225994086,3.26171660354646,28,30360,5460,890,33,"CB","CB_base","baseline","2 bridge lines per cycle (as specified)",2,8012,0,"core",3.20878389578284,2.79121610421716,8,0.268836486016664,0.3,3,2,"poolMean",0,0
19,57,12.1752395394647,6.17523953946468,0.0181051043333476,6.73461575160795,0.0385761888513401,9.4181541612112,9.45980908622318,3.28217608042136,19,32060,5760,940,35,"CB","CB_base","baseline","2 bridge lines per cycle (as specified)",2,8012,0,"core",3.20878389578284,2.79121610421716,8,0.268836486016664,0.3,3,2,"poolMean",0,0
20,60,12.2575298391328,6.25752983913279,0.0151312518367075,5.62842196790565,0.0262437824948786,6.40726823125444,9.62013913574899,3.17699963416897,26,33760,6060,990,37,"CB","CB_base","baseline","2 bridge lines per cycle (as specified)",2,8012,0,"core",3.20878389578284,2.79121610421716,8,0.268836486016664,0.3,3,2,"poolMean",0,0
1,3,6.3195622047769,0.319562204776903,0.29856140990039,111.056878597157,0.393950763594333,96.1808082637849,5.10591432854736,3.21015722499481,0,1460,360,40,0,"CB","CB_nB1","inflow_rate","1 bridge line per cycle",2,8012,0,"core",3.16643225228321,2.83356774771679,8,0.268836486016664,0.3,3,1,"poolMean",0,0
2,6,6.88218908699971,0.882189086999709,0.256675373411261,95.4763905801649,0.350696343879594,85.6204910018325,6.10975674318698,3.1869832237401,40,3160,660,90,1,"CB","CB_nB1","inflow_rate","1 bridge line per cycle",2,8012,0,"core",3.16643225228321,2.83356774771679,8,0.268836486016664,0.3,3,1,"poolMean",0,0
3,9,7.51317016214738,1.51317016214738,0.269092219811222,100.095126148369,0.268188952091225,65.4767868558146,6.84303846936276,3.17327505658492,117,4860,960,140,2,"CB","CB_nB1","inflow_rate","1 bridge line per cycle",2,8012,0,"core",3.16643225228321,2.83356774771679,8,0.268836486016664,0.3,3,1,"poolMean",0,0
4,12,8.41471845592223,2.41471845592223,0.150098308787038,55.8325661114816,0.20420704153059,49.8559721737037,7.15406913768537,3.16508539985767,93,6560,1260,190,3,"CB","CB_nB1","inflow_rate","1 bridge line per cycle",2,8012,0,"core",3.16643225228321,2.83356774771679,8,0.268836486016664,0.3,3,1,"poolMean",0,0
5,15,8.90365212236066,2.90365212236066,0.148213246758003,55.1313733318236,0.17880316112643,43.6537611968401,7.73124590354078,3.25819608970685,115,8260,1560,240,4,"CB","CB_nB1","inflow_rate","1 bridge line per cycle",2,8012,0,"core",3.16643225228321,2.83356774771679,8,0.268836486016664,0.3,3,1,"poolMean",0,0
6,18,9.46240584252055,3.46240584252055,0.111096059027491,41.3247698158815,0.135892899670109,33.1774681900085,8.17007747063673,3.49729111744724,132,9960,1860,290,5,"CB","CB_nB1","inflow_rate","1 bridge line per cycle",2,8012,0,"core",3.16643225228321,2.83356774771679,8,0.268836486016664,0.3,3,1,"poolMean",0,0
7,21,10.2057961809173,4.20579618091726,0.0950597636998234,35.3596958167096,0.111631552791223,27.2542001879639,8.47933124895778,3.40074473380982,42,11660,2160,340,6,"CB","CB_nB1","inflow_rate","1 bridge line per cycle",2,8012,0,"core",3.16643225228321,2.83356774771679,8,0.268836486016664,0.3,3,1,"poolMean",0,0
8,24,10.5928548703457,4.59285487034572,0.0542597789583557,20.1831900730143,0.0820421594707461,20.0301203571933,8.67663329955763,3.36573241445075,65,13360,2460,390,7,"CB","CB_nB1","inflow_rate","1 bridge line per cycle",2,8012,0,"core",3.16643225228321,2.83356774771679,8,0.268836486016664,0.3,3,1,"poolMean",0,0
9,27,10.8583557297042,4.85835572970419,0.0772465739830023,28.7336645139061,0.0649945810570354,15.8680523469397,9.00136811979237,3.38506715856399,64,15060,2760,440,8,"CB","CB_nB1","inflow_rate","1 bridge line per cycle",2,8012,0,"core",3.16643225228321,2.83356774771679,8,0.268836486016664,0.3,3,1,"poolMean",0,0
10,30,11.2498368591991,5.24983685919915,0.0592581781867379,22.0424612242048,0.0542755047755565,13.2510516558193,9.16203485032724,3.48647401447629,60,16760,3060,490,9,"CB","CB_nB1","inflow_rate","1 bridge line per cycle",2,8012,0,"core",3.16643225228321,2.83356774771679,8,0.268836486016664,0.3,3,1,"poolMean",0,0
11,33,11.4416925447,5.44169254470001,0.0382718510840549,14.2361074760078,0.0478708586074425,11.6873942092073,9.24170628050534,3.56868253674384,40,18460,3360,540,10,"CB","CB_nB1","inflow_rate","1 bridge line per cycle",2,8012,0,"core",3.16643225228321,2.83356774771679,8,0.268836486016664,0.3,3,1,"poolMean",0,0
12,36,11.6821132768664,5.68211327686637,0.0349755841241949,13.0099841142942,0.0396190281098676,9.67275735542578,9.39625519261756,3.51931860013447,34,20160,3660,590,11,"CB","CB_nB1","inflow_rate","1 bridge line per cycle",2,8012,0,"core",3.16643225228321,2.83356774771679,8,0.268836486016664,0.3,3,1,"poolMean",0,0
13,39,11.8433656021175,5.84336560211752,0.0196684106492062,7.31612399069486,0.0342089447078571,8.35191667566082,9.37646243989744,3.44863205554218,72,21860,3960,640,12,"CB","CB_nB1","inflow_rate","1 bridge line per cycle",2,8012,0,"core",3.16643225228321,2.83356774771679,8,0.268836486016664,0.3,3,1,"poolMean",0,0
14,42,11.9762772863993,5.97627728639928,0.0294426224320533,10.9518699891905,0.0357320666103154,8.72377810912048,9.61615838984762,3.36570482059725,25,23560,4260,690,13,"CB","CB_nB1","inflow_rate","1 bridge line per cycle",2,8012,0,"core",3.16643225228321,2.83356774771679,8,0.268836486016664,0.3,3,1,"poolMean",0,0
15,45,12.1296415882024,6.12964158820241,0.0286421313341951,10.6541086586066,0.0319252440707694,7.79436432799284,9.55112763339327,3.44646556774029,36,25260,4560,740,14,"CB","CB_nB1","inflow_rate","1 bridge line per cycle",2,8012,0,"core",3.16643225228321,2.83356774771679,8,0.268836486016664,0.3,3,1,"poolMean",0,0
16,48,12.1247318009983,6.12473180099827,0.0274785820056011,10.2212993529077,0.0306837149453141,7.49125214798375,9.55099328000053,3.26835636699596,12,26960,4860,790,15,"CB","CB_nB1","inflow_rate","1 bridge line per cycle",2,8012,0,"core",3.16643225228321,2.83356774771679,8,0.268836486016664,0.3,3,1,"poolMean",0,0
17,51,12.2332153478191,6.23321534781911,0.0174541482440041,6.49247745446359,0.0261866514441946,6.39332001452397,9.78837580923145,3.24717643311055,4,28660,5160,840,16,"CB","CB_nB1","inflow_rate","1 bridge line per cycle",2,8012,0,"core",3.16643225228321,2.83356774771679,8,0.268836486016664,0.3,3,1,"poolMean",0,0
18,54,12.2915065281276,6.29150652812758,0.0288411426335468,10.7281355521658,0.0335299297432331,8.18613908577909,9.77836884475293,3.31086108500177,37,30360,5460,890,17,"CB","CB_nB1","inflow_rate","1 bridge line per cycle",2,8012,0,"core",3.16643225228321,2.83356774771679,8,0.268836486016664,0.3,3,1,"poolMean",0,0
19,57,12.5295453548055,6.52954535480551,0.0383680400602809,14.2718872087558,0.0478659514474362,11.6861961543758,9.86377071047934,3.21326314086163,12,32060,5760,940,18,"CB","CB_nB1","inflow_rate","1 bridge line per cycle",2,8012,0,"core",3.16643225228321,2.83356774771679,8,0.268836486016664,0.3,3,1,"poolMean",0,0
20,60,12.6575328880493,6.6575328880493,0.0360013109262741,13.3915271173581,0.0419285081942252,10.2366036065562,10.1706764131095,3.15926825135651,36,33760,6060,990,19,"CB","CB_nB1","inflow_rate","1 bridge line per cycle",2,8012,0,"core",3.16643225228321,2.83356774771679,8,0.268836486016664,0.3,3,1,"poolMean",0,0
1,3,6.3195622047769,0.319562204776903,0.29856140990039,111.056878597157,0.393950763594333,96.1808082637849,5.10591432854736,3.21015722499481,0,1460,360,40,0,"CB","CB_nB4","inflow_rate","4 bridge lines per cycle",2,8012,0,"core",3.16643225228321,2.83356774771679,8,0.268836486016664,0.3,3,4,"poolMean",0,0
2,6,6.88218908699971,0.882189086999709,0.256675373411261,95.4763905801649,0.350696343879594,85.6204910018325,6.10975674318698,3.1869832237401,40,3160,660,90,4,"CB","CB_nB4","inflow_rate","4 bridge lines per cycle",2,8012,0,"core",3.16643225228321,2.83356774771679,8,0.268836486016664,0.3,3,4,"poolMean",0,0
3,9,7.45372906486645,1.45372906486645,0.235664269216389,87.6608204147487,0.300899022468252,73.4627620028697,6.82173885634288,3.17327505658492,105,4860,960,140,8,"CB","CB_nB4","inflow_rate","4 bridge lines per cycle",2,8012,0,"core",3.16643225228321,2.83356774771679,8,0.268836486016664,0.3,3,4,"poolMean",0,0
4,12,8.24540704932554,2.24540704932554,0.231612898691231,86.1538186735836,0.236765534882105,57.8049406636455,7.24438585270458,3.16508539985767,106,6560,1260,190,12,"CB","CB_nB4","inflow_rate","4 bridge lines per cycle",2,8012,0,"core",3.16643225228321,2.83356774771679,8,0.268836486016664,0.3,3,4,"poolMean",0,0
5,15,8.95094639134422,2.95094639134422,0.13060510791661,48.5816154837385,0.183138210853726,44.7121386012419,7.51043260907694,3.25819608970685,102,8260,1560,240,16,"CB","CB_nB4","inflow_rate","4 bridge lines per cycle",2,8012,0,"core",3.16643225228321,2.83356774771679,8,0.268836486016664,0.3,3,4,"poolMean",0,0
6,18,9.37586459367282,3.37586459367282,0.126476536937185,47.0458972333634,0.166561534865828,40.6650387040458,8.00460504035821,3.49729111744724,99,9960,1860,290,20,"CB","CB_nB4","inflow_rate","4 bridge lines per cycle",2,8012,0,"core",3.16643225228321,2.83356774771679,8,0.268836486016664,0.3,3,4,"poolMean",0,0
7,21,9.87733196067446,3.87733196067446,0.0972011045343193,36.1562174742509,0.138000368104432,33.691994461145,8.43920998344965,3.40074473380982,39,11660,2160,340,23,"CB","CB_nB4","inflow_rate","4 bridge lines per cycle",2,8012,0,"core",3.16643225228321,2.83356774771679,8,0.268836486016664,0.3,3,4,"poolMean",0,0
8,24,10.3793201767561,4.37932017675612,0.0927129098681642,34.4867288074943,0.130163311861153,31.7786223508588,8.77150649356287,3.36573241445075,81,13360,2460,390,27,"CB","CB_nB4","inflow_rate","4 bridge lines per cycle",2,8012,0,"core",3.16643225228321,2.83356774771679,8,0.268836486016664,0.3,3,4,"poolMean",0,0
9,27,10.9075028399545,4.90750283995452,0.0860671455721275,32.0146818043116,0.121152093627664,29.5785853583406,9.08485834881528,3.38506715856399,37,15060,2760,440,30,"CB","CB_nB4","inflow_rate","4 bridge lines per cycle",2,8012,0,"core",3.16643225228321,2.83356774771679,8,0.268836486016664,0.3,3,4,"poolMean",0,0
10,30,11.4164837269163,5.4164837269163,0.0825788255924012,30.7171198433543,0.109319534619797,26.689734277505,9.43516356356717,3.48647401447629,51,16760,3060,490,33,"CB","CB_nB4","inflow_rate","4 bridge lines per cycle",2,8012,0,"core",3.16643225228321,2.83356774771679,8,0.268836486016664,0.3,3,4,"poolMean",0,0
11,33,11.7099912287003,5.70999122870026,0.0687786696556008,25.5838300353835,0.09260461938524,22.6088840650255,9.37672519859716,3.56868253674384,40,18460,3360,540,37,"CB","CB_nB4","inflow_rate","4 bridge lines per cycle",2,8012,0,"core",3.16643225228321,2.83356774771679,8,0.268836486016664,0.3,3,4,"poolMean",0,0
12,36,12.0055644811777,6.00556448117768,0.0662104832890429,24.6285332285361,0.0855049957695121,20.8755518803149,9.65575740619644,3.51931860013447,38,20160,3660,590,40,"CB","CB_nB4","inflow_rate","4 bridge lines per cycle",2,8012,0,"core",3.16643225228321,2.83356774771679,8,0.268836486016664,0.3,3,4,"poolMean",0,0
13,39,12.3041829793007,6.3041829793007,0.055624020078282,20.690651370452,0.0946456014631489,23.1071780754601,9.8935285577577,3.44863205554218,85,21860,3960,640,43,"CB","CB_nB4","inflow_rate","4 bridge lines per cycle",2,8012,0,"core",3.16643225228321,2.83356774771679,8,0.268836486016664,0.3,3,4,"poolMean",0,0
14,42,12.5955261885779,6.59552618857795,0.0415646391404991,15.4609367784709,0.101435971677347,24.7650078246732,10.1161234519108,3.36570482059725,39,23560,4260,690,46,"CB","CB_nB4","inflow_rate","4 bridge lines per cycle",2,8012,0,"core",3.16643225228321,2.83356774771679,8,0.268836486016664,0.3,3,4,"poolMean",0,0
15,45,12.7458377401831,6.74583774018308,0.0463760241047366,17.2506436131076,0.0764507780730499,18.6650168167537,10.0099776737707,3.44646556774029,17,25260,4560,740,48,"CB","CB_nB4","inflow_rate","4 bridge lines per cycle",2,8012,0,"core",3.16643225228321,2.83356774771679,8,0.268836486016664,0.3,3,4,"poolMean",0,0
16,48,12.8432728461226,6.84327284612265,0.065040883799917,24.193473424543,0.0811421363444559,19.8103848984957,10.037107757168,3.26835636699596,5,26960,4860,790,49,"CB","CB_nB4","inflow_rate","4 bridge lines per cycle",2,8012,0,"core",3.16643225228321,2.83356774771679,8,0.268836486016664,0.3,3,4,"poolMean",0,0
17,51,13.0773920314687,7.07739203146867,0.0413330877842396,15.3748058519399,0.0595799302986023,14.5460965734297,10.3051988804654,3.24717643311055,4,28660,5160,840,50,"CB","CB_nB4","inflow_rate","4 bridge lines per cycle",2,8012,0,"core",3.16643225228321,2.83356774771679,8,0.268836486016664,0.3,3,4,"poolMean",0,0
18,54,13.2296087996606,7.22960879966061,0.0294273756590998,10.9461985964493,0.0445648810819788,10.8802588514791,10.3375707582308,3.31086108500177,5,30360,5460,890,53,"CB","CB_nB4","inflow_rate","4 bridge lines per cycle",2,8012,0,"core",3.16643225228321,2.83356774771679,8,0.268836486016664,0.3,3,4,"poolMean",0,0
19,57,13.1955034716759,7.19550347167588,0.0828688106442813,30.8249865455929,0.051427428027735,12.5557101336872,10.4834220097283,3.21326314086163,33,32060,5760,940,55,"CB","CB_nB4","inflow_rate","4 bridge lines per cycle",2,8012,0,"core",3.16643225228321,2.83356774771679,8,0.268836486016664,0.3,3,4,"poolMean",0,0
20,60,13.4704907463614,7.47049074636137,0.0166742003657026,6.20235765344332,0.0324204220967631,7.91525918891405,10.5546399746367,3.15926825135651,23,33760,6060,990,56,"CB","CB_nB4","inflow_rate","4 bridge lines per cycle",2,8012,0,"core",3.16643225228321,2.83356774771679,8,0.268836486016664,0.3,3,4,"poolMean",0,0
1,3,6.3195622047769,0.319562204776903,0.29856140990039,111.056878597157,0.393950763594333,96.1808082637849,5.10591432854736,3.21015722499481,0,1460,360,40,0,"CB","CB_nB8","inflow_rate","8 bridge lines per cycle",2,8012,0,"core",3.16643225228321,2.83356774771679,8,0.268836486016664,0.3,3,8,"poolMean",0,0
2,6,6.88218908699971,0.882189086999709,0.256675373411261,95.4763905801649,0.350696343879594,85.6204910018325,6.10975674318698,3.1869832237401,40,3160,660,90,6,"CB","CB_nB8","inflow_rate","8 bridge lines per cycle",2,8012,0,"core",3.16643225228321,2.83356774771679,8,0.268836486016664,0.3,3,8,"poolMean",0,0
3,9,7.40112312190154,1.40112312190154,0.281901961586417,104.860008313359,0.304755576017824,74.4043173234538,6.94455337378614,3.17327505658492,131,4860,960,140,13,"CB","CB_nB8","inflow_rate","8 bridge lines per cycle",2,8012,0,"core",3.16643225228321,2.83356774771679,8,0.268836486016664,0.3,3,8,"poolMean",0,0
4,12,8.34549821798042,2.34549821798042,0.199100671782933,74.0601377190267,0.293703399959481,71.7059922417446,7.16480271030373,3.16508539985767,97,6560,1260,190,18,"CB","CB_nB8","inflow_rate","8 bridge lines per cycle",2,8012,0,"core",3.16643225228321,2.83356774771679,8,0.268836486016664,0.3,3,8,"poolMean",0,0
5,15,8.7532355856419,2.7532355856419,0.208417060135993,77.5255856167806,0.271627159923317,66.3162054807521,7.67671123543077,3.25819608970685,102,8260,1560,240,24,"CB","CB_nB8","inflow_rate","8 bridge lines per cycle",2,8012,0,"core",3.16643225228321,2.83356774771679,8,0.268836486016664,0.3,3,8,"poolMean",0,0
6,18,9.30038612146187,3.30038612146187,0.237156255030303,88.215799330007,0.26403095884434,64.4616367705805,8.19523140537729,3.49729111744724,157,9960,1860,290,31,"CB","CB_nB8","inflow_rate","8 bridge lines per cycle",2,8012,0,"core",3.16643225228321,2.83356774771679,8,0.268836486016664,0.3,3,8,"poolMean",0,0
7,21,10.0555328105121,4.05553281051205,0.274439026768419,102.083995678848,0.222283888511981,54.2693301722209,8.63613169647807,3.40074473380982,73,11660,2160,340,36,"CB","CB_nB8","inflow_rate","8 bridge lines per cycle",2,8012,0,"core",3.16643225228321,2.83356774771679,8,0.268836486016664,0.3,3,8,"poolMean",0,0
8,24,10.7336018628914,4.73360186289139,0.122859765687215,45.7005548270704,0.186953558058571,45.6436336302674,8.97466889374738,3.36573241445075,88,13360,2460,390,40,"CB","CB_nB8","inflow_rate","8 bridge lines per cycle",2,8012,0,"core",3.16643225228321,2.83356774771679,8,0.268836486016664,0.3,3,8,"poolMean",0,0
9,27,11.3334875797755,5.3334875797755,0.138134590694558,51.3823821837918,0.141905060018311,34.645302485913,9.23334923225374,3.38506715856399,43,15060,2760,440,44,"CB","CB_nB8","inflow_rate","8 bridge lines per cycle",2,8012,0,"core",3.16643225228321,2.83356774771679,8,0.268836486016664,0.3,3,8,"poolMean",0,0
10,30,11.5211164134778,5.52111641347778,0.102642362666042,38.180220321612,0.144921477743081,35.3817434872771,9.24631566848065,3.48647401447629,53,16760,3060,490,46,"CB","CB_nB8","inflow_rate","8 bridge lines per cycle",2,8012,0,"core",3.16643225228321,2.83356774771679,8,0.268836486016664,0.3,3,8,"poolMean",0,0
11,33,11.931071318602,5.93107131860199,0.0914551495282946,34.018875519235,0.128529747242022,31.3797969646974,9.54173677579611,3.56868253674384,30,18460,3360,540,49,"CB","CB_nB8","inflow_rate","8 bridge lines per cycle",2,8012,0,"core",3.16643225228321,2.83356774771679,8,0.268836486016664,0.3,3,8,"poolMean",0,0
12,36,12.2499683069225,6.24996830692245,0.0780689496399129,29.0395663165579,0.115691460102401,28.2454031573464,9.83300609475822,3.51931860013447,30,20160,3660,590,52,"CB","CB_nB8","inflow_rate","8 bridge lines per cycle",2,8012,0,"core",3.16643225228321,2.83356774771679,8,0.268836486016664,0.3,3,8,"poolMean",0,0
13,39,12.3970371991138,6.39703719911383,0.0889981314916021,33.104930365027,0.0993147116920725,24.2471144258641,10.0713908445324,3.44863205554218,68,21860,3960,640,55,"CB","CB_nB8","inflow_rate","8 bridge lines per cycle",2,8012,0,"core",3.16643225228321,2.83356774771679,8,0.268836486016664,0.3,3,8,"poolMean",0,0
14,42,12.7634285632828,6.7634285632828,0.0527392392235877,19.6175898610424,0.0662715064014351,16.1798063097861,10.3395663534274,3.36570482059725,45,23560,4260,690,59,"CB","CB_nB8","inflow_rate","8 bridge lines per cycle",2,8012,0,"core",3.16643225228321,2.83356774771679,8,0.268836486016664,0.3,3,8,"poolMean",0,0
15,45,12.9852741558786,6.98527415587858,0.0445213993555311,16.5607726894523,0.0506520875252429,12.3664152189396,10.0717486972892,3.44646556774029,33,25260,4560,740,62,"CB","CB_nB8","inflow_rate","8 bridge lines per cycle",2,8012,0,"core",3.16643225228321,2.83356774771679,8,0.268836486016664,0.3,3,8,"poolMean",0,0
16,48,13.0129239390279,7.01292393902788,0.0487865431936227,18.1472923993652,0.0494212037237332,12.0659020334139,10.1887715269302,3.26835636699596,16,26960,4860,790,65,"CB","CB_nB8","inflow_rate","8 bridge lines per cycle",2,8012,0,"core",3.16643225228321,2.83356774771679,8,0.268836486016664,0.3,3,8,"poolMean",0,0
17,51,13.2148073545174,7.21480735451742,0.042945593484406,15.9746149493057,0.0389758432946833,9.5157274900106,10.3356475689307,3.24717643311055,9,28660,5160,840,66,"CB","CB_nB8","inflow_rate","8 bridge lines per cycle",2,8012,0,"core",3.16643225228321,2.83356774771679,8,0.268836486016664,0.3,3,8,"poolMean",0,0
18,54,13.4639685030085,7.46396850300846,0.0418926234083018,15.5829381751795,0.0325850036984213,7.95544083833747,10.6982341735389,3.31086108500177,32,30360,5460,890,71,"CB","CB_nB8","inflow_rate","8 bridge lines per cycle",2,8012,0,"core",3.16643225228321,2.83356774771679,8,0.268836486016664,0.3,3,8,"poolMean",0,0
19,57,13.796709235627,7.79670923562703,0.0788522026625496,29.3309155430866,0.055399286412249,13.5254164651242,10.8565938402624,3.21326314086163,28,32060,5760,940,73,"CB","CB_nB8","inflow_rate","8 bridge lines per cycle",2,8012,0,"core",3.16643225228321,2.83356774771679,8,0.268836486016664,0.3,3,8,"poolMean",0,0
20,60,14.0756613688074,8.07566136880745,0.035850670024213,13.3354927210255,0.0428480025835583,10.4610928618966,11.0628241768288,3.15926825135651,27,33760,6060,990,77,"CB","CB_nB8","inflow_rate","8 bridge lines per cycle",2,8012,0,"core",3.16643225228321,2.83356774771679,8,0.268836486016664,0.3,3,8,"poolMean",0,0
1,3,6.3195622047769,0.319562204776903,0.29856140990039,111.056878597157,0.393950763594333,96.1808082637849,6.75375374575053,3.19015587275358,241,1760,360,50,2,"CB","CB_noRecurrent","mechanism","bridge pool rebuilt each cycle (not recurrent)",2,8012,0,"core",3.16643225228321,2.83356774771679,8,0.268836486016664,0.3,3,2,"poolMean",0,0
2,6,6.77574692706046,0.77574692706046,0.4125868974762,153.471317673236,0.336907917500093,82.254126175512,7.62622816981818,3.1566439839024,286,3460,660,100,4,"CB","CB_noRecurrent","mechanism","bridge pool rebuilt each cycle (not recurrent)",2,8012,0,"core",3.16643225228321,2.83356774771679,8,0.268836486016664,0.3,3,2,"poolMean",0,0
3,9,7.84589466970782,1.84589466970782,0.285955366656075,106.367766850795,0.339260501791275,82.828496070293,8.13796350361241,3.31144008756001,91,5160,960,150,6,"CB","CB_noRecurrent","mechanism","bridge pool rebuilt each cycle (not recurrent)",2,8012,0,"core",3.16643225228321,2.83356774771679,8,0.268836486016664,0.3,3,2,"poolMean",0,0
4,12,8.57642678077296,2.57642678077296,0.252589985926297,93.9567354375552,0.290217741384821,70.8549887915073,9.11181482913944,3.12942235175066,81,6860,1260,200,8,"CB","CB_noRecurrent","mechanism","bridge pool rebuilt each cycle (not recurrent)",2,8012,0,"core",3.16643225228321,2.83356774771679,8,0.268836486016664,0.3,3,2,"poolMean",0,0
5,15,9.43043374243229,3.43043374243229,0.193999394778217,72.162598779911,0.257359814889899,62.8329154254865,9.13996271836207,3.2017598241933,18,8560,1560,250,10,"CB","CB_noRecurrent","mechanism","bridge pool rebuilt each cycle (not recurrent)",2,8012,0,"core",3.16643225228321,2.83356774771679,8,0.268836486016664,0.3,3,2,"poolMean",0,0
6,18,9.89997380598099,3.89997380598099,0.176551977348367,65.6726250087286,0.226075065226163,55.1949241152659,9.61571668500949,3.17278938466856,1,10260,1860,300,11,"CB","CB_noRecurrent","mechanism","bridge pool rebuilt each cycle (not recurrent)",2,8012,0,"core",3.16643225228321,2.83356774771679,8,0.268836486016664,0.3,3,2,"poolMean",0,0
7,21,10.3277031138317,4.32770311383172,0.11534202495012,42.9041558529265,0.188301279258253,45.9726719931251,10.2986963847579,3.16284515636792,4,11960,2160,350,13,"CB","CB_noRecurrent","mechanism","bridge pool rebuilt each cycle (not recurrent)",2,8012,0,"core",3.16643225228321,2.83356774771679,8,0.268836486016664,0.3,3,2,"poolMean",0,0
8,24,10.7723242709061,4.7723242709061,0.0872594655630671,32.458193028776,0.174429113079668,42.5858625775208,10.4152916904335,3.26227306765387,2,13660,2460,400,15,"CB","CB_noRecurrent","mechanism","bridge pool rebuilt each cycle (not recurrent)",2,8012,0,"core",3.16643225228321,2.83356774771679,8,0.268836486016664,0.3,3,2,"poolMean",0,0
9,27,11.1568448146248,5.15684481462479,0.131224236086735,48.811914644131,0.16949915740723,41.3822423155532,10.8965246688669,3.23305805782417,6,15360,2760,450,17,"CB","CB_noRecurrent","mechanism","bridge pool rebuilt each cycle (not recurrent)",2,8012,0,"core",3.16643225228321,2.83356774771679,8,0.268836486016664,0.3,3,2,"poolMean",0,0
10,30,11.7154613030934,5.71546130309339,0.115277075105829,42.87999624377,0.169513383053416,41.3857154250751,10.9373091512919,3.09692233095767,0,17060,3060,500,19,"CB","CB_noRecurrent","mechanism","bridge pool rebuilt each cycle (not recurrent)",2,8012,0,"core",3.16643225228321,2.83356774771679,8,0.268836486016664,0.3,3,2,"poolMean",0,0
11,33,11.9777238184419,5.97772381844193,0.179115886514901,66.6263308112867,0.147018049607224,35.8936094236103,11.1778677265466,3.02220068472254,2,18760,3360,550,21,"CB","CB_noRecurrent","mechanism","bridge pool rebuilt each cycle (not recurrent)",2,8012,0,"core",3.16643225228321,2.83356774771679,8,0.268836486016664,0.3,3,2,"poolMean",0,0
12,36,12.3278768142799,6.32787681427988,0.0965003659849758,35.8955614302272,0.118298372019358,28.8818656760573,11.4331123813059,3.05366472857267,0,20460,3660,600,23,"CB","CB_noRecurrent","mechanism","bridge pool rebuilt each cycle (not recurrent)",2,8012,0,"core",3.16643225228321,2.83356774771679,8,0.268836486016664,0.3,3,2,"poolMean",0,0
13,39,12.3997155936527,6.3997155936527,0.165446626824705,61.5417309146236,0.110715293407579,27.0305007406166,11.976242995145,3.10843157065185,0,22160,3960,650,25,"CB","CB_noRecurrent","mechanism","bridge pool rebuilt each cycle (not recurrent)",2,8012,0,"core",3.16643225228321,2.83356774771679,8,0.268836486016664,0.3,3,2,"poolMean",0,0
14,42,12.9640281706379,6.96402817063794,0.175816285355384,65.39896721626,0.0769886995136558,18.7963472359864,12.0264977212268,3.09341817888391,0,23860,4260,700,27,"CB","CB_noRecurrent","mechanism","bridge pool rebuilt each cycle (not recurrent)",2,8012,0,"core",3.16643225228321,2.83356774771679,8,0.268836486016664,0.3,3,2,"poolMean",0,0
15,45,13.2867504219909,7.28675042199091,0.136586972220947,50.8067094034551,0.0560884560957768,13.6936732710961,12.4863121881167,3.1708101253647,0,25560,4560,750,29,"CB","CB_noRecurrent","mechanism","bridge pool rebuilt each cycle (not recurrent)",2,8012,0,"core",3.16643225228321,2.83356774771679,8,0.268836486016664,0.3,3,2,"poolMean",0,0
16,48,13.2376402734136,7.23764027341356,0.259862215578354,96.6618108385206,0.0578921850486938,14.1340432985521,11.9878845311298,3.01557316028652,0,27260,4860,800,31,"CB","CB_noRecurrent","mechanism","bridge pool rebuilt each cycle (not recurrent)",2,8012,0,"core",3.16643225228321,2.83356774771679,8,0.268836486016664,0.3,3,2,"poolMean",0,0
17,51,13.4883660557355,7.48836605573547,0.203482124791175,75.6899213370026,0.0426687382666911,10.4173265121837,12.5322315575009,2.79101019375019,0,28960,5160,850,33,"CB","CB_noRecurrent","mechanism","bridge pool rebuilt each cycle (not recurrent)",2,8012,0,"core",3.16643225228321,2.83356774771679,8,0.268836486016664,0.3,3,2,"poolMean",0,0
18,54,13.6080263334603,7.60802633346032,0.287123661155673,106.802341233502,0.0477981396777477,11.6696403016623,12.5129027894241,2.81365944808317,0,30660,5460,900,35,"CB","CB_noRecurrent","mechanism","bridge pool rebuilt each cycle (not recurrent)",2,8012,0,"core",3.16643225228321,2.83356774771679,8,0.268836486016664,0.3,3,2,"poolMean",0,0
19,57,13.9617455974264,7.9617455974264,0.0499010852724163,18.5618723156957,0.014497715845938,3.5395337613227,12.2502624765626,2.91178354786767,0,32360,5760,950,37,"CB","CB_noRecurrent","mechanism","bridge pool rebuilt each cycle (not recurrent)",2,8012,0,"core",3.16643225228321,2.83356774771679,8,0.268836486016664,0.3,3,2,"poolMean",0,0
20,60,13.653613095483,7.65361309548301,0.403394402853138,150.051954937446,0.0503013211172495,12.2807776221882,12.575372509624,2.84896595603995,0,34060,6060,1000,39,"CB","CB_noRecurrent","mechanism","bridge pool rebuilt each cycle (not recurrent)",2,8012,0,"core",3.16643225228321,2.83356774771679,8,0.268836486016664,0.3,3,2,"poolMean",0,0
1,3,6.3195622047769,0.319562204776903,0.29856140990039,111.056878597157,0.393950763594333,96.1808082637849,5.29102537281914,3.11905650666337,0,1460,360,40,0,"CB","CB_noWithinFam","mechanism","bridge pool selected across families",2,8012,0,"core",3.19098889979596,2.80901110020404,8,0.268836486016664,0.3,3,2,"poolMean",0,0
2,6,6.87879835499591,0.878798354995907,0.294000672539335,109.360405983402,0.34257150682423,83.6368588649973,6.99422268679311,3.22465232812935,19,3160,660,90,2,"CB","CB_noWithinFam","mechanism","bridge pool selected across families",2,8012,0,"core",3.19098889979596,2.80901110020404,8,0.268836486016664,0.3,3,2,"poolMean",0,0
3,9,7.27591027803111,1.27591027803111,0.293466431053812,109.161682404829,0.30646644592146,74.8220163492523,7.77430079557511,3.2742319837937,171,4860,960,140,4,"CB","CB_noWithinFam","mechanism","bridge pool selected across families",2,8012,0,"core",3.19098889979596,2.80901110020404,8,0.268836486016664,0.3,3,2,"poolMean",0,0
4,12,7.96908306918756,1.96908306918756,0.228008536068757,84.813091945646,0.230387171140482,56.2476999199736,8.63070653095546,3.26871023843487,270,6560,1260,190,6,"CB","CB_noWithinFam","mechanism","bridge pool selected across families",2,8012,0,"core",3.19098889979596,2.80901110020404,8,0.268836486016664,0.3,3,2,"poolMean",0,0
5,15,8.70119335205777,2.70119335205777,0.1470071826642,54.6827496677991,0.226046339361875,55.1879108610711,9.13706470345338,3.35861850071363,268,8260,1560,240,8,"CB","CB_noWithinFam","mechanism","bridge pool selected across families",2,8012,0,"core",3.19098889979596,2.80901110020404,8,0.268836486016664,0.3,3,2,"poolMean",0,0
6,18,9.10322826165037,3.10322826165037,0.180597513641407,67.1774565712083,0.216193809561363,52.7824724986465,9.40814637785735,3.31587752158011,262,9960,1860,290,10,"CB","CB_noWithinFam","mechanism","bridge pool selected across families",2,8012,0,"core",3.19098889979596,2.80901110020404,8,0.268836486016664,0.3,3,2,"poolMean",0,0
7,21,9.40193148297719,3.40193148297719,0.124115436023833,46.1676306898832,0.215070188780212,52.5081469612951,9.96752362443451,3.274446912982,255,11660,2160,340,12,"CB","CB_noWithinFam","mechanism","bridge pool selected across families",2,8012,0,"core",3.19098889979596,2.80901110020404,8,0.268836486016664,0.3,3,2,"poolMean",0,0
8,24,9.93548361054565,3.93548361054565,0.126548889555105,47.0728104767971,0.200748913240083,49.0116900836626,10.3984042591091,3.20472300418346,283,13360,2460,390,14,"CB","CB_noWithinFam","mechanism","bridge pool selected across families",2,8012,0,"core",3.19098889979596,2.80901110020404,8,0.268836486016664,0.3,3,2,"poolMean",0,0
9,27,10.3564028619952,4.35640286199518,0.145196048069497,54.0090559212626,0.178786816322987,43.6497707072883,10.9096584558765,3.12821104143727,282,15060,2760,440,16,"CB","CB_noWithinFam","mechanism","bridge pool selected across families",2,8012,0,"core",3.19098889979596,2.80901110020404,8,0.268836486016664,0.3,3,2,"poolMean",0,0
10,30,10.8124082987026,4.81240829870257,0.0795583037794471,29.5935663191624,0.146583440757263,35.7875021779066,11.2706982049033,3.07867926026918,249,16760,3060,490,18,"CB","CB_noWithinFam","mechanism","bridge pool selected across families",2,8012,0,"core",3.19098889979596,2.80901110020404,8,0.268836486016664,0.3,3,2,"poolMean",0,0
11,33,11.194162580094,5.19416258009396,0.102139158646078,37.9930418521191,0.138055485146449,33.7054509692679,11.4040166174694,3.00855342749475,274,18460,3360,540,20,"CB","CB_noWithinFam","mechanism","bridge pool selected across families",2,8012,0,"core",3.19098889979596,2.80901110020404,8,0.268836486016664,0.3,3,2,"poolMean",0,0
12,36,11.5574781167444,5.55747811674444,0.0553610084190229,20.5928180505943,0.107939375142275,26.3527762960814,11.5695060213457,2.86591043982358,195,20160,3660,590,22,"CB","CB_noWithinFam","mechanism","bridge pool selected across families",2,8012,0,"core",3.19098889979596,2.80901110020404,8,0.268836486016664,0.3,3,2,"poolMean",0,0
13,39,11.6302494833714,5.63024948337143,0.054296672145713,20.1969133543679,0.101037002078772,24.6676016967765,11.6326078575479,2.86512995137628,240,21860,3960,640,24,"CB","CB_noWithinFam","mechanism","bridge pool selected across families",2,8012,0,"core",3.19098889979596,2.80901110020404,8,0.268836486016664,0.3,3,2,"poolMean",0,0
14,42,11.7556695932981,5.75566959329808,0.0495085557262191,18.4158617975502,0.0878140229322901,21.4392875532523,11.7031459797876,2.87047864144651,185,23560,4260,690,26,"CB","CB_noWithinFam","mechanism","bridge pool selected across families",2,8012,0,"core",3.19098889979596,2.80901110020404,8,0.268836486016664,0.3,3,2,"poolMean",0,0
15,45,11.7441387746273,5.74413877462725,0.0635861012144019,23.6523331176336,0.0873697652506659,21.3308246009123,11.9300324602765,2.91910209310788,181,25260,4560,740,28,"CB","CB_noWithinFam","mechanism","bridge pool selected across families",2,8012,0,"core",3.19098889979596,2.80901110020404,8,0.268836486016664,0.3,3,2,"poolMean",0,0
16,48,11.8321546066651,5.83215460666507,0.0565841691239931,21.0478011978202,0.0725180035286262,17.7048525796019,12.0905576378709,2.89559947771677,258,26960,4860,790,30,"CB","CB_noWithinFam","mechanism","bridge pool selected across families",2,8012,0,"core",3.19098889979596,2.80901110020404,8,0.268836486016664,0.3,3,2,"poolMean",0,0
17,51,11.9643900307397,5.96439003073972,0.0794876609420043,29.5672890684478,0.0658806487994522,16.0843806791012,12.3545419200832,2.78481189810924,284,28660,5160,840,32,"CB","CB_noWithinFam","mechanism","bridge pool selected across families",2,8012,0,"core",3.19098889979596,2.80901110020404,8,0.268836486016664,0.3,3,2,"poolMean",0,0
18,54,12.2423500646602,6.24235006466022,0.07039515355857,26.1851189180499,0.0522444628238152,12.7551844698953,12.5021506720776,2.59741255903594,299,30360,5460,890,34,"CB","CB_noWithinFam","mechanism","bridge pool selected across families",2,8012,0,"core",3.19098889979596,2.80901110020404,8,0.268836486016664,0.3,3,2,"poolMean",0,0
19,57,12.5428717866635,6.5428717866635,0.0483904184078812,17.9999445480334,0.0408251682591777,9.96722952088527,12.5405034629857,2.61537479944843,222,32060,5760,940,36,"CB","CB_noWithinFam","mechanism","bridge pool selected across families",2,8012,0,"core",3.19098889979596,2.80901110020404,8,0.268836486016664,0.3,3,2,"poolMean",0,0
20,60,12.6424213682295,6.64242136822953,0.0399603864350856,14.8641975749559,0.0339656865290574,8.29252659340724,12.6329591016075,2.72747424831752,274,33760,6060,990,38,"CB","CB_noWithinFam","mechanism","bridge pool selected across families",2,8012,0,"core",3.19098889979596,2.80901110020404,8,0.268836486016664,0.3,3,2,"poolMean",0,0
1,3,6.3195622047769,0.319562204776903,0.29856140990039,111.056878597157,0.393950763594333,96.1808082637849,5.07848404780345,3.09789711136311,0,1460,360,40,0,"CB","CB_noDistinctFam","mechanism","highest-ranking eligible lines admitted",2,8012,0,"core",3.21512760237949,2.78487239762051,8,0.268836486016664,0.3,3,2,"poolMean",0,0
2,6,6.7813683235993,0.781368323599303,0.353588210860309,131.525380389919,0.347974133918283,84.9558791301513,6.08944992246569,3.09982373618916,49,3160,660,90,2,"CB","CB_noDistinctFam","mechanism","highest-ranking eligible lines admitted",2,8012,0,"core",3.21512760237949,2.78487239762051,8,0.268836486016664,0.3,3,2,"poolMean",0,0
3,9,7.52264172638221,1.52264172638221,0.277728200809217,103.307480663916,0.283698588389876,69.2633751631232,6.90820844631236,3.15911169366911,96,4860,960,140,4,"CB","CB_noDistinctFam","mechanism","highest-ranking eligible lines admitted",2,8012,0,"core",3.21512760237949,2.78487239762051,8,0.268836486016664,0.3,3,2,"poolMean",0,0
4,12,8.61896376888575,2.61896376888575,0.161367989264973,60.0245865641061,0.234294545973906,57.2016629640847,7.65455421234352,3.15879818452949,98,6560,1260,190,6,"CB","CB_noDistinctFam","mechanism","highest-ranking eligible lines admitted",2,8012,0,"core",3.21512760237949,2.78487239762051,8,0.268836486016664,0.3,3,2,"poolMean",0,0
5,15,9.34673974343512,3.34673974343512,0.138990335888341,51.700696563831,0.213366521935997,52.092206520937,8.06146789219805,3.18643162510357,136,8260,1560,240,8,"CB","CB_noDistinctFam","mechanism","highest-ranking eligible lines admitted",2,8012,0,"core",3.21512760237949,2.78487239762051,8,0.268836486016664,0.3,3,2,"poolMean",0,0
6,18,9.8956810666541,3.8956810666541,0.0967369736180901,35.9835731568422,0.177444218631662,43.3219832194648,8.23847046778473,3.10552209608181,105,9960,1860,290,10,"CB","CB_noDistinctFam","mechanism","highest-ranking eligible lines admitted",2,8012,0,"core",3.21512760237949,2.78487239762051,8,0.268836486016664,0.3,3,2,"poolMean",0,0
7,21,10.3527064417956,4.35270644179555,0.120679740654342,44.8896436798619,0.166398223725427,40.6251672304156,8.47313130133945,3.20008386607969,36,11660,2160,340,12,"CB","CB_noDistinctFam","mechanism","highest-ranking eligible lines admitted",2,8012,0,"core",3.21512760237949,2.78487239762051,8,0.268836486016664,0.3,3,2,"poolMean",0,0
8,24,10.7943910805625,4.79439108056249,0.0844082789724201,31.3976276892668,0.136589374943022,33.3475086135205,8.70826004787295,3.1996268986914,81,13360,2460,390,14,"CB","CB_noDistinctFam","mechanism","highest-ranking eligible lines admitted",2,8012,0,"core",3.21512760237949,2.78487239762051,8,0.268836486016664,0.3,3,2,"poolMean",0,0
9,27,11.2025978987052,5.20259789870519,0.0625833559653986,23.2793386391456,0.110904799457587,27.0767675504441,8.94832642962289,3.13579171260958,48,15060,2760,440,16,"CB","CB_noDistinctFam","mechanism","highest-ranking eligible lines admitted",2,8012,0,"core",3.21512760237949,2.78487239762051,8,0.268836486016664,0.3,3,2,"poolMean",0,0
10,30,11.3207988169175,5.32079881691746,0.068112214240644,25.3359264026469,0.0978854552470394,23.8981697028096,9.2007598807131,3.14767084341489,45,16760,3060,490,18,"CB","CB_noDistinctFam","mechanism","highest-ranking eligible lines admitted",2,8012,0,"core",3.21512760237949,2.78487239762051,8,0.268836486016664,0.3,3,2,"poolMean",0,0
11,33,11.7009007454187,5.70090074541872,0.0415905940365751,15.4705913073113,0.0772385061598799,18.8573360888174,9.36918632818756,3.15890757641302,28,18460,3360,540,20,"CB","CB_noDistinctFam","mechanism","highest-ranking eligible lines admitted",2,8012,0,"core",3.21512760237949,2.78487239762051,8,0.268836486016664,0.3,3,2,"poolMean",0,0
12,36,11.9558939689595,5.95589396895945,0.0453557725975986,16.8711372736762,0.059318548487715,14.4822817108636,9.34534019676722,3.11880901421079,17,20160,3660,590,22,"CB","CB_noDistinctFam","mechanism","highest-ranking eligible lines admitted",2,8012,0,"core",3.21512760237949,2.78487239762051,8,0.268836486016664,0.3,3,2,"poolMean",0,0
13,39,12.1511965814381,6.15119658143807,0.0392002005790977,14.5814287189678,0.0488389125954116,11.9237390106651,9.50122432554422,3.07301162402663,64,21860,3960,640,24,"CB","CB_noDistinctFam","mechanism","highest-ranking eligible lines admitted",2,8012,0,"core",3.21512760237949,2.78487239762051,8,0.268836486016664,0.3,3,2,"poolMean",0,0
14,42,12.3409781113864,6.34097811138638,0.0298171969467813,11.0912017146858,0.0426827370870526,10.420744243488,9.77029115348865,3.00217462521696,38,23560,4260,690,26,"CB","CB_noDistinctFam","mechanism","highest-ranking eligible lines admitted",2,8012,0,"core",3.21512760237949,2.78487239762051,8,0.268836486016664,0.3,3,2,"poolMean",0,0
15,45,12.5080883379263,6.50808833792627,0.0159968209006782,5.95039056554496,0.0259347092123789,6.33180977077998,9.71960769822295,3.03739700733794,22,25260,4560,740,28,"CB","CB_noDistinctFam","mechanism","highest-ranking eligible lines admitted",2,8012,0,"core",3.21512760237949,2.78487239762051,8,0.268836486016664,0.3,3,2,"poolMean",0,0
16,48,12.5388568446772,6.53885684467722,0.0148631963281324,5.52871247067673,0.0226075921564391,5.51951331853084,9.63328577947586,2.91840791691868,8,26960,4860,790,30,"CB","CB_noDistinctFam","mechanism","highest-ranking eligible lines admitted",2,8012,0,"core",3.21512760237949,2.78487239762051,8,0.268836486016664,0.3,3,2,"poolMean",0,0
17,51,12.5151423909316,6.51514239093162,0.013083235752156,4.86661462735569,0.0200565201807588,4.89668379963015,9.7564669030356,2.86768996800722,0,28660,5160,840,32,"CB","CB_noDistinctFam","mechanism","highest-ranking eligible lines admitted",2,8012,0,"core",3.21512760237949,2.78487239762051,8,0.268836486016664,0.3,3,2,"poolMean",0,0
18,54,12.545381635197,6.54538163519699,0.0197341193623581,7.34056587882004,0.0263802966573672,6.44059737718073,9.79439204901959,2.8507811825793,12,30360,5460,890,34,"CB","CB_noDistinctFam","mechanism","highest-ranking eligible lines admitted",2,8012,0,"core",3.21512760237949,2.78487239762051,8,0.268836486016664,0.3,3,2,"poolMean",0,0
19,57,12.5880323845938,6.5880323845938,0.0147425649634357,5.48384082156241,0.0260481096567273,6.35949583564602,9.69892336085761,2.76021832168004,28,32060,5760,940,36,"CB","CB_noDistinctFam","mechanism","highest-ranking eligible lines admitted",2,8012,0,"core",3.21512760237949,2.78487239762051,8,0.268836486016664,0.3,3,2,"poolMean",0,0
20,60,12.6349731287927,6.63497312879268,0.0141293163666277,5.25572870557158,0.0219515552550362,5.35934569034274,9.83528009130347,2.75330496251389,22,33760,6060,990,38,"CB","CB_noDistinctFam","mechanism","highest-ranking eligible lines admitted",2,8012,0,"core",3.21512760237949,2.78487239762051,8,0.268836486016664,0.3,3,2,"poolMean",0,0
1,3,6.19659407943788,0.196594079437884,0.21012124105546,117.756102716097,0.204919165454606,95.6607957478735,NA,NA,0,1260,260,30,0,"GSRS","GSRS_base","baseline","baseline",3,8013,0,"core",NA,NA,7,0.17843766582701,0.3,3,2,"poolMean",0,0
2,6,6.8965681388954,0.8965681388954,0.161189053198075,90.3335360564197,0.171075820182581,79.8619741378513,NA,NA,0,2460,460,60,0,"GSRS","GSRS_base","baseline","baseline",3,8013,0,"core",NA,NA,7,0.17843766582701,0.3,3,2,"poolMean",0,0
3,9,7.24019164768954,1.24019164768954,0.141748387446029,79.4386021522214,0.155536456236009,72.607855582141,NA,NA,0,3660,660,90,0,"GSRS","GSRS_base","baseline","baseline",3,8013,0,"core",NA,NA,7,0.17843766582701,0.3,3,2,"poolMean",0,0
4,12,7.8058285723391,1.8058285723391,0.100739514674203,56.4564181039375,0.124600134847126,58.1660969745109,NA,NA,0,4860,860,120,0,"GSRS","GSRS_base","baseline","baseline",3,8013,0,"core",NA,NA,7,0.17843766582701,0.3,3,2,"poolMean",0,0
5,15,8.14241377591977,2.14241377591977,0.112481194224744,63.0366877438263,0.10907096631996,50.9167378659282,NA,NA,0,6060,1060,150,0,"GSRS","GSRS_base","baseline","baseline",3,8013,0,"core",NA,NA,7,0.17843766582701,0.3,3,2,"poolMean",0,0
6,18,8.47461074563387,2.47461074563387,0.0675023047188875,37.8296277336025,0.0928032557604452,43.322611012703,NA,NA,0,7260,1260,180,0,"GSRS","GSRS_base","baseline","baseline",3,8013,0,"core",NA,NA,7,0.17843766582701,0.3,3,2,"poolMean",0,0
7,21,8.77277919639059,2.77277919639059,0.0931192454480332,52.1858683907632,0.0795516676216564,37.1364767706112,NA,NA,0,8460,1460,210,0,"GSRS","GSRS_base","baseline","baseline",3,8013,0,"core",NA,NA,7,0.17843766582701,0.3,3,2,"poolMean",0,0
8,24,9.1244322498411,3.1244322498411,0.0567708105336826,31.815485968484,0.0674554568843788,31.4896982367689,NA,NA,0,9660,1660,240,0,"GSRS","GSRS_base","baseline","baseline",3,8013,0,"core",NA,NA,7,0.17843766582701,0.3,3,2,"poolMean",0,0
9,27,9.39434307776425,3.39434307776425,0.0442200833259424,24.7818100068696,0.0532446632839773,24.8557856839465,NA,NA,0,10860,1860,270,0,"GSRS","GSRS_base","baseline","baseline",3,8013,0,"core",NA,NA,7,0.17843766582701,0.3,3,2,"poolMean",0,0
10,30,9.58030127677956,3.58030127677956,0.0285878481933612,16.0211960075046,0.0402657113483338,18.7969240475414,NA,NA,0,12060,2060,300,0,"GSRS","GSRS_base","baseline","baseline",3,8013,0,"core",NA,NA,7,0.17843766582701,0.3,3,2,"poolMean",0,0
11,33,9.64794937396949,3.64794937396949,0.0227524027067283,12.7508968475222,0.0390232035531785,18.2168939457019,NA,NA,0,13260,2260,330,0,"GSRS","GSRS_base","baseline","baseline",3,8013,0,"core",NA,NA,7,0.17843766582701,0.3,3,2,"poolMean",0,0
12,36,9.72133247866024,3.72133247866024,0.0232677134827358,13.039687206676,0.0344531487520323,16.0834913529323,NA,NA,0,14460,2460,360,0,"GSRS","GSRS_base","baseline","baseline",3,8013,0,"core",NA,NA,7,0.17843766582701,0.3,3,2,"poolMean",0,0
13,39,9.86317184056634,3.86317184056634,0.027615347512212,15.4761873756992,0.0335210374789132,15.6483612082515,NA,NA,0,15660,2660,390,0,"GSRS","GSRS_base","baseline","baseline",3,8013,0,"core",NA,NA,7,0.17843766582701,0.3,3,2,"poolMean",0,0
14,42,9.92967456195684,3.92967456195684,0.0218001285686306,12.2172235708156,0.0263600451151283,12.3054516939345,NA,NA,0,16860,2860,420,0,"GSRS","GSRS_base","baseline","baseline",3,8013,0,"core",NA,NA,7,0.17843766582701,0.3,3,2,"poolMean",0,0
15,45,10.0450319225332,4.04503192253318,0.0218838847909017,12.2641622156824,0.0228229523721062,10.6542586213837,NA,NA,0,18060,3060,450,0,"GSRS","GSRS_base","baseline","baseline",3,8013,0,"core",NA,NA,7,0.17843766582701,0.3,3,2,"poolMean",0,0
16,48,10.047469942788,4.04746994278798,0.013236593728791,7.41804913634295,0.0167030149753406,7.7973365760348,NA,NA,0,19260,3260,480,0,"GSRS","GSRS_base","baseline","baseline",3,8013,0,"core",NA,NA,7,0.17843766582701,0.3,3,2,"poolMean",0,0
17,51,10.052362446345,4.05236244634496,0.0127898935447171,7.16770951101579,0.0137470304461202,6.41741766188003,NA,NA,0,20460,3460,510,0,"GSRS","GSRS_base","baseline","baseline",3,8013,0,"core",NA,NA,7,0.17843766582701,0.3,3,2,"poolMean",0,0
18,54,10.2276041064153,4.22760410641531,0.00538969410490308,3.02049126226984,0.00854205112442948,3.98761826922898,NA,NA,0,21660,3660,540,0,"GSRS","GSRS_base","baseline","baseline",3,8013,0,"core",NA,NA,7,0.17843766582701,0.3,3,2,"poolMean",0,0
19,57,10.2015650065159,4.20156500651585,0.0065011484021459,3.64337225104064,0.00706550288011689,3.29833291274358,NA,NA,0,22860,3860,570,0,"GSRS","GSRS_base","baseline","baseline",3,8013,0,"core",NA,NA,7,0.17843766582701,0.3,3,2,"poolMean",0,0
20,60,10.1871017097779,4.1871017097779,0.00390194498828754,2.18672720818393,0.0042924384736003,2.00380515493732,NA,NA,0,24060,4060,600,0,"GSRS","GSRS_base","baseline","baseline",3,8013,0,"core",NA,NA,7,0.17843766582701,0.3,3,2,"poolMean",0,0
1,3,6.19659407943788,0.196594079437884,0.21012124105546,117.756102716097,0.204919165454606,95.6607957478735,5.291410968472,3.59586250904119,0,1460,360,40,0,"CB","CB_base","baseline","2 bridge lines per cycle (as specified)",3,8013,0,"core",3.54712120872108,2.45287879127892,7,0.17843766582701,0.3,3,2,"poolMean",0,0
2,6,6.91803686972838,0.918036869728375,0.154016872257807,86.3141038883138,0.176971793209761,82.6143446652092,6.26623133533675,3.57264109170062,54,3160,660,90,2,"CB","CB_base","baseline","2 bridge lines per cycle (as specified)",3,8013,0,"core",3.54712120872108,2.45287879127892,7,0.17843766582701,0.3,3,2,"poolMean",0,0
3,9,7.41676895436396,1.41676895436396,0.210791899691415,118.131953090987,0.157091879208309,73.3339614050138,6.67136548053005,3.51561481034882,100,4860,960,140,4,"CB","CB_base","baseline","2 bridge lines per cycle (as specified)",3,8013,0,"core",3.54712120872108,2.45287879127892,7,0.17843766582701,0.3,3,2,"poolMean",0,0
4,12,8.00415405969367,2.00415405969367,0.152578882127041,85.508225754848,0.132763751663021,61.9770537440092,7.07683636734964,3.5510374548276,82,6560,1260,190,6,"CB","CB_base","baseline","2 bridge lines per cycle (as specified)",3,8013,0,"core",3.54712120872108,2.45287879127892,7,0.17843766582701,0.3,3,2,"poolMean",0,0
5,15,8.44153896507011,2.44153896507011,0.083194537056147,46.6238653540793,0.111015445416526,51.8244636868875,7.38560022195033,3.54940126554465,91,8260,1560,240,8,"CB","CB_base","baseline","2 bridge lines per cycle (as specified)",3,8013,0,"core",3.54712120872108,2.45287879127892,7,0.17843766582701,0.3,3,2,"poolMean",0,0
6,18,8.75552302792686,2.75552302792686,0.0692945389568925,38.8340312768222,0.103680166719865,48.4001934601455,7.50293925507544,3.57274838412196,79,9960,1860,290,10,"CB","CB_base","baseline","2 bridge lines per cycle (as specified)",3,8013,0,"core",3.54712120872108,2.45287879127892,7,0.17843766582701,0.3,3,2,"poolMean",0,0
7,21,9.26845820070412,3.26845820070412,0.0663334858502893,37.1745985035456,0.0921862958819653,43.0346005048085,7.76683251313763,3.66345497618662,53,11660,2160,340,12,"CB","CB_base","baseline","2 bridge lines per cycle (as specified)",3,8013,0,"core",3.54712120872108,2.45287879127892,7,0.17843766582701,0.3,3,2,"poolMean",0,0
8,24,9.53125956439609,3.53125956439609,0.069992905071745,39.2254094713395,0.0769206169540025,35.9082441650255,7.91459031374067,3.59483756480902,39,13360,2460,390,14,"CB","CB_base","baseline","2 bridge lines per cycle (as specified)",3,8013,0,"core",3.54712120872108,2.45287879127892,7,0.17843766582701,0.3,3,2,"poolMean",0,0
9,27,9.75408823787954,3.75408823787954,0.0540073857066128,30.2668079949956,0.064369541010704,30.0491244991595,8.03412853885617,3.63300267967005,12,15060,2760,440,16,"CB","CB_base","baseline","2 bridge lines per cycle (as specified)",3,8013,0,"core",3.54712120872108,2.45287879127892,7,0.17843766582701,0.3,3,2,"poolMean",0,0
10,30,9.85112536067776,3.85112536067776,0.0444409168744719,24.9055694987381,0.0572836285452346,26.7412639408618,8.21096750946736,3.61276926926135,81,16760,3060,490,18,"CB","CB_base","baseline","2 bridge lines per cycle (as specified)",3,8013,0,"core",3.54712120872108,2.45287879127892,7,0.17843766582701,0.3,3,2,"poolMean",0,0
11,33,10.0854753200792,4.08547532007916,0.0299918005131669,16.807998677949,0.0477506836204073,22.2910745439523,8.14603826944952,3.5308791714756,65,18460,3360,540,20,"CB","CB_base","baseline","2 bridge lines per cycle (as specified)",3,8013,0,"core",3.54712120872108,2.45287879127892,7,0.17843766582701,0.3,3,2,"poolMean",0,0
12,36,10.1503637323132,4.15036373231318,0.0281828789958249,15.7942432530738,0.037807088365789,17.6491844965215,8.36221131320251,3.5158553542212,68,20160,3660,590,22,"CB","CB_base","baseline","2 bridge lines per cycle (as specified)",3,8013,0,"core",3.54712120872108,2.45287879127892,7,0.17843766582701,0.3,3,2,"poolMean",0,0
13,39,10.2504040367617,4.25040403676169,0.0206794842232553,11.5891922971597,0.0322811271108684,15.069543642798,8.2970303122225,3.5478800792953,61,21860,3960,640,24,"CB","CB_base","baseline","2 bridge lines per cycle (as specified)",3,8013,0,"core",3.54712120872108,2.45287879127892,7,0.17843766582701,0.3,3,2,"poolMean",0,0
14,42,10.2364846813482,4.23648468134825,0.0236754050135812,13.2681656105801,0.0325448848170609,15.1926715698664,8.50273023209073,3.57828401229721,90,23560,4260,690,26,"CB","CB_base","baseline","2 bridge lines per cycle (as specified)",3,8013,0,"core",3.54712120872108,2.45287879127892,7,0.17843766582701,0.3,3,2,"poolMean",0,0
15,45,10.2725184655528,4.27251846555278,0.0201061147912836,11.267864717966,0.0278591441505551,13.0052642581505,8.4858648606343,3.67325283661393,53,25260,4560,740,28,"CB","CB_base","baseline","2 bridge lines per cycle (as specified)",3,8013,0,"core",3.54712120872108,2.45287879127892,7,0.17843766582701,0.3,3,2,"poolMean",0,0
16,48,10.3495191177137,4.34951911771368,0.0174426628324395,9.77521351873638,0.0280632809132272,13.1005598109861,8.48181704683029,3.64733774188586,63,26960,4860,790,30,"CB","CB_base","baseline","2 bridge lines per cycle (as specified)",3,8013,0,"core",3.54712120872108,2.45287879127892,7,0.17843766582701,0.3,3,2,"poolMean",0,0
17,51,10.3986505749785,4.39865057497846,0.0170274072615325,9.54249607705588,0.0227520284233995,10.6211497545005,8.72439193413886,3.70713884644965,64,28660,5160,840,32,"CB","CB_base","baseline","2 bridge lines per cycle (as specified)",3,8013,0,"core",3.54712120872108,2.45287879127892,7,0.17843766582701,0.3,3,2,"poolMean",0,0
18,54,10.5203070088801,4.52030700888014,0.0105296631183048,5.90103164009835,0.0163675634515455,7.64074039026622,8.71136516212677,3.76705159948958,82,30360,5460,890,34,"CB","CB_base","baseline","2 bridge lines per cycle (as specified)",3,8013,0,"core",3.54712120872108,2.45287879127892,7,0.17843766582701,0.3,3,2,"poolMean",0,0
19,57,10.5935450734334,4.5935450734334,0.00683295101018367,3.82932100042601,0.0100557098974599,4.69422764077121,8.53252985268911,3.72641723717479,44,32060,5760,940,36,"CB","CB_base","baseline","2 bridge lines per cycle (as specified)",3,8013,0,"core",3.54712120872108,2.45287879127892,7,0.17843766582701,0.3,3,2,"poolMean",0,0
20,60,10.5144927418073,4.5144927418073,0.00829033779538951,4.64606940298511,0.0108506376801692,5.06531749997189,8.53838598124725,3.70940537342779,0,33760,6060,990,38,"CB","CB_base","baseline","2 bridge lines per cycle (as specified)",3,8013,0,"core",3.54712120872108,2.45287879127892,7,0.17843766582701,0.3,3,2,"poolMean",0,0
1,3,6.19659407943788,0.196594079437884,0.21012124105546,117.756102716097,0.204919165454606,95.6607957478735,5.44049208023269,3.51515788223797,1,1460,360,40,1,"CB","CB_nB1","inflow_rate","1 bridge line per cycle",3,8013,0,"core",3.54009797141203,2.45990202858797,7,0.17843766582701,0.3,3,1,"poolMean",0,0
2,6,6.79047104783188,0.790471047831881,0.170355917288494,95.4708281454708,0.185576224350838,86.6310833049904,6.02891765766662,3.46584291394274,61,3160,660,90,2,"CB","CB_nB1","inflow_rate","1 bridge line per cycle",3,8013,0,"core",3.54009797141203,2.45990202858797,7,0.17843766582701,0.3,3,1,"poolMean",0,0
3,9,7.42273036526611,1.42273036526611,0.144889637444432,81.1990208305565,0.158560776898335,74.0196753136585,6.65711862261622,3.52228549351176,85,4860,960,140,3,"CB","CB_nB1","inflow_rate","1 bridge line per cycle",3,8013,0,"core",3.54009797141203,2.45990202858797,7,0.17843766582701,0.3,3,1,"poolMean",0,0
4,12,7.77044982691197,1.77044982691197,0.0977925608842339,54.8048868667902,0.115125366382354,53.7430656350253,6.79514274411522,3.4896586845308,66,6560,1260,190,4,"CB","CB_nB1","inflow_rate","1 bridge line per cycle",3,8013,0,"core",3.54009797141203,2.45990202858797,7,0.17843766582701,0.3,3,1,"poolMean",0,0
5,15,8.04802652014375,2.04802652014375,0.0861284840162833,48.2681073063254,0.106843029341989,49.8766876406793,7.0030578510225,3.47716407479431,71,8260,1560,240,5,"CB","CB_nB1","inflow_rate","1 bridge line per cycle",3,8013,0,"core",3.54009797141203,2.45990202858797,7,0.17843766582701,0.3,3,1,"poolMean",0,0
6,18,8.42089808479926,2.42089808479926,0.0690979160434682,38.7238399041022,0.0902392155012929,42.1256603469322,7.14150942010776,3.45898088314899,53,9960,1860,290,6,"CB","CB_nB1","inflow_rate","1 bridge line per cycle",3,8013,0,"core",3.54009797141203,2.45990202858797,7,0.17843766582701,0.3,3,1,"poolMean",0,0
7,21,8.65175000953119,2.65175000953119,0.0546537439018459,30.6290399218914,0.0716510082536171,33.4482743499013,7.15432762515942,3.45161905928755,55,11660,2160,340,7,"CB","CB_nB1","inflow_rate","1 bridge line per cycle",3,8013,0,"core",3.54009797141203,2.45990202858797,7,0.17843766582701,0.3,3,1,"poolMean",0,0
8,24,8.80744485842567,2.80744485842567,0.0393969561716479,22.0788340785864,0.0604916827238127,28.2388545388142,7.32504665665513,3.56557258176204,34,13360,2460,390,8,"CB","CB_nB1","inflow_rate","1 bridge line per cycle",3,8013,0,"core",3.54009797141203,2.45990202858797,7,0.17843766582701,0.3,3,1,"poolMean",0,0
9,27,8.97969962263612,2.97969962263612,0.0283006524025645,15.8602458014672,0.0524569956297128,24.488085013174,7.47603879012441,3.64391639238818,1,15060,2760,440,9,"CB","CB_nB1","inflow_rate","1 bridge line per cycle",3,8013,0,"core",3.54009797141203,2.45990202858797,7,0.17843766582701,0.3,3,1,"poolMean",0,0
10,30,9.08204914191601,3.08204914191601,0.0283205865601731,15.8714172979762,0.0483186711626968,22.5562236828811,7.56666488617114,3.76450482028114,71,16760,3060,490,10,"CB","CB_nB1","inflow_rate","1 bridge line per cycle",3,8013,0,"core",3.54009797141203,2.45990202858797,7,0.17843766582701,0.3,3,1,"poolMean",0,0
11,33,9.13858834019319,3.13858834019319,0.0328615505751024,18.4162634177028,0.0404974432599197,18.9051016258236,7.76806736956734,3.90424933817116,84,18460,3360,540,11,"CB","CB_nB1","inflow_rate","1 bridge line per cycle",3,8013,0,"core",3.54009797141203,2.45990202858797,7,0.17843766582701,0.3,3,1,"poolMean",0,0
12,36,9.38231500083522,3.38231500083522,0.0236948962670333,13.2790888948328,0.0399065139338343,18.6292427551382,7.86469128108472,3.97026563445531,83,20160,3660,590,12,"CB","CB_nB1","inflow_rate","1 bridge line per cycle",3,8013,0,"core",3.54009797141203,2.45990202858797,7,0.17843766582701,0.3,3,1,"poolMean",0,0
13,39,9.47784248544475,3.47784248544475,0.0211982126561571,11.8798979788876,0.0317286509270269,14.8116355488392,7.89879788299994,4.03979135076008,90,21860,3960,640,13,"CB","CB_nB1","inflow_rate","1 bridge line per cycle",3,8013,0,"core",3.54009797141203,2.45990202858797,7,0.17843766582701,0.3,3,1,"poolMean",0,0
14,42,9.74464677710585,3.74464677710585,0.00997281944174235,5.58896542135377,0.0192316973155424,8.97778138372599,8.14261177851819,4.09476001494439,94,23560,4260,690,14,"CB","CB_nB1","inflow_rate","1 bridge line per cycle",3,8013,0,"core",3.54009797141203,2.45990202858797,7,0.17843766582701,0.3,3,1,"poolMean",0,0
15,45,9.8069469575663,3.8069469575663,0.0106205049665404,5.95194121001152,0.0193983551787189,9.05558095788362,8.25370661922692,4.19609344529729,35,25260,4560,740,15,"CB","CB_nB1","inflow_rate","1 bridge line per cycle",3,8013,0,"core",3.54009797141203,2.45990202858797,7,0.17843766582701,0.3,3,1,"poolMean",0,0
16,48,9.85583985953663,3.85583985953663,0.0104144420591186,5.83645947779607,0.0177958367785371,8.30748994832914,8.29753360245199,4.2325699505913,49,26960,4860,790,16,"CB","CB_nB1","inflow_rate","1 bridge line per cycle",3,8013,0,"core",3.54009797141203,2.45990202858797,7,0.17843766582701,0.3,3,1,"poolMean",0,0
17,51,9.91395910034768,3.91395910034768,0.00745978581794933,4.1806116345309,0.0122782723790932,5.73176893233728,8.37724436878375,4.25686862956273,65,28660,5160,840,17,"CB","CB_nB1","inflow_rate","1 bridge line per cycle",3,8013,0,"core",3.54009797141203,2.45990202858797,7,0.17843766582701,0.3,3,1,"poolMean",0,0
18,54,9.93113180275304,3.93113180275304,0.00867841524002463,4.86355568472752,0.00872075133456767,4.07103947711945,8.3890242820304,4.25377530446744,75,30360,5460,890,18,"CB","CB_nB1","inflow_rate","1 bridge line per cycle",3,8013,0,"core",3.54009797141203,2.45990202858797,7,0.17843766582701,0.3,3,1,"poolMean",0,0
19,57,9.93981797522004,3.93981797522004,0.00659390229756404,3.69535337004276,0.00702363638133106,3.27878870573813,8.29307678555298,4.26551853359685,34,32060,5760,940,19,"CB","CB_nB1","inflow_rate","1 bridge line per cycle",3,8013,0,"core",3.54009797141203,2.45990202858797,7,0.17843766582701,0.3,3,1,"poolMean",0,0
20,60,9.96786971419135,3.96786971419135,0.00547229203713835,3.06678077847285,0.00916048584730231,4.27631726708448,8.2035757186053,4.18427432907034,1,33760,6060,990,20,"CB","CB_nB1","inflow_rate","1 bridge line per cycle",3,8013,0,"core",3.54009797141203,2.45990202858797,7,0.17843766582701,0.3,3,1,"poolMean",0,0
1,3,6.19659407943788,0.196594079437884,0.21012124105546,117.756102716097,0.204919165454606,95.6607957478735,5.44049208023269,3.51515788223797,1,1460,360,40,1,"CB","CB_nB4","inflow_rate","4 bridge lines per cycle",3,8013,0,"core",3.54009797141203,2.45990202858797,7,0.17843766582701,0.3,3,4,"poolMean",0,0
2,6,6.79047104783188,0.790471047831881,0.170355917288494,95.4708281454708,0.185576224350838,86.6310833049904,6.02891765766662,3.46584291394274,61,3160,660,90,5,"CB","CB_nB4","inflow_rate","4 bridge lines per cycle",3,8013,0,"core",3.54009797141203,2.45990202858797,7,0.17843766582701,0.3,3,4,"poolMean",0,0
3,9,7.33261211411776,1.33261211411776,0.185577873967658,104.001513978316,0.169809016758488,79.2706022994192,6.60091509333341,3.52228549351176,83,4860,960,140,9,"CB","CB_nB4","inflow_rate","4 bridge lines per cycle",3,8013,0,"core",3.54009797141203,2.45990202858797,7,0.17843766582701,0.3,3,4,"poolMean",0,0
4,12,7.74119561579975,1.74119561579975,0.120561119094361,67.5648375782062,0.137712438041056,64.2872099257372,6.83555542765845,3.4896586845308,69,6560,1260,190,13,"CB","CB_nB4","inflow_rate","4 bridge lines per cycle",3,8013,0,"core",3.54009797141203,2.45990202858797,7,0.17843766582701,0.3,3,4,"poolMean",0,0
5,15,8.17210430199638,2.17210430199638,0.114068963826385,63.9265052575679,0.126669959727821,59.1323369780107,6.95917636274765,3.47716407479431,55,8260,1560,240,17,"CB","CB_nB4","inflow_rate","4 bridge lines per cycle",3,8013,0,"core",3.54009797141203,2.45990202858797,7,0.17843766582701,0.3,3,4,"poolMean",0,0
6,18,8.42936817850619,2.42936817850619,0.114860811013378,64.3702720953169,0.107277767963624,50.0796332382555,7.13637148137395,3.45898088314899,87,9960,1860,290,21,"CB","CB_nB4","inflow_rate","4 bridge lines per cycle",3,8013,0,"core",3.54009797141203,2.45990202858797,7,0.17843766582701,0.3,3,4,"poolMean",0,0
7,21,8.74288718372295,2.74288718372295,0.0819680741677508,45.9365312742975,0.0865969047489378,40.4253491819987,7.21665394461232,3.45161905928755,60,11660,2160,340,24,"CB","CB_nB4","inflow_rate","4 bridge lines per cycle",3,8013,0,"core",3.54009797141203,2.45990202858797,7,0.17843766582701,0.3,3,4,"poolMean",0,0
8,24,8.99647247904612,2.99647247904612,0.0888184676746901,49.7756273951696,0.0779670479920775,36.3967413027893,7.61387546609565,3.56557258176204,28,13360,2460,390,27,"CB","CB_nB4","inflow_rate","4 bridge lines per cycle",3,8013,0,"core",3.54009797141203,2.45990202858797,7,0.17843766582701,0.3,3,4,"poolMean",0,0
9,27,9.40401061732166,3.40401061732166,0.0519708551224274,29.1254959436713,0.0639915441282601,29.8726671995967,7.89017884076763,3.64391639238818,31,15060,2760,440,31,"CB","CB_nB4","inflow_rate","4 bridge lines per cycle",3,8013,0,"core",3.54009797141203,2.45990202858797,7,0.17843766582701,0.3,3,4,"poolMean",0,0
10,30,9.61369967192452,3.61369967192452,0.0448818376264562,25.1526702159217,0.0594500295651516,27.7525878207659,8.11554798450069,3.76450482028114,99,16760,3060,490,35,"CB","CB_nB4","inflow_rate","4 bridge lines per cycle",3,8013,0,"core",3.54009797141203,2.45990202858797,7,0.17843766582701,0.3,3,4,"poolMean",0,0
11,33,9.78100789349698,3.78100789349698,0.0461862106458613,25.883666675307,0.0534345407455201,24.9444246798426,8.28925596456391,3.90424933817116,77,18460,3360,540,39,"CB","CB_nB4","inflow_rate","4 bridge lines per cycle",3,8013,0,"core",3.54009797141203,2.45990202858797,7,0.17843766582701,0.3,3,4,"poolMean",0,0
12,36,10.0578276699847,4.05782766998469,0.0426424339596918,23.8976640733647,0.0502375738730479,23.4520098814424,8.42239028682767,3.97026563445531,115,20160,3660,590,43,"CB","CB_nB4","inflow_rate","4 bridge lines per cycle",3,8013,0,"core",3.54009797141203,2.45990202858797,7,0.17843766582701,0.3,3,4,"poolMean",0,0
13,39,10.2205318216294,4.22053182162944,0.0337630581746644,18.9214861213197,0.0384714350037059,17.9593161911073,8.47942995051731,4.03979135076008,77,21860,3960,640,47,"CB","CB_nB4","inflow_rate","4 bridge lines per cycle",3,8013,0,"core",3.54009797141203,2.45990202858797,7,0.17843766582701,0.3,3,4,"poolMean",0,0
14,42,10.3376119428354,4.33761194283538,0.0234460908592543,13.1396534193541,0.0374526007518672,17.4837018431284,8.60583236524316,4.09476001494439,88,23560,4260,690,51,"CB","CB_nB4","inflow_rate","4 bridge lines per cycle",3,8013,0,"core",3.54009797141203,2.45990202858797,7,0.17843766582701,0.3,3,4,"poolMean",0,0
15,45,10.3187584749686,4.31875847496856,0.0333776240888466,18.7054812301822,0.0324834326406873,15.1639843356621,8.68025788132337,4.19609344529729,69,25260,4560,740,55,"CB","CB_nB4","inflow_rate","4 bridge lines per cycle",3,8013,0,"core",3.54009797141203,2.45990202858797,7,0.17843766582701,0.3,3,4,"poolMean",0,0
16,48,10.4234909003838,4.42349090038379,0.0244074448228872,13.6784152100205,0.0321322857694487,15.0000612147937,8.78185455189014,4.2325699505913,75,26960,4860,790,59,"CB","CB_nB4","inflow_rate","4 bridge lines per cycle",3,8013,0,"core",3.54009797141203,2.45990202858797,7,0.17843766582701,0.3,3,4,"poolMean",0,0
17,51,10.6164932274697,4.61649322746969,0.0170224464263856,9.5397159268427,0.0242958040418633,11.3418183351615,8.88649326658713,4.25686862956273,60,28660,5160,840,63,"CB","CB_nB4","inflow_rate","4 bridge lines per cycle",3,8013,0,"core",3.54009797141203,2.45990202858797,7,0.17843766582701,0.3,3,4,"poolMean",0,0
18,54,10.6638657531248,4.66386575312483,0.020988851597842,11.7625678976266,0.0198485190342831,9.26572739560053,8.88758567184719,4.25377530446744,49,30360,5460,890,67,"CB","CB_nB4","inflow_rate","4 bridge lines per cycle",3,8013,0,"core",3.54009797141203,2.45990202858797,7,0.17843766582701,0.3,3,4,"poolMean",0,0
19,57,10.7647692727772,4.76476927277721,0.0182001650795903,10.1997327723592,0.0192819303955782,9.0012312957849,8.74856508061568,4.26551853359685,50,32060,5760,940,70,"CB","CB_nB4","inflow_rate","4 bridge lines per cycle",3,8013,0,"core",3.54009797141203,2.45990202858797,7,0.17843766582701,0.3,3,4,"poolMean",0,0
20,60,10.8634751901897,4.86347519018972,0.018694061998824,10.476522382302,0.015863469290049,7.40541809372246,8.71935530529818,4.18427432907034,1,33760,6060,990,71,"CB","CB_nB4","inflow_rate","4 bridge lines per cycle",3,8013,0,"core",3.54009797141203,2.45990202858797,7,0.17843766582701,0.3,3,4,"poolMean",0,0
1,3,6.19659407943788,0.196594079437884,0.21012124105546,117.756102716097,0.204919165454606,95.6607957478735,5.44049208023269,3.51515788223797,1,1460,360,40,1,"CB","CB_nB8","inflow_rate","8 bridge lines per cycle",3,8013,0,"core",3.54009797141203,2.45990202858797,7,0.17843766582701,0.3,3,8,"poolMean",0,0
2,6,6.79047104783188,0.790471047831881,0.170355917288494,95.4708281454708,0.185576224350838,86.6310833049904,6.02891765766662,3.46584291394274,61,3160,660,90,7,"CB","CB_nB8","inflow_rate","8 bridge lines per cycle",3,8013,0,"core",3.54009797141203,2.45990202858797,7,0.17843766582701,0.3,3,8,"poolMean",0,0
3,9,7.19690132567786,1.19690132567786,0.207787696067332,116.448337913575,0.17612295406072,82.2180877886058,6.66749362677637,3.52228549351176,129,4860,960,140,15,"CB","CB_nB8","inflow_rate","8 bridge lines per cycle",3,8013,0,"core",3.54009797141203,2.45990202858797,7,0.17843766582701,0.3,3,8,"poolMean",0,0
4,12,7.86008589270371,1.86008589270371,0.122889034760081,68.8694475970218,0.133382305114948,62.2658081672117,6.99457864444564,3.4896586845308,99,6560,1260,190,20,"CB","CB_nB8","inflow_rate","8 bridge lines per cycle",3,8013,0,"core",3.54009797141203,2.45990202858797,7,0.17843766582701,0.3,3,8,"poolMean",0,0
5,15,8.34039026414821,2.34039026414821,0.0794427544743329,44.5212921308612,0.103164594714216,48.1595130522573,7.13025773065054,3.47716407479431,82,8260,1560,240,24,"CB","CB_nB8","inflow_rate","8 bridge lines per cycle",3,8013,0,"core",3.54009797141203,2.45990202858797,7,0.17843766582701,0.3,3,8,"poolMean",0,0
6,18,8.53092543022862,2.53092543022862,0.0803381401910681,45.0230840101628,0.0813588713786541,37.9801194288732,7.31202176827063,3.45898088314899,65,9960,1860,290,27,"CB","CB_nB8","inflow_rate","8 bridge lines per cycle",3,8013,0,"core",3.54009797141203,2.45990202858797,7,0.17843766582701,0.3,3,8,"poolMean",0,0
7,21,9.1109278393762,3.1109278393762,0.062523562876517,35.0394422538187,0.0555430316560761,25.928714840714,7.62075126105875,3.45161905928755,66,11660,2160,340,30,"CB","CB_nB8","inflow_rate","8 bridge lines per cycle",3,8013,0,"core",3.54009797141203,2.45990202858797,7,0.17843766582701,0.3,3,8,"poolMean",0,0
8,24,9.5310541573965,3.5310541573965,0.0265639043169953,14.8869377963889,0.0368684954802091,17.2110285918813,7.86870067294934,3.56557258176204,32,13360,2460,390,32,"CB","CB_nB8","inflow_rate","8 bridge lines per cycle",3,8013,0,"core",3.54009797141203,2.45990202858797,7,0.17843766582701,0.3,3,8,"poolMean",0,0
9,27,9.66966320119697,3.66966320119697,0.0261870391193736,14.6757350798128,0.0270760734405541,12.6397095425661,7.99145358569769,3.64391639238818,7,15060,2760,440,34,"CB","CB_nB8","inflow_rate","8 bridge lines per cycle",3,8013,0,"core",3.54009797141203,2.45990202858797,7,0.17843766582701,0.3,3,8,"poolMean",0,0
10,30,9.80352247900966,3.80352247900966,0.0183686637486686,10.2941627618445,0.0179806858696067,8.39378158974666,8.06397252733704,3.76450482028114,43,16760,3060,490,39,"CB","CB_nB8","inflow_rate","8 bridge lines per cycle",3,8013,0,"core",3.54009797141203,2.45990202858797,7,0.17843766582701,0.3,3,8,"poolMean",0,0
11,33,9.67102250323189,3.67102250323189,0.0211888099411446,11.8746285112733,0.0181258706012744,8.4615570314969,8.08135589910392,3.90424933817116,83,18460,3360,540,43,"CB","CB_nB8","inflow_rate","8 bridge lines per cycle",3,8013,0,"core",3.54009797141203,2.45990202858797,7,0.17843766582701,0.3,3,8,"poolMean",0,0
12,36,9.82436309006508,3.82436309006508,0.018481533296626,10.3574170907074,0.0159279285417914,7.43550909717404,8.17360703526352,3.97026563445531,116,20160,3660,590,48,"CB","CB_nB8","inflow_rate","8 bridge lines per cycle",3,8013,0,"core",3.54009797141203,2.45990202858797,7,0.17843766582701,0.3,3,8,"poolMean",0,0
13,39,9.86990785545231,3.86990785545231,0.0080686749539831,4.52184515897303,0.0133064363963542,6.2117386210305,8.15883406682699,4.03979135076008,80,21860,3960,640,51,"CB","CB_nB8","inflow_rate","8 bridge lines per cycle",3,8013,0,"core",3.54009797141203,2.45990202858797,7,0.17843766582701,0.3,3,8,"poolMean",0,0
14,42,9.8771609667642,3.8771609667642,0.00538111615664553,3.01568401027078,0.0135341473773085,6.31803914001949,8.29777775909022,4.09476001494439,95,23560,4260,690,56,"CB","CB_nB8","inflow_rate","8 bridge lines per cycle",3,8013,0,"core",3.54009797141203,2.45990202858797,7,0.17843766582701,0.3,3,8,"poolMean",0,0
15,45,9.8860343489243,3.8860343489243,0.00605880201584582,3.39547258016683,0.0157743859283153,7.36383201146196,8.28490677153332,4.19609344529729,56,25260,4560,740,60,"CB","CB_nB8","inflow_rate","8 bridge lines per cycle",3,8013,0,"core",3.54009797141203,2.45990202858797,7,0.17843766582701,0.3,3,8,"poolMean",0,0
16,48,9.86491527445736,3.86491527445736,0.00977869305448143,5.48017315131302,0.0170144311103787,7.94271251107917,8.35675716671038,4.2325699505913,57,26960,4860,790,63,"CB","CB_nB8","inflow_rate","8 bridge lines per cycle",3,8013,0,"core",3.54009797141203,2.45990202858797,7,0.17843766582701,0.3,3,8,"poolMean",0,0
17,51,9.98532239741291,3.98532239741291,0.0145379858136835,8.14737502102142,0.0130144492481018,6.07543256645519,8.47146757116052,4.25686862956273,92,28660,5160,840,69,"CB","CB_nB8","inflow_rate","8 bridge lines per cycle",3,8013,0,"core",3.54009797141203,2.45990202858797,7,0.17843766582701,0.3,3,8,"poolMean",0,0
18,54,9.97528951335166,3.97528951335166,0.0155555473546342,8.71763665061323,0.0149184608567991,6.96426726962754,8.56712611296511,4.25377530446744,85,30360,5460,890,75,"CB","CB_nB8","inflow_rate","8 bridge lines per cycle",3,8013,0,"core",3.54009797141203,2.45990202858797,7,0.17843766582701,0.3,3,8,"poolMean",0,0
19,57,10.1590375470305,4.15903754703052,0.0213012501071285,11.9376422059788,0.0160009114177296,7.46957911679726,8.50061204200192,4.26551853359685,65,32060,5760,940,78,"CB","CB_nB8","inflow_rate","8 bridge lines per cycle",3,8013,0,"core",3.54009797141203,2.45990202858797,7,0.17843766582701,0.3,3,8,"poolMean",0,0
20,60,10.3521770752743,4.35217707527433,0.0138162997996484,7.74292789339833,0.0127637341647659,5.95839322401644,8.65863786653773,4.18427432907034,8,33760,6060,990,81,"CB","CB_nB8","inflow_rate","8 bridge lines per cycle",3,8013,0,"core",3.54009797141203,2.45990202858797,7,0.17843766582701,0.3,3,8,"poolMean",0,0
1,3,6.19659407943788,0.196594079437884,0.21012124105546,117.756102716097,0.204919165454606,95.6607957478735,6.55842649100181,3.52552717685774,167,1760,360,50,2,"CB","CB_noRecurrent","mechanism","bridge pool rebuilt each cycle (not recurrent)",3,8013,0,"core",3.54009797141203,2.45990202858797,7,0.17843766582701,0.3,3,2,"poolMean",0,0
2,6,6.8686074101022,0.868607410102202,0.1567347835039,87.8372751501077,0.168435954475157,78.6296264768628,6.90105222126388,3.52680179691269,67,3460,660,100,4,"CB","CB_noRecurrent","mechanism","bridge pool rebuilt each cycle (not recurrent)",3,8013,0,"core",3.54009797141203,2.45990202858797,7,0.17843766582701,0.3,3,2,"poolMean",0,0
3,9,7.20295078446523,1.20295078446523,0.13393652165837,75.060677933446,0.17262818639091,80.5866529957385,7.18102780603097,3.60139715300331,12,5160,960,150,6,"CB","CB_noRecurrent","mechanism","bridge pool rebuilt each cycle (not recurrent)",3,8013,0,"core",3.54009797141203,2.45990202858797,7,0.17843766582701,0.3,3,2,"poolMean",0,0
4,12,7.58149710684076,1.58149710684076,0.10193897303409,57.1286183114033,0.149408053187483,69.7469815834351,7.47850767824471,3.57493247393651,19,6860,1260,200,8,"CB","CB_noRecurrent","mechanism","bridge pool rebuilt each cycle (not recurrent)",3,8013,0,"core",3.54009797141203,2.45990202858797,7,0.17843766582701,0.3,3,2,"poolMean",0,0
5,15,7.73045918263785,1.73045918263785,0.0877827125844206,49.1951697404087,0.145730115166847,68.0300388222009,7.61616410351193,3.58883181118273,4,8560,1560,250,10,"CB","CB_noRecurrent","mechanism","bridge pool rebuilt each cycle (not recurrent)",3,8013,0,"core",3.54009797141203,2.45990202858797,7,0.17843766582701,0.3,3,2,"poolMean",0,0
6,18,7.98456017308756,1.98456017308756,0.0937819798339286,52.5572778590635,0.126225231836888,58.9247281687342,7.92971769908335,3.56307779097901,7,10260,1860,300,12,"CB","CB_noRecurrent","mechanism","bridge pool rebuilt each cycle (not recurrent)",3,8013,0,"core",3.54009797141203,2.45990202858797,7,0.17843766582701,0.3,3,2,"poolMean",0,0
7,21,8.23550332462522,2.23550332462522,0.0948722223005072,53.1682713180541,0.12407078178804,57.9189832662765,8.06374661789341,3.62641655202208,4,11960,2160,350,14,"CB","CB_noRecurrent","mechanism","bridge pool rebuilt each cycle (not recurrent)",3,8013,0,"core",3.54009797141203,2.45990202858797,7,0.17843766582701,0.3,3,2,"poolMean",0,0
8,24,8.6428379058795,2.6428379058795,0.0714745106213211,40.0557305488481,0.0977080265515404,45.6122664277844,8.37665059733941,3.60626695150593,1,13660,2460,400,15,"CB","CB_noRecurrent","mechanism","bridge pool rebuilt each cycle (not recurrent)",3,8013,0,"core",3.54009797141203,2.45990202858797,7,0.17843766582701,0.3,3,2,"poolMean",0,0
9,27,8.82318368782023,2.82318368782023,0.0945201027686687,52.970936562409,0.0880647510727547,41.1105722896587,8.64753184869173,3.61311842358277,2,15360,2760,450,16,"CB","CB_noRecurrent","mechanism","bridge pool rebuilt each cycle (not recurrent)",3,8013,0,"core",3.54009797141203,2.45990202858797,7,0.17843766582701,0.3,3,2,"poolMean",0,0
10,30,9.28883910459311,3.28883910459311,0.0729579959908975,40.8871051146949,0.0624310298654774,29.1441846497945,8.76651466142507,3.61945846058971,0,17060,3060,500,17,"CB","CB_noRecurrent","mechanism","bridge pool rebuilt each cycle (not recurrent)",3,8013,0,"core",3.54009797141203,2.45990202858797,7,0.17843766582701,0.3,3,2,"poolMean",0,0
11,33,9.46040281552569,3.46040281552569,0.0510672071483062,28.619073731784,0.0481394742807948,22.4725706176334,8.83242420280675,3.60470522795117,0,18760,3360,550,18,"CB","CB_noRecurrent","mechanism","bridge pool rebuilt each cycle (not recurrent)",3,8013,0,"core",3.54009797141203,2.45990202858797,7,0.17843766582701,0.3,3,2,"poolMean",0,0
12,36,9.62246985924245,3.62246985924245,0.0463797002948623,25.992102104623,0.0416319665430705,19.4347221706854,9.03433224027551,3.63673721562145,0,20460,3660,600,19,"CB","CB_noRecurrent","mechanism","bridge pool rebuilt each cycle (not recurrent)",3,8013,0,"core",3.54009797141203,2.45990202858797,7,0.17843766582701,0.3,3,2,"poolMean",0,0
13,39,9.70859037131178,3.70859037131178,0.0402052361154317,22.5318101585175,0.0379867374390307,17.7330486546813,8.9717212077656,3.63838768550621,0,22160,3960,650,20,"CB","CB_noRecurrent","mechanism","bridge pool rebuilt each cycle (not recurrent)",3,8013,0,"core",3.54009797141203,2.45990202858797,7,0.17843766582701,0.3,3,2,"poolMean",0,0
14,42,9.75936438365107,3.75936438365107,0.0544014118039278,30.4876280194499,0.0376239300967132,17.5636821681828,9.07675367550854,3.63607837531658,0,23860,4260,700,21,"CB","CB_noRecurrent","mechanism","bridge pool rebuilt each cycle (not recurrent)",3,8013,0,"core",3.54009797141203,2.45990202858797,7,0.17843766582701,0.3,3,2,"poolMean",0,0
15,45,9.83499443575546,3.83499443575546,0.0252821706259522,14.1686288647502,0.0216669149840997,10.1145948168506,9.15705177180785,3.65089026398646,0,25560,4560,750,22,"CB","CB_noRecurrent","mechanism","bridge pool rebuilt each cycle (not recurrent)",3,8013,0,"core",3.54009797141203,2.45990202858797,7,0.17843766582701,0.3,3,2,"poolMean",0,0
16,48,9.96945687124334,3.96945687124334,0.0376676258957975,21.1096831609057,0.0217078759144603,10.1337162844994,9.3021977555508,3.65403031119248,0,27260,4860,800,23,"CB","CB_noRecurrent","mechanism","bridge pool rebuilt each cycle (not recurrent)",3,8013,0,"core",3.54009797141203,2.45990202858797,7,0.17843766582701,0.3,3,2,"poolMean",0,0
17,51,10.0792433243451,4.07924332434515,0.00797563155903302,4.46970179870273,0.0123989249382724,5.78809221373702,9.20238688689079,3.65078137877842,0,28960,5160,850,24,"CB","CB_noRecurrent","mechanism","bridge pool rebuilt each cycle (not recurrent)",3,8013,0,"core",3.54009797141203,2.45990202858797,7,0.17843766582701,0.3,3,2,"poolMean",0,0
18,54,10.0839565769315,4.08395657693152,0.0509273222399156,28.5406794601809,0.0196240214120172,9.16092694347189,9.21740746150392,3.72608673718594,0,30660,5460,900,25,"CB","CB_noRecurrent","mechanism","bridge pool rebuilt each cycle (not recurrent)",3,8013,0,"core",3.54009797141203,2.45990202858797,7,0.17843766582701,0.3,3,2,"poolMean",0,0
19,57,10.1283725642107,4.12837256421075,0.0597642564246683,33.493072299325,0.0216390659706745,10.1015942818389,9.27687974518509,3.72828535348194,0,32360,5760,950,26,"CB","CB_noRecurrent","mechanism","bridge pool rebuilt each cycle (not recurrent)",3,8013,0,"core",3.54009797141203,2.45990202858797,7,0.17843766582701,0.3,3,2,"poolMean",0,0
20,60,10.0843053818171,4.08430538181705,0.088780633940969,49.7544246218953,0.0283271376939067,13.2237339882149,9.40385453056468,3.63136803664599,0,34060,6060,1000,27,"CB","CB_noRecurrent","mechanism","bridge pool rebuilt each cycle (not recurrent)",3,8013,0,"core",3.54009797141203,2.45990202858797,7,0.17843766582701,0.3,3,2,"poolMean",0,0
1,3,6.19659407943788,0.196594079437884,0.21012124105546,117.756102716097,0.204919165454606,95.6607957478735,5.25709308220318,3.5436798319405,0,1460,360,40,0,"CB","CB_noWithinFam","mechanism","bridge pool selected across families",3,8013,0,"core",3.55103398369722,2.44896601630278,7,0.17843766582701,0.3,3,2,"poolMean",0,0
2,6,6.90103644883403,0.901036448834032,0.162232180927921,90.918125484336,0.177721293333758,82.9642278892388,6.46906541848628,3.57496333264027,10,3160,660,90,2,"CB","CB_noWithinFam","mechanism","bridge pool selected across families",3,8013,0,"core",3.55103398369722,2.44896601630278,7,0.17843766582701,0.3,3,2,"poolMean",0,0
3,9,7.23800662058225,1.23800662058225,0.133463636820307,74.7956639097128,0.161899224265331,75.5781363340356,7.31015553363825,3.60525576949705,85,4860,960,140,4,"CB","CB_noWithinFam","mechanism","bridge pool selected across families",3,8013,0,"core",3.55103398369722,2.44896601630278,7,0.17843766582701,0.3,3,2,"poolMean",0,0
4,12,7.60390276747268,1.60390276747268,0.115845194783319,64.9219402452996,0.141452794917192,66.0332911883584,8.05251507802981,3.61792506272542,197,6560,1260,190,6,"CB","CB_noWithinFam","mechanism","bridge pool selected across families",3,8013,0,"core",3.55103398369722,2.44896601630278,7,0.17843766582701,0.3,3,2,"poolMean",0,0
5,15,7.9912377075993,1.9912377075993,0.109212618028095,61.2049129436461,0.109415616586687,51.0776282282163,8.31093427713461,3.68064898275447,268,8260,1560,240,8,"CB","CB_noWithinFam","mechanism","bridge pool selected across families",3,8013,0,"core",3.55103398369722,2.44896601630278,7,0.17843766582701,0.3,3,2,"poolMean",0,0
6,18,8.33856857242001,2.33856857242001,0.0783513773878417,43.9096628084124,0.0795798993182483,37.1496559505834,8.60278715765416,3.63896945869183,261,9960,1860,290,10,"CB","CB_noWithinFam","mechanism","bridge pool selected across families",3,8013,0,"core",3.55103398369722,2.44896601630278,7,0.17843766582701,0.3,3,2,"poolMean",0,0
7,21,8.67709875678315,2.67709875678315,0.0586058226046674,32.8438630560681,0.0686342977610926,32.0400072138545,8.92978468944411,3.73692719637738,238,11660,2160,340,12,"CB","CB_noWithinFam","mechanism","bridge pool selected across families",3,8013,0,"core",3.55103398369722,2.44896601630278,7,0.17843766582701,0.3,3,2,"poolMean",0,0
8,24,8.92879946182203,2.92879946182203,0.040281873970193,22.5747595293278,0.0590847548472862,27.5820695088254,8.9931992751181,3.71107939113213,250,13360,2460,390,14,"CB","CB_noWithinFam","mechanism","bridge pool selected across families",3,8013,0,"core",3.55103398369722,2.44896601630278,7,0.17843766582701,0.3,3,2,"poolMean",0,0
9,27,9.02774259753232,3.02774259753232,0.0380239602532804,21.309379988272,0.0499009723860647,23.29487686744,9.19508848934218,3.69847380631124,230,15060,2760,440,16,"CB","CB_noWithinFam","mechanism","bridge pool selected across families",3,8013,0,"core",3.55103398369722,2.44896601630278,7,0.17843766582701,0.3,3,2,"poolMean",0,0
10,30,9.23536587030334,3.23536587030334,0.0402550064393042,22.5597024331905,0.048351844652323,22.5717098010698,9.38301889712979,3.74184415693466,250,16760,3060,490,18,"CB","CB_noWithinFam","mechanism","bridge pool selected across families",3,8013,0,"core",3.55103398369722,2.44896601630278,7,0.17843766582701,0.3,3,2,"poolMean",0,0
11,33,9.43621028042598,3.43621028042598,0.0279179812348913,15.6457893043484,0.0410782803859493,19.1762492344557,9.62270464247838,3.71541520049264,225,18460,3360,540,20,"CB","CB_noWithinFam","mechanism","bridge pool selected across families",3,8013,0,"core",3.55103398369722,2.44896601630278,7,0.17843766582701,0.3,3,2,"poolMean",0,0
12,36,9.63478935056546,3.63478935056546,0.0278758514362252,15.6221789312409,0.0346677321101779,16.1836636074353,9.80858352807503,3.71602832849087,278,20160,3660,590,22,"CB","CB_noWithinFam","mechanism","bridge pool selected across families",3,8013,0,"core",3.55103398369722,2.44896601630278,7,0.17843766582701,0.3,3,2,"poolMean",0,0
13,39,9.84821287005952,3.84821287005952,0.0207892549484752,11.650709984421,0.0266086366311947,12.4214997082348,9.91660575080743,3.63497343133796,248,21860,3960,640,24,"CB","CB_noWithinFam","mechanism","bridge pool selected across families",3,8013,0,"core",3.55103398369722,2.44896601630278,7,0.17843766582701,0.3,3,2,"poolMean",0,0
14,42,9.94085018999704,3.94085018999704,0.0176733941279633,9.90451990394068,0.0194575207172962,9.08320073902316,10.017008084726,3.61224186520396,263,23560,4260,690,26,"CB","CB_noWithinFam","mechanism","bridge pool selected across families",3,8013,0,"core",3.55103398369722,2.44896601630278,7,0.17843766582701,0.3,3,2,"poolMean",0,0
15,45,10.0093056268331,4.00930562683311,0.0103955986947116,5.82589928338885,0.0132463061954942,6.18366851421548,10.041624070611,3.48975111876448,221,25260,4560,740,28,"CB","CB_noWithinFam","mechanism","bridge pool selected across families",3,8013,0,"core",3.55103398369722,2.44896601630278,7,0.17843766582701,0.3,3,2,"poolMean",0,0
16,48,10.0281539967271,4.02815399672705,0.0134164010851566,7.51881673803298,0.0140692250335687,6.56782521674494,10.0394866704585,3.46207069203453,233,26960,4860,790,30,"CB","CB_noWithinFam","mechanism","bridge pool selected across families",3,8013,0,"core",3.55103398369722,2.44896601630278,7,0.17843766582701,0.3,3,2,"poolMean",0,0
17,51,10.0163211572217,4.01632115722165,0.0123583694741238,6.92587488008551,0.0111159502562518,5.18917127467213,10.0437541781107,3.44433627552655,268,28660,5160,840,32,"CB","CB_noWithinFam","mechanism","bridge pool selected across families",3,8013,0,"core",3.55103398369722,2.44896601630278,7,0.17843766582701,0.3,3,2,"poolMean",0,0
18,54,10.0719039950895,4.07190399508947,0.00950818844257552,5.32857701231838,0.0105218909192691,4.91185124571753,10.0856974369075,3.43018862116111,182,30360,5460,890,34,"CB","CB_noWithinFam","mechanism","bridge pool selected across families",3,8013,0,"core",3.55103398369722,2.44896601630278,7,0.17843766582701,0.3,3,2,"poolMean",0,0
19,57,10.1324945196331,4.13249451963312,0.00752812609638976,4.21891087932526,0.00830122636878533,3.87519595036193,10.1249386825685,3.48432618697258,230,32060,5760,940,36,"CB","CB_noWithinFam","mechanism","bridge pool selected across families",3,8013,0,"core",3.55103398369722,2.44896601630278,7,0.17843766582701,0.3,3,2,"poolMean",0,0
20,60,10.17427005991,4.17427005991001,0.00544232248369765,3.04998524749468,0.00638404781000238,2.98021462386144,10.1426909455482,3.43510085316409,60,33760,6060,990,38,"CB","CB_noWithinFam","mechanism","bridge pool selected across families",3,8013,0,"core",3.55103398369722,2.44896601630278,7,0.17843766582701,0.3,3,2,"poolMean",0,0
1,3,6.19659407943788,0.196594079437884,0.21012124105546,117.756102716097,0.204919165454606,95.6607957478735,5.15465081369456,3.42478626779002,0,1460,360,40,0,"CB","CB_noDistinctFam","mechanism","highest-ranking eligible lines admitted",3,8013,0,"core",3.51214166210588,2.48785833789412,7,0.17843766582701,0.3,3,2,"poolMean",0,0
2,6,6.80023169909008,0.800231699090078,0.165369967593745,92.676603242539,0.173774560862841,81.121805937469,6.02197566180278,3.38691140407936,51,3160,660,90,2,"CB","CB_noDistinctFam","mechanism","highest-ranking eligible lines admitted",3,8013,0,"core",3.51214166210588,2.48785833789412,7,0.17843766582701,0.3,3,2,"poolMean",0,0
3,9,7.26555657315264,1.26555657315264,0.168368144721149,94.356841051921,0.16001147396993,74.6968927713328,6.55507551282515,3.47016654540907,104,4860,960,140,4,"CB","CB_noDistinctFam","mechanism","highest-ranking eligible lines admitted",3,8013,0,"core",3.51214166210588,2.48785833789412,7,0.17843766582701,0.3,3,2,"poolMean",0,0
4,12,7.77480100115336,1.77480100115336,0.0902320441125263,50.5678236118622,0.135806278541505,63.3973725396399,6.7674988543454,3.48690290144255,57,6560,1260,190,6,"CB","CB_noDistinctFam","mechanism","highest-ranking eligible lines admitted",3,8013,0,"core",3.51214166210588,2.48785833789412,7,0.17843766582701,0.3,3,2,"poolMean",0,0
5,15,8.00426793533671,2.00426793533671,0.0999860675222577,56.0341714059359,0.125431695673792,58.5542879483279,6.83937502251894,3.41811039541807,77,8260,1560,240,8,"CB","CB_noDistinctFam","mechanism","highest-ranking eligible lines admitted",3,8013,0,"core",3.51214166210588,2.48785833789412,7,0.17843766582701,0.3,3,2,"poolMean",0,0
6,18,8.23154705022078,2.23154705022078,0.0859223197301265,48.1525687594601,0.109267056037531,51.0082768802473,7.01897434079951,3.45726917743513,77,9960,1860,290,10,"CB","CB_noDistinctFam","mechanism","highest-ranking eligible lines admitted",3,8013,0,"core",3.51214166210588,2.48785833789412,7,0.17843766582701,0.3,3,2,"poolMean",0,0
7,21,8.76349536126031,2.76349536126031,0.0854400270050418,47.8822823696167,0.0839180899772464,39.1748192369217,7.40421415215559,3.30787426430927,69,11660,2160,340,12,"CB","CB_noDistinctFam","mechanism","highest-ranking eligible lines admitted",3,8013,0,"core",3.51214166210588,2.48785833789412,7,0.17843766582701,0.3,3,2,"poolMean",0,0
8,24,9.19118912218649,3.19118912218649,0.0481180204628158,26.9662911357879,0.0633584325346759,29.5771167140913,7.55578538474237,3.30448849007616,10,13360,2460,390,14,"CB","CB_noDistinctFam","mechanism","highest-ranking eligible lines admitted",3,8013,0,"core",3.51214166210588,2.48785833789412,7,0.17843766582701,0.3,3,2,"poolMean",0,0
9,27,9.43702781646046,3.43702781646046,0.0404431026815022,22.6651152905747,0.0474362816488157,22.144304754409,7.60810528680433,3.30412571588073,17,15060,2760,440,16,"CB","CB_noDistinctFam","mechanism","highest-ranking eligible lines admitted",3,8013,0,"core",3.51214166210588,2.48785833789412,7,0.17843766582701,0.3,3,2,"poolMean",0,0
10,30,9.52006777020292,3.52006777020292,0.033640087128983,18.852570713179,0.0425473354763657,19.8620366210817,7.86137345973208,3.32923583970939,65,16760,3060,490,18,"CB","CB_noDistinctFam","mechanism","highest-ranking eligible lines admitted",3,8013,0,"core",3.51214166210588,2.48785833789412,7,0.17843766582701,0.3,3,2,"poolMean",0,0
11,33,9.66904537873764,3.66904537873764,0.0340161696967053,19.0633348284678,0.0357051186849421,16.6679385898166,7.94577107314266,3.41346147109292,73,18460,3360,540,20,"CB","CB_noDistinctFam","mechanism","highest-ranking eligible lines admitted",3,8013,0,"core",3.51214166210588,2.48785833789412,7,0.17843766582701,0.3,3,2,"poolMean",0,0
12,36,9.73391723995504,3.73391723995504,0.025343929927496,14.2032399998251,0.0272129775809467,12.7036194212838,8.04869143844853,3.47125955244569,91,20160,3660,590,22,"CB","CB_noDistinctFam","mechanism","highest-ranking eligible lines admitted",3,8013,0,"core",3.51214166210588,2.48785833789412,7,0.17843766582701,0.3,3,2,"poolMean",0,0
13,39,9.83296752231822,3.83296752231822,0.0183564553421897,10.2873209291954,0.0201888710084737,9.42461121992803,8.06777743577575,3.35729495065575,77,21860,3960,640,24,"CB","CB_noDistinctFam","mechanism","highest-ranking eligible lines admitted",3,8013,0,"core",3.51214166210588,2.48785833789412,7,0.17843766582701,0.3,3,2,"poolMean",0,0
14,42,9.85215470289086,3.85215470289086,0.0182382026080856,10.2210497562589,0.019141429483549,8.93564236456807,8.08053920654323,3.40404348330653,82,23560,4260,690,26,"CB","CB_noDistinctFam","mechanism","highest-ranking eligible lines admitted",3,8013,0,"core",3.51214166210588,2.48785833789412,7,0.17843766582701,0.3,3,2,"poolMean",0,0
15,45,9.98360374308323,3.98360374308323,0.0194213525151825,10.8841103839651,0.0193015947984513,9.01041107368696,8.25761202782686,3.50461993019415,52,25260,4560,740,28,"CB","CB_noDistinctFam","mechanism","highest-ranking eligible lines admitted",3,8013,0,"core",3.51214166210588,2.48785833789412,7,0.17843766582701,0.3,3,2,"poolMean",0,0
16,48,10.0847945311872,4.08479453118718,0.0192985090214464,10.8152664584594,0.0191522080704804,8.94067404718597,8.34385315421345,3.48816761840903,33,26960,4860,790,30,"CB","CB_noDistinctFam","mechanism","highest-ranking eligible lines admitted",3,8013,0,"core",3.51214166210588,2.48785833789412,7,0.17843766582701,0.3,3,2,"poolMean",0,0
17,51,10.2182497973728,4.21824979737276,0.0139359436864925,7.80997869586736,0.0145133138000393,6.77513566859564,8.40303219653166,3.50739006233872,30,28660,5160,840,32,"CB","CB_noDistinctFam","mechanism","highest-ranking eligible lines admitted",3,8013,0,"core",3.51214166210588,2.48785833789412,7,0.17843766582701,0.3,3,2,"poolMean",0,0
18,54,10.1943338565461,4.19433385654607,0.015284285797997,8.5656163048079,0.0126410561136267,5.90112439820044,8.36195105245841,3.3774277827029,79,30360,5460,890,34,"CB","CB_noDistinctFam","mechanism","highest-ranking eligible lines admitted",3,8013,0,"core",3.51214166210588,2.48785833789412,7,0.17843766582701,0.3,3,2,"poolMean",0,0
19,57,10.2567640235141,4.25676402351409,0.0150328081040273,8.42468322725159,0.0111005766526802,5.18199453672326,8.30841504997328,3.44891541450902,47,32060,5760,940,36,"CB","CB_noDistinctFam","mechanism","highest-ranking eligible lines admitted",3,8013,0,"core",3.51214166210588,2.48785833789412,7,0.17843766582701,0.3,3,2,"poolMean",0,0
20,60,10.2854588319905,4.28545883199049,0.0106009546241338,5.94098481113913,0.0092424365393516,4.31457366148338,8.40381135229696,3.48086350803976,2,33760,6060,990,38,"CB","CB_noDistinctFam","mechanism","highest-ranking eligible lines admitted",3,8013,0,"core",3.51214166210588,2.48785833789412,7,0.17843766582701,0.3,3,2,"poolMean",0,0
1,3,6.13725750024157,0.137257500241569,0.0888665477796477,81.6168297985641,0.115191425940315,96.2820186163343,NA,NA,0,1260,260,30,0,"GSRS","GSRS_base","baseline","baseline",4,8014,0,"core",NA,NA,13,0.108882626290407,0.3,3,2,"poolMean",0,0
2,6,6.38848106643233,0.388481066432326,0.0983572854662905,90.3333147052833,0.0934687885136541,78.1252906824921,NA,NA,0,2460,460,60,0,"GSRS","GSRS_base","baseline","baseline",4,8014,0,"core",NA,NA,13,0.108882626290407,0.3,3,2,"poolMean",0,0
3,9,6.52868252541521,0.528682525415208,0.0699799533560461,64.2710005629355,0.0826013000010902,69.041769728236,NA,NA,0,3660,660,90,0,"GSRS","GSRS_base","baseline","baseline",4,8014,0,"core",NA,NA,13,0.108882626290407,0.3,3,2,"poolMean",0,0
4,12,6.74807869460675,0.748078694606747,0.0550402167655618,50.550045164011,0.0713126163353781,59.6061954918413,NA,NA,0,4860,860,120,0,"GSRS","GSRS_base","baseline","baseline",4,8014,0,"core",NA,NA,13,0.108882626290407,0.3,3,2,"poolMean",0,0
5,15,6.93860233029548,0.938602330295484,0.0389559389088115,35.7779199823029,0.0548533139137562,45.8487925494419,NA,NA,0,6060,1060,150,0,"GSRS","GSRS_base","baseline","baseline",4,8014,0,"core",NA,NA,13,0.108882626290407,0.3,3,2,"poolMean",0,0
6,18,6.96245527567315,0.962455275673149,0.029317015851072,26.9253386420704,0.0478818129762577,40.0217079589985,NA,NA,0,7260,1260,180,0,"GSRS","GSRS_base","baseline","baseline",4,8014,0,"core",NA,NA,13,0.108882626290407,0.3,3,2,"poolMean",0,0
7,21,7.14277504454635,1.14277504454635,0.0368080110174378,33.805219686073,0.0416426152464958,34.8067143336988,NA,NA,0,8460,1460,210,0,"GSRS","GSRS_base","baseline","baseline",4,8014,0,"core",NA,NA,13,0.108882626290407,0.3,3,2,"poolMean",0,0
8,24,7.0993612950959,1.0993612950959,0.0376916276789936,34.6167510493954,0.0338307031524045,28.2771774386334,NA,NA,0,9660,1660,240,0,"GSRS","GSRS_base","baseline","baseline",4,8014,0,"core",NA,NA,13,0.108882626290407,0.3,3,2,"poolMean",0,0
9,27,7.52903245479866,1.52903245479866,0.0287646609883164,26.4180447958673,0.0304720286832781,25.4698508071341,NA,NA,0,10860,1860,270,0,"GSRS","GSRS_base","baseline","baseline",4,8014,0,"core",NA,NA,13,0.108882626290407,0.3,3,2,"poolMean",0,0
10,30,7.6649533805492,1.6649533805492,0.0256158670034953,23.5261288933038,0.026417871942105,22.0812097547226,NA,NA,0,12060,2060,300,0,"GSRS","GSRS_base","baseline","baseline",4,8014,0,"core",NA,NA,13,0.108882626290407,0.3,3,2,"poolMean",0,0
11,33,7.7719893941553,1.7719893941553,0.0251850622737165,23.1304691407278,0.0231002467747734,19.3081939202928,NA,NA,0,13260,2260,330,0,"GSRS","GSRS_base","baseline","baseline",4,8014,0,"core",NA,NA,13,0.108882626290407,0.3,3,2,"poolMean",0,0
12,36,7.82696074308601,1.82696074308601,0.0234281817243906,21.5169146103292,0.0207054725717222,17.3065371778929,NA,NA,0,14460,2460,360,0,"GSRS","GSRS_base","baseline","baseline",4,8014,0,"core",NA,NA,13,0.108882626290407,0.3,3,2,"poolMean",0,0
13,39,7.85412530552184,1.85412530552184,0.0151985293698215,13.9586359069671,0.0179824916698657,15.030550959784,NA,NA,0,15660,2660,390,0,"GSRS","GSRS_base","baseline","baseline",4,8014,0,"core",NA,NA,13,0.108882626290407,0.3,3,2,"poolMean",0,0
14,42,7.90456390157838,1.90456390157838,0.00950606406907143,8.73056096545404,0.0146889948454597,12.2777026468844,NA,NA,0,16860,2860,420,0,"GSRS","GSRS_base","baseline","baseline",4,8014,0,"core",NA,NA,13,0.108882626290407,0.3,3,2,"poolMean",0,0
15,45,7.96389764946753,1.96389764946753,0.00822600943211162,7.55493296990431,0.0105994731216922,8.85950199934918,NA,NA,0,18060,3060,450,0,"GSRS","GSRS_base","baseline","baseline",4,8014,0,"core",NA,NA,13,0.108882626290407,0.3,3,2,"poolMean",0,0
16,48,7.8945559223351,1.8945559223351,0.00734269660987201,6.7436806587379,0.00771608404965644,6.44943963536971,NA,NA,0,19260,3260,480,0,"GSRS","GSRS_base","baseline","baseline",4,8014,0,"core",NA,NA,13,0.108882626290407,0.3,3,2,"poolMean",0,0
17,51,7.900063313326,1.900063313326,0.00555721169373564,5.10385530094922,0.00713304894146693,5.96211345911623,NA,NA,0,20460,3460,510,0,"GSRS","GSRS_base","baseline","baseline",4,8014,0,"core",NA,NA,13,0.108882626290407,0.3,3,2,"poolMean",0,0
18,54,7.85776393427853,1.85776393427853,0.0064870863806954,5.95787096776427,0.00870656290440946,7.27732506828229,NA,NA,0,21660,3660,540,0,"GSRS","GSRS_base","baseline","baseline",4,8014,0,"core",NA,NA,13,0.108882626290407,0.3,3,2,"poolMean",0,0
19,57,7.83350393962143,1.83350393962143,0.00445268347230193,4.08943430554838,0.00709817851743883,5.93296723761558,NA,NA,0,22860,3860,570,0,"GSRS","GSRS_base","baseline","baseline",4,8014,0,"core",NA,NA,13,0.108882626290407,0.3,3,2,"poolMean",0,0
20,60,7.80639639675523,1.80639639675523,0.00339990521108202,3.12254151733441,0.00521723029758066,4.36078866579565,NA,NA,0,24060,4060,600,0,"GSRS","GSRS_base","baseline","baseline",4,8014,0,"core",NA,NA,13,0.108882626290407,0.3,3,2,"poolMean",0,0
1,3,6.13725750024157,0.137257500241569,0.0888665477796477,81.6168297985641,0.115191425940315,96.2820186163343,4.95193885861396,3.4005248019762,0,1460,360,40,0,"CB","CB_base","baseline","2 bridge lines per cycle (as specified)",4,8014,0,"core",3.4130162606149,2.5869837393851,13,0.108882626290407,0.3,3,2,"poolMean",0,0
2,6,6.41595777193021,0.415957771930207,0.0870081066135976,79.909999949426,0.0984181045796591,82.2621449467332,5.5547790880735,3.35174172752683,2,3160,660,90,1,"CB","CB_base","baseline","2 bridge lines per cycle (as specified)",4,8014,0,"core",3.4130162606149,2.5869837393851,13,0.108882626290407,0.3,3,2,"poolMean",0,0
3,9,6.64252619313779,0.64252619313779,0.100780303049096,92.5586629223099,0.0890826863228895,74.4591951433748,5.79857000675212,3.33541713134352,32,4860,960,140,3,"CB","CB_base","baseline","2 bridge lines per cycle (as specified)",4,8014,0,"core",3.4130162606149,2.5869837393851,13,0.108882626290407,0.3,3,2,"poolMean",0,0
4,12,6.93106116789596,0.931061167895963,0.0411597666805124,37.8019598560499,0.0668347369940485,55.8633886068308,5.95427337129643,3.45623212147992,89,6560,1260,190,5,"CB","CB_base","baseline","2 bridge lines per cycle (as specified)",4,8014,0,"core",3.4130162606149,2.5869837393851,13,0.108882626290407,0.3,3,2,"poolMean",0,0
5,15,7.0588822846521,1.0588822846521,0.0381012157404901,34.9929249859095,0.0548428672494285,45.8400607716983,6.06791160213133,3.47065993769081,39,8260,1560,240,7,"CB","CB_base","baseline","2 bridge lines per cycle (as specified)",4,8014,0,"core",3.4130162606149,2.5869837393851,13,0.108882626290407,0.3,3,2,"poolMean",0,0
6,18,7.22956623457551,1.22956623457551,0.0509811509656544,46.8221172675243,0.0490646776976656,41.0103978914089,6.25027678873901,3.46998823304839,20,9960,1860,290,9,"CB","CB_base","baseline","2 bridge lines per cycle (as specified)",4,8014,0,"core",3.4130162606149,2.5869837393851,13,0.108882626290407,0.3,3,2,"poolMean",0,0
7,21,7.49367009948993,1.49367009948993,0.0380382804038874,34.9351239034531,0.0439184114678575,36.7089240890122,6.44621964957853,3.49667583103202,40,11660,2160,340,11,"CB","CB_base","baseline","2 bridge lines per cycle (as specified)",4,8014,0,"core",3.4130162606149,2.5869837393851,13,0.108882626290407,0.3,3,2,"poolMean",0,0
8,24,7.7485554968844,1.7485554968844,0.0515879168260843,47.3793832713875,0.0419436777253993,35.058355486344,6.59349910123881,3.46220637299898,76,13360,2460,390,13,"CB","CB_base","baseline","2 bridge lines per cycle (as specified)",4,8014,0,"core",3.4130162606149,2.5869837393851,13,0.108882626290407,0.3,3,2,"poolMean",0,0
9,27,8.00469103051813,2.00469103051813,0.0328405791442288,30.1614502359982,0.0390560937177459,32.6447868121861,6.77323241697432,3.4083075803607,106,15060,2760,440,15,"CB","CB_base","baseline","2 bridge lines per cycle (as specified)",4,8014,0,"core",3.4130162606149,2.5869837393851,13,0.108882626290407,0.3,3,2,"poolMean",0,0
10,30,8.12846991635294,2.12846991635294,0.0320723126083891,29.455858754589,0.0356201809197035,29.7729010161319,6.69602583234441,3.44766127559463,85,16760,3060,490,17,"CB","CB_base","baseline","2 bridge lines per cycle (as specified)",4,8014,0,"core",3.4130162606149,2.5869837393851,13,0.108882626290407,0.3,3,2,"poolMean",0,0
11,33,8.25040919294544,2.25040919294544,0.0357923026634001,32.8723726482649,0.0270958355636526,22.6478813233589,6.6397209553159,3.52165973626386,6,18460,3360,540,19,"CB","CB_base","baseline","2 bridge lines per cycle (as specified)",4,8014,0,"core",3.4130162606149,2.5869837393851,13,0.108882626290407,0.3,3,2,"poolMean",0,0
12,36,8.35107408533227,2.35107408533227,0.022494508030353,20.659409858793,0.0208491216087345,17.426605309205,7.0648355396548,3.5251741042555,44,20160,3660,590,21,"CB","CB_base","baseline","2 bridge lines per cycle (as specified)",4,8014,0,"core",3.4130162606149,2.5869837393851,13,0.108882626290407,0.3,3,2,"poolMean",0,0
13,39,8.52445782646793,2.52445782646793,0.0147709788044634,13.5659648446273,0.0167109665928523,13.9677548346664,7.12539623764561,3.54102783661254,34,21860,3960,640,23,"CB","CB_base","baseline","2 bridge lines per cycle (as specified)",4,8014,0,"core",3.4130162606149,2.5869837393851,13,0.108882626290407,0.3,3,2,"poolMean",0,0
14,42,8.64856552836406,2.64856552836406,0.0114100350042214,10.4792062728071,0.0161167887185472,13.47111504843,7.04244415578632,3.49415572639428,31,23560,4260,690,25,"CB","CB_base","baseline","2 bridge lines per cycle (as specified)",4,8014,0,"core",3.4130162606149,2.5869837393851,13,0.108882626290407,0.3,3,2,"poolMean",0,0
15,45,8.60493396663215,2.60493396663215,0.0127877813123755,11.7445562694902,0.0176574944902827,14.7589041402448,6.99211750978718,3.49107351665099,20,25260,4560,740,27,"CB","CB_base","baseline","2 bridge lines per cycle (as specified)",4,8014,0,"core",3.4130162606149,2.5869837393851,13,0.108882626290407,0.3,3,2,"poolMean",0,0
16,48,8.6062907271177,2.6062907271177,0.0187555042284157,17.2254333564585,0.0173398940235352,14.4934398159489,7.06448234855062,3.42064053557286,21,26960,4860,790,28,"CB","CB_base","baseline","2 bridge lines per cycle (as specified)",4,8014,0,"core",3.4130162606149,2.5869837393851,13,0.108882626290407,0.3,3,2,"poolMean",0,0
17,51,8.63226824499526,2.63226824499526,0.0107665585455242,9.88822451509221,0.0130059379798114,10.8709303012181,7.02024520632802,3.47467113925557,16,28660,5160,840,30,"CB","CB_base","baseline","2 bridge lines per cycle (as specified)",4,8014,0,"core",3.4130162606149,2.5869837393851,13,0.108882626290407,0.3,3,2,"poolMean",0,0
18,54,8.64576269814132,2.64576269814132,0.0158482699212898,14.5553707338213,0.0165778003619167,13.8564486899481,7.14340982945537,3.49509411787732,5,30360,5460,890,32,"CB","CB_base","baseline","2 bridge lines per cycle (as specified)",4,8014,0,"core",3.4130162606149,2.5869837393851,13,0.108882626290407,0.3,3,2,"poolMean",0,0
19,57,8.67243515577037,2.67243515577037,0.0148209575513825,13.6118663338013,0.014700504788409,12.2873231592817,7.08961236643533,3.47472391165636,53,32060,5760,940,34,"CB","CB_base","baseline","2 bridge lines per cycle (as specified)",4,8014,0,"core",3.4130162606149,2.5869837393851,13,0.108882626290407,0.3,3,2,"poolMean",0,0
20,60,8.52262570923297,2.52262570923297,0.0409959435373517,37.6515013772806,0.0275344966195197,23.0145333688778,7.27756031335281,3.48363745856754,124,33760,6060,990,36,"CB","CB_base","baseline","2 bridge lines per cycle (as specified)",4,8014,0,"core",3.4130162606149,2.5869837393851,13,0.108882626290407,0.3,3,2,"poolMean",0,0
1,3,6.13725750024157,0.137257500241569,0.0888665477796477,81.6168297985641,0.115191425940315,96.2820186163343,4.92506064749676,3.50082095963501,0,1460,360,40,0,"CB","CB_nB1","inflow_rate","1 bridge line per cycle",4,8014,0,"core",3.49160596915476,2.50839403084524,13,0.108882626290407,0.3,3,1,"poolMean",0,0
2,6,6.46385318753615,0.463853187536149,0.0818018310554496,75.1284514733064,0.0910891094942087,76.1362511530234,5.5967585751532,3.47173407077946,4,3160,660,90,1,"CB","CB_nB1","inflow_rate","1 bridge line per cycle",4,8014,0,"core",3.49160596915476,2.50839403084524,13,0.108882626290407,0.3,3,1,"poolMean",0,0
3,9,6.55782801970113,0.557828019701131,0.0932890751359241,85.6785681189466,0.0925733410692768,77.376836647778,5.84371246563053,3.36757937282299,17,4860,960,140,2,"CB","CB_nB1","inflow_rate","1 bridge line per cycle",4,8014,0,"core",3.49160596915476,2.50839403084524,13,0.108882626290407,0.3,3,1,"poolMean",0,0
4,12,6.87976483171383,0.879764831713826,0.0588174457775859,54.0191284702399,0.0674304900976932,56.361345038463,6.01613098400729,3.38648891439833,72,6560,1260,190,3,"CB","CB_nB1","inflow_rate","1 bridge line per cycle",4,8014,0,"core",3.49160596915476,2.50839403084524,13,0.108882626290407,0.3,3,1,"poolMean",0,0
5,15,7.11722477196922,1.11722477196922,0.0403627387274068,37.069953308945,0.0555291735992189,46.4137055565217,6.10737129001177,3.42888314063687,40,8260,1560,240,4,"CB","CB_nB1","inflow_rate","1 bridge line per cycle",4,8014,0,"core",3.49160596915476,2.50839403084524,13,0.108882626290407,0.3,3,1,"poolMean",0,0
6,18,7.31874595606215,1.31874595606215,0.0324658447842315,29.8172866418929,0.0447995966312898,37.4454570871711,6.22761217898569,3.41360589321152,28,9960,1860,290,5,"CB","CB_nB1","inflow_rate","1 bridge line per cycle",4,8014,0,"core",3.49160596915476,2.50839403084524,13,0.108882626290407,0.3,3,1,"poolMean",0,0
7,21,7.4958178245769,1.4958178245769,0.0287374718243665,26.3930737193272,0.0355138111993237,29.6839925638385,6.45597415164452,3.43693022722984,15,11660,2160,340,6,"CB","CB_nB1","inflow_rate","1 bridge line per cycle",4,8014,0,"core",3.49160596915476,2.50839403084524,13,0.108882626290407,0.3,3,1,"poolMean",0,0
8,24,7.71581663595627,1.71581663595627,0.0254590277517161,23.3820845612348,0.030933279005887,25.855383947172,6.60961668696892,3.43774768615098,35,13360,2460,390,7,"CB","CB_nB1","inflow_rate","1 bridge line per cycle",4,8014,0,"core",3.49160596915476,2.50839403084524,13,0.108882626290407,0.3,3,1,"poolMean",0,0
9,27,7.82040727989563,1.82040727989563,0.0319177051124277,29.3138641120745,0.0251111021442733,20.9889545545197,6.76346345353361,3.45770889002852,133,15060,2760,440,8,"CB","CB_nB1","inflow_rate","1 bridge line per cycle",4,8014,0,"core",3.49160596915476,2.50839403084524,13,0.108882626290407,0.3,3,1,"poolMean",0,0
10,30,8.01674983974238,2.01674983974238,0.01667974190074,15.3190113694104,0.0196537974849862,16.4275012648214,6.75558005679766,3.49362068107342,76,16760,3060,490,9,"CB","CB_nB1","inflow_rate","1 bridge line per cycle",4,8014,0,"core",3.49160596915476,2.50839403084524,13,0.108882626290407,0.3,3,1,"poolMean",0,0
11,33,8.15878619436551,2.15878619436551,0.0103254388302968,9.48309127184099,0.0155988912769867,13.0382337753437,6.67536338370359,3.50897074942308,2,18460,3360,540,10,"CB","CB_nB1","inflow_rate","1 bridge line per cycle",4,8014,0,"core",3.49160596915476,2.50839403084524,13,0.108882626290407,0.3,3,1,"poolMean",0,0
12,36,8.22069555510935,2.22069555510935,0.00824898797389897,7.57603692612783,0.0131530307984894,10.9938768954691,6.90482356612828,3.55713375429731,36,20160,3660,590,11,"CB","CB_nB1","inflow_rate","1 bridge line per cycle",4,8014,0,"core",3.49160596915476,2.50839403084524,13,0.108882626290407,0.3,3,1,"poolMean",0,0
13,39,8.21333013588909,2.21333013588909,0.00949248541388366,8.71809005466653,0.0121899455514266,10.1888882348125,6.89521617498412,3.60704229187153,26,21860,3960,640,12,"CB","CB_nB1","inflow_rate","1 bridge line per cycle",4,8014,0,"core",3.49160596915476,2.50839403084524,13,0.108882626290407,0.3,3,1,"poolMean",0,0
14,42,8.28692024174993,2.28692024174993,0.00574019296298327,5.27190898911026,0.00773470345944188,6.46500255027377,6.81840900691379,3.53879380821702,15,23560,4260,690,13,"CB","CB_nB1","inflow_rate","1 bridge line per cycle",4,8014,0,"core",3.49160596915476,2.50839403084524,13,0.108882626290407,0.3,3,1,"poolMean",0,0
15,45,8.30625104629422,2.30625104629422,0.0035716309015289,3.28025785491508,0.00498735284328071,4.16864706190708,6.80136928289082,3.52862773438886,10,25260,4560,740,14,"CB","CB_nB1","inflow_rate","1 bridge line per cycle",4,8014,0,"core",3.49160596915476,2.50839403084524,13,0.108882626290407,0.3,3,1,"poolMean",0,0
16,48,8.3273908147999,2.3273908147999,0.00347521702476467,3.19170940595769,0.00461227809712909,3.85514322777451,6.8944575731039,3.5561217581917,29,26960,4860,790,15,"CB","CB_nB1","inflow_rate","1 bridge line per cycle",4,8014,0,"core",3.49160596915476,2.50839403084524,13,0.108882626290407,0.3,3,1,"poolMean",0,0
17,51,8.30111545356442,2.30111545356442,0.00330885653949012,3.0389205810162,0.00401473135502499,3.35568759487691,6.85685311806744,3.54349885244704,12,28660,5160,840,16,"CB","CB_nB1","inflow_rate","1 bridge line per cycle",4,8014,0,"core",3.49160596915476,2.50839403084524,13,0.108882626290407,0.3,3,1,"poolMean",0,0
18,54,8.26255362138218,2.26255362138218,0.00252158268911918,2.31587239858978,0.00363718182069971,3.04011522483498,6.79650122184777,3.51967306319028,8,30360,5460,890,17,"CB","CB_nB1","inflow_rate","1 bridge line per cycle",4,8014,0,"core",3.49160596915476,2.50839403084524,13,0.108882626290407,0.3,3,1,"poolMean",0,0
19,57,8.29327998886318,2.29327998886318,0.00286319099224572,2.62961235395733,0.00414880153874447,3.4677493027636,6.80995049824094,3.48055270449573,45,32060,5760,940,18,"CB","CB_nB1","inflow_rate","1 bridge line per cycle",4,8014,0,"core",3.49160596915476,2.50839403084524,13,0.108882626290407,0.3,3,1,"poolMean",0,0
20,60,8.21912032453193,2.21912032453193,0.00709631414268205,6.51739803167045,0.00736387615748726,6.15504891528067,6.84232868624944,3.47729959514167,60,33760,6060,990,19,"CB","CB_nB1","inflow_rate","1 bridge line per cycle",4,8014,0,"core",3.49160596915476,2.50839403084524,13,0.108882626290407,0.3,3,1,"poolMean",0,0
1,3,6.13725750024157,0.137257500241569,0.0888665477796477,81.6168297985641,0.115191425940315,96.2820186163343,4.92506064749676,3.50082095963501,0,1460,360,40,0,"CB","CB_nB4","inflow_rate","4 bridge lines per cycle",4,8014,0,"core",3.49160596915476,2.50839403084524,13,0.108882626290407,0.3,3,4,"poolMean",0,0
2,6,6.46385318753615,0.463853187536149,0.0818018310554496,75.1284514733064,0.0910891094942087,76.1362511530234,5.5967585751532,3.47173407077946,4,3160,660,90,1,"CB","CB_nB4","inflow_rate","4 bridge lines per cycle",4,8014,0,"core",3.49160596915476,2.50839403084524,13,0.108882626290407,0.3,3,4,"poolMean",0,0
3,9,6.55782801970113,0.557828019701131,0.0932890751359241,85.6785681189466,0.0925733410692768,77.376836647778,5.84371246563053,3.36757937282299,17,4860,960,140,5,"CB","CB_nB4","inflow_rate","4 bridge lines per cycle",4,8014,0,"core",3.49160596915476,2.50839403084524,13,0.108882626290407,0.3,3,4,"poolMean",0,0
4,12,6.87414660303291,0.874146603032909,0.0560049564892702,51.4360815837565,0.0717537050678041,59.9748766953269,6.02980442834078,3.38648891439833,67,6560,1260,190,9,"CB","CB_nB4","inflow_rate","4 bridge lines per cycle",4,8014,0,"core",3.49160596915476,2.50839403084524,13,0.108882626290407,0.3,3,4,"poolMean",0,0
5,15,7.06308099581009,1.06308099581009,0.0523009271310115,48.0342263158835,0.0641915234986263,53.6540754665885,6.21823229313174,3.42888314063687,79,8260,1560,240,13,"CB","CB_nB4","inflow_rate","4 bridge lines per cycle",4,8014,0,"core",3.49160596915476,2.50839403084524,13,0.108882626290407,0.3,3,4,"poolMean",0,0
6,18,7.29129005598546,1.29129005598546,0.0533798950556493,49.0251722191904,0.0605717942379554,50.6285478527314,6.2578337971595,3.41360589321152,33,9960,1860,290,16,"CB","CB_nB4","inflow_rate","4 bridge lines per cycle",4,8014,0,"core",3.49160596915476,2.50839403084524,13,0.108882626290407,0.3,3,4,"poolMean",0,0
7,21,7.55929859277351,1.55929859277351,0.0485993544727325,44.6346273308201,0.053578349413717,44.7831216045268,6.44321877250791,3.43693022722984,39,11660,2160,340,20,"CB","CB_nB4","inflow_rate","4 bridge lines per cycle",4,8014,0,"core",3.49160596915476,2.50839403084524,13,0.108882626290407,0.3,3,4,"poolMean",0,0
8,24,7.74289916818683,1.74289916818683,0.0426914598868736,39.2086977889466,0.0485227597465781,40.5574392286508,6.61168983706786,3.43774768615098,26,13360,2460,390,24,"CB","CB_nB4","inflow_rate","4 bridge lines per cycle",4,8014,0,"core",3.49160596915476,2.50839403084524,13,0.108882626290407,0.3,3,4,"poolMean",0,0
9,27,7.88512447474861,1.88512447474861,0.0356587674642766,32.749731228166,0.0407561774297645,34.0657909387842,6.78406476725557,3.45770889002852,96,15060,2760,440,28,"CB","CB_nB4","inflow_rate","4 bridge lines per cycle",4,8014,0,"core",3.49160596915476,2.50839403084524,13,0.108882626290407,0.3,3,4,"poolMean",0,0
10,30,7.97612491015959,1.97612491015959,0.0200605784568244,18.424039849406,0.0352608464792342,29.4725536161034,6.68561498242419,3.49362068107342,83,16760,3060,490,31,"CB","CB_nB4","inflow_rate","4 bridge lines per cycle",4,8014,0,"core",3.49160596915476,2.50839403084524,13,0.108882626290407,0.3,3,4,"poolMean",0,0
11,33,8.03953866577773,2.03953866577773,0.0262022655680739,24.0646891618764,0.032340449755065,27.0315586421439,6.6779948007489,3.50897074942308,8,18460,3360,540,34,"CB","CB_nB4","inflow_rate","4 bridge lines per cycle",4,8014,0,"core",3.49160596915476,2.50839403084524,13,0.108882626290407,0.3,3,4,"poolMean",0,0
12,36,8.13517073825123,2.13517073825123,0.024861742870696,22.8335260800799,0.029833313986663,24.9359852020509,6.78904382138908,3.55713375429731,33,20160,3660,590,38,"CB","CB_nB4","inflow_rate","4 bridge lines per cycle",4,8014,0,"core",3.49160596915476,2.50839403084524,13,0.108882626290407,0.3,3,4,"poolMean",0,0
13,39,8.18799746507781,2.18799746507781,0.0215961597735403,19.8343487012704,0.0231173786624185,19.3225134993041,6.93714913134994,3.60704229187153,64,21860,3960,640,42,"CB","CB_nB4","inflow_rate","4 bridge lines per cycle",4,8014,0,"core",3.49160596915476,2.50839403084524,13,0.108882626290407,0.3,3,4,"poolMean",0,0
14,42,8.28917832907855,2.28917832907855,0.0282657476976253,25.9598327672922,0.021794443287676,18.2167464047535,7.01576888850406,3.53879380821702,25,23560,4260,690,44,"CB","CB_nB4","inflow_rate","4 bridge lines per cycle",4,8014,0,"core",3.49160596915476,2.50839403084524,13,0.108882626290407,0.3,3,4,"poolMean",0,0
15,45,8.49714031082476,2.49714031082476,0.01844957207171,16.9444590935033,0.0164249365556864,13.7286784525622,6.96707422517708,3.52862773438886,8,25260,4560,740,45,"CB","CB_nB4","inflow_rate","4 bridge lines per cycle",4,8014,0,"core",3.49160596915476,2.50839403084524,13,0.108882626290407,0.3,3,4,"poolMean",0,0
16,48,8.49277738279663,2.49277738279663,0.013012059031587,11.9505374501914,0.0147501743702735,12.3288391624625,7.02776963862791,3.5561217581917,13,26960,4860,790,47,"CB","CB_nB4","inflow_rate","4 bridge lines per cycle",4,8014,0,"core",3.49160596915476,2.50839403084524,13,0.108882626290407,0.3,3,4,"poolMean",0,0
17,51,8.48828289730378,2.48828289730378,0.0146020388450551,13.4108069786168,0.0134142025882342,11.2121756700264,6.99640291032947,3.54349885244704,4,28660,5160,840,49,"CB","CB_nB4","inflow_rate","4 bridge lines per cycle",4,8014,0,"core",3.49160596915476,2.50839403084524,13,0.108882626290407,0.3,3,4,"poolMean",0,0
18,54,8.55521733464187,2.55521733464187,0.0111395796709386,10.2308146400029,0.0101145128584945,8.45415105670545,7.06296242678333,3.51967306319028,12,30360,5460,890,51,"CB","CB_nB4","inflow_rate","4 bridge lines per cycle",4,8014,0,"core",3.49160596915476,2.50839403084524,13,0.108882626290407,0.3,3,4,"poolMean",0,0
19,57,8.64809700203949,2.64809700203949,0.00541742263182957,4.97547020713891,0.0075536980383838,6.31371032363703,7.19289194612509,3.48055270449573,42,32060,5760,940,54,"CB","CB_nB4","inflow_rate","4 bridge lines per cycle",4,8014,0,"core",3.49160596915476,2.50839403084524,13,0.108882626290407,0.3,3,4,"poolMean",0,0
20,60,8.73266122175152,2.73266122175152,0.00515847035146995,4.73764321014036,0.0066974160483272,5.59799248409767,7.28512395060386,3.47729959514167,38,33760,6060,990,58,"CB","CB_nB4","inflow_rate","4 bridge lines per cycle",4,8014,0,"core",3.49160596915476,2.50839403084524,13,0.108882626290407,0.3,3,4,"poolMean",0,0
1,3,6.13725750024157,0.137257500241569,0.0888665477796477,81.6168297985641,0.115191425940315,96.2820186163343,4.92506064749676,3.50082095963501,0,1460,360,40,0,"CB","CB_nB8","inflow_rate","8 bridge lines per cycle",4,8014,0,"core",3.49160596915476,2.50839403084524,13,0.108882626290407,0.3,3,8,"poolMean",0,0
2,6,6.46385318753615,0.463853187536149,0.0818018310554496,75.1284514733064,0.0910891094942087,76.1362511530234,5.5967585751532,3.47173407077946,4,3160,660,90,1,"CB","CB_nB8","inflow_rate","8 bridge lines per cycle",4,8014,0,"core",3.49160596915476,2.50839403084524,13,0.108882626290407,0.3,3,8,"poolMean",0,0
3,9,6.55782801970113,0.557828019701131,0.0932890751359241,85.6785681189466,0.0925733410692768,77.376836647778,5.84371246563053,3.36757937282299,17,4860,960,140,5,"CB","CB_nB8","inflow_rate","8 bridge lines per cycle",4,8014,0,"core",3.49160596915476,2.50839403084524,13,0.108882626290407,0.3,3,8,"poolMean",0,0
4,12,6.87414660303291,0.874146603032909,0.0560049564892702,51.4360815837565,0.0717537050678041,59.9748766953269,6.02980442834078,3.38648891439833,67,6560,1260,190,10,"CB","CB_nB8","inflow_rate","8 bridge lines per cycle",4,8014,0,"core",3.49160596915476,2.50839403084524,13,0.108882626290407,0.3,3,8,"poolMean",0,0
5,15,7.05168258907769,1.05168258907769,0.0703436819180581,64.605056210199,0.0653013085229443,54.58168220033,6.24612029506351,3.42888314063687,81,8260,1560,240,15,"CB","CB_nB8","inflow_rate","8 bridge lines per cycle",4,8014,0,"core",3.49160596915476,2.50839403084524,13,0.108882626290407,0.3,3,8,"poolMean",0,0
6,18,7.34596601877732,1.34596601877732,0.051151208402623,46.9783014474641,0.0599513983268146,50.1099938876393,6.19641090846796,3.41360589321152,34,9960,1860,290,17,"CB","CB_nB8","inflow_rate","8 bridge lines per cycle",4,8014,0,"core",3.49160596915476,2.50839403084524,13,0.108882626290407,0.3,3,8,"poolMean",0,0
7,21,7.51684284586052,1.51684284586052,0.0475340111178375,43.6561945071541,0.0521039089627683,43.550719958414,6.45702021778164,3.43693022722984,25,11660,2160,340,20,"CB","CB_nB8","inflow_rate","8 bridge lines per cycle",4,8014,0,"core",3.49160596915476,2.50839403084524,13,0.108882626290407,0.3,3,8,"poolMean",0,0
8,24,7.63679228578709,1.63679228578709,0.0443844170307787,40.7635437745584,0.0462589348839512,38.6652356571758,6.55343242463416,3.43774768615098,52,13360,2460,390,27,"CB","CB_nB8","inflow_rate","8 bridge lines per cycle",4,8014,0,"core",3.49160596915476,2.50839403084524,13,0.108882626290407,0.3,3,8,"poolMean",0,0
9,27,7.86978167961018,1.86978167961018,0.0475828928279802,43.7010884556269,0.0419142278351714,35.0337399834449,6.83884124561716,3.45770889002852,113,15060,2760,440,32,"CB","CB_nB8","inflow_rate","8 bridge lines per cycle",4,8014,0,"core",3.49160596915476,2.50839403084524,13,0.108882626290407,0.3,3,8,"poolMean",0,0
10,30,8.05037573059588,2.05037573059588,0.0240366009624771,22.0756991095786,0.0293590345063322,24.5395617236384,6.84338567048175,3.49362068107342,91,16760,3060,490,37,"CB","CB_nB8","inflow_rate","8 bridge lines per cycle",4,8014,0,"core",3.49160596915476,2.50839403084524,13,0.108882626290407,0.3,3,8,"poolMean",0,0
11,33,8.13665706018481,2.13665706018481,0.0328436996476065,30.1643161692366,0.0302144744107889,25.2545757113004,6.71460329072851,3.50897074942308,5,18460,3360,540,39,"CB","CB_nB8","inflow_rate","8 bridge lines per cycle",4,8014,0,"core",3.49160596915476,2.50839403084524,13,0.108882626290407,0.3,3,8,"poolMean",0,0
12,36,8.19498424797265,2.19498424797265,0.0345365136195111,31.7190306627955,0.0261136641366604,21.8269396009507,7.02499322571054,3.55713375429731,95,20160,3660,590,46,"CB","CB_nB8","inflow_rate","8 bridge lines per cycle",4,8014,0,"core",3.49160596915476,2.50839403084524,13,0.108882626290407,0.3,3,8,"poolMean",0,0
13,39,8.42741852479748,2.42741852479748,0.0376134383092451,34.5449403552449,0.0239642929359879,20.0304013927702,7.09232560367072,3.60704229187153,76,21860,3960,640,51,"CB","CB_nB8","inflow_rate","8 bridge lines per cycle",4,8014,0,"core",3.49160596915476,2.50839403084524,13,0.108882626290407,0.3,3,8,"poolMean",0,0
14,42,8.53069083829226,2.53069083829226,0.0320393683586469,29.4256020911849,0.0192203512916758,16.0652080289072,7.04145204999686,3.53879380821702,21,23560,4260,690,53,"CB","CB_nB8","inflow_rate","8 bridge lines per cycle",4,8014,0,"core",3.49160596915476,2.50839403084524,13,0.108882626290407,0.3,3,8,"poolMean",0,0
15,45,8.6182596217525,2.6182596217525,0.0203234842335331,18.6654978171883,0.0155661685601957,13.0108827012378,7.02020322820588,3.52862773438886,13,25260,4560,740,54,"CB","CB_nB8","inflow_rate","8 bridge lines per cycle",4,8014,0,"core",3.49160596915476,2.50839403084524,13,0.108882626290407,0.3,3,8,"poolMean",0,0
16,48,8.66504628863114,2.66504628863114,0.0151414833716923,13.9062437117448,0.0141696844977439,11.8436404052004,7.16134648319456,3.5561217581917,23,26960,4860,790,58,"CB","CB_nB8","inflow_rate","8 bridge lines per cycle",4,8014,0,"core",3.49160596915476,2.50839403084524,13,0.108882626290407,0.3,3,8,"poolMean",0,0
17,51,8.71021382140454,2.71021382140454,0.0296830564605221,27.261517720332,0.0148695322403126,12.4286036768029,7.22846189192614,3.54349885244704,38,28660,5160,840,62,"CB","CB_nB8","inflow_rate","8 bridge lines per cycle",4,8014,0,"core",3.49160596915476,2.50839403084524,13,0.108882626290407,0.3,3,8,"poolMean",0,0
18,54,8.84984157014552,2.84984157014552,0.0187447917946993,17.215594841278,0.0137079393796047,11.4576936934745,7.24444645942079,3.51967306319028,14,30360,5460,890,65,"CB","CB_nB8","inflow_rate","8 bridge lines per cycle",4,8014,0,"core",3.49160596915476,2.50839403084524,13,0.108882626290407,0.3,3,8,"poolMean",0,0
19,57,8.84681304449057,2.84681304449057,0.0123703432295225,11.361172715038,0.00973599255753357,8.1377672775632,7.18650368207351,3.48055270449573,41,32060,5760,940,70,"CB","CB_nB8","inflow_rate","8 bridge lines per cycle",4,8014,0,"core",3.49160596915476,2.50839403084524,13,0.108882626290407,0.3,3,8,"poolMean",0,0
20,60,8.85452982126062,2.85452982126062,0.0239658000690649,22.0106741411109,0.0141168378290264,11.7994688542387,7.3515692306805,3.47729959514167,32,33760,6060,990,77,"CB","CB_nB8","inflow_rate","8 bridge lines per cycle",4,8014,0,"core",3.49160596915476,2.50839403084524,13,0.108882626290407,0.3,3,8,"poolMean",0,0
1,3,6.13725750024157,0.137257500241569,0.0888665477796477,81.6168297985641,0.115191425940315,96.2820186163343,6.03698395387198,3.50786927792307,0,1760,360,50,0,"CB","CB_noRecurrent","mechanism","bridge pool rebuilt each cycle (not recurrent)",4,8014,0,"core",3.49160596915476,2.50839403084524,13,0.108882626290407,0.3,3,2,"poolMean",0,0
2,6,6.40007132257642,0.400071322576421,0.0612249517485064,56.2302305100633,0.089639778565839,74.9248371411957,6.13684868988931,3.50746215429653,48,3460,660,100,2,"CB","CB_noRecurrent","mechanism","bridge pool rebuilt each cycle (not recurrent)",4,8014,0,"core",3.49160596915476,2.50839403084524,13,0.108882626290407,0.3,3,2,"poolMean",0,0
3,9,6.63304792541845,0.633047925418452,0.0909402492241476,83.5213590289383,0.0783089768908419,65.4540588353925,6.56960538289022,3.50424678766933,52,5160,960,150,4,"CB","CB_noRecurrent","mechanism","bridge pool rebuilt each cycle (not recurrent)",4,8014,0,"core",3.49160596915476,2.50839403084524,13,0.108882626290407,0.3,3,2,"poolMean",0,0
4,12,6.91536207395382,0.915362073953817,0.0480380672230779,44.1191298003348,0.0669479192823424,55.9579913005608,6.54576254520552,3.54772600566415,1,6860,1260,200,5,"CB","CB_noRecurrent","mechanism","bridge pool rebuilt each cycle (not recurrent)",4,8014,0,"core",3.49160596915476,2.50839403084524,13,0.108882626290407,0.3,3,2,"poolMean",0,0
5,15,7.07719025512386,1.07719025512386,0.0465306379704212,42.7346763718914,0.0662933051553079,55.4108362579771,6.82593891324312,3.5407634924156,1,8560,1560,250,6,"CB","CB_noRecurrent","mechanism","bridge pool rebuilt each cycle (not recurrent)",4,8014,0,"core",3.49160596915476,2.50839403084524,13,0.108882626290407,0.3,3,2,"poolMean",0,0
6,18,7.23618292946539,1.23618292946539,0.0403933931542795,37.0981069528431,0.0553848130787215,46.2930427362768,7.12744120664675,3.57903037378267,2,10260,1860,300,8,"CB","CB_noRecurrent","mechanism","bridge pool rebuilt each cycle (not recurrent)",4,8014,0,"core",3.49160596915476,2.50839403084524,13,0.108882626290407,0.3,3,2,"poolMean",0,0
7,21,7.33605510357793,1.33605510357793,0.0289735268655863,26.6098714300934,0.0497798667986386,41.6081841395778,6.96155043718878,3.54475569518167,2,11960,2160,350,10,"CB","CB_noRecurrent","mechanism","bridge pool rebuilt each cycle (not recurrent)",4,8014,0,"core",3.49160596915476,2.50839403084524,13,0.108882626290407,0.3,3,2,"poolMean",0,0
8,24,7.34913769879283,1.34913769879283,0.0433308106854097,39.7958904571606,0.0550450580335738,46.0090606489393,7.154970754432,3.55329740857956,0,13660,2460,400,12,"CB","CB_noRecurrent","mechanism","bridge pool rebuilt each cycle (not recurrent)",4,8014,0,"core",3.49160596915476,2.50839403084524,13,0.108882626290407,0.3,3,2,"poolMean",0,0
9,27,7.43496688521003,1.43496688521003,0.0543331278948635,49.9006404841382,0.0536316279648073,44.827654141615,7.24556141561997,3.57965962778488,1,15360,2760,450,13,"CB","CB_noRecurrent","mechanism","bridge pool rebuilt each cycle (not recurrent)",4,8014,0,"core",3.49160596915476,2.50839403084524,13,0.108882626290407,0.3,3,2,"poolMean",0,0
10,30,7.6334523102033,1.6334523102033,0.0254543306755646,23.3777706717636,0.039730846694161,33.2087747835677,7.29546732481019,3.57058175747431,0,17060,3060,500,14,"CB","CB_noRecurrent","mechanism","bridge pool rebuilt each cycle (not recurrent)",4,8014,0,"core",3.49160596915476,2.50839403084524,13,0.108882626290407,0.3,3,2,"poolMean",0,0
11,33,7.75037610608213,1.75037610608213,0.0245736179832629,22.5689063723733,0.038126033412686,31.867401838651,7.33172613717765,3.57259083005072,3,18760,3360,550,16,"CB","CB_noRecurrent","mechanism","bridge pool rebuilt each cycle (not recurrent)",4,8014,0,"core",3.49160596915476,2.50839403084524,13,0.108882626290407,0.3,3,2,"poolMean",0,0
12,36,7.80514915051828,1.80514915051828,0.0313264671730766,28.7708592641072,0.0424084744828718,35.4468528913415,7.41433803384651,3.57048551973416,0,20460,3660,600,18,"CB","CB_noRecurrent","mechanism","bridge pool rebuilt each cycle (not recurrent)",4,8014,0,"core",3.49160596915476,2.50839403084524,13,0.108882626290407,0.3,3,2,"poolMean",0,0
13,39,7.93288152220514,1.93288152220514,0.0240925989309818,22.1271287732564,0.0399143511683096,33.3621558277897,7.48973510704095,3.56432618714521,0,22160,3960,650,20,"CB","CB_noRecurrent","mechanism","bridge pool rebuilt each cycle (not recurrent)",4,8014,0,"core",3.49160596915476,2.50839403084524,13,0.108882626290407,0.3,3,2,"poolMean",0,0
14,42,8.05727711204842,2.05727711204842,0.0231096818027796,21.2243978586103,0.0402566122731002,33.6482325890946,7.6331298466134,3.5603560439922,0,23860,4260,700,22,"CB","CB_noRecurrent","mechanism","bridge pool rebuilt each cycle (not recurrent)",4,8014,0,"core",3.49160596915476,2.50839403084524,13,0.108882626290407,0.3,3,2,"poolMean",0,0
15,45,8.08697559851003,2.08697559851003,0.0346778212351298,31.8488104269627,0.037827365273692,31.6177619797466,7.640350340994,3.56578020699793,0,25560,4560,750,24,"CB","CB_noRecurrent","mechanism","bridge pool rebuilt each cycle (not recurrent)",4,8014,0,"core",3.49160596915476,2.50839403084524,13,0.108882626290407,0.3,3,2,"poolMean",0,0
16,48,8.08363858139274,2.08363858139274,0.0325959276010561,29.9367573244586,0.0289213351016729,24.1737134681475,7.72445456659423,3.56722762712204,0,27260,4860,800,26,"CB","CB_noRecurrent","mechanism","bridge pool rebuilt each cycle (not recurrent)",4,8014,0,"core",3.49160596915476,2.50839403084524,13,0.108882626290407,0.3,3,2,"poolMean",0,0
17,51,8.24178981725339,2.24178981725339,0.0356831606868886,32.7721344557911,0.0251109299606033,20.9888106358975,7.7058430491576,3.53490357208319,0,28960,5160,850,28,"CB","CB_noRecurrent","mechanism","bridge pool rebuilt each cycle (not recurrent)",4,8014,0,"core",3.49160596915476,2.50839403084524,13,0.108882626290407,0.3,3,2,"poolMean",0,0
18,54,8.29971745615363,2.29971745615363,0.0237284255242811,21.7926645716588,0.0206487585146851,17.2591330950726,7.83496247058563,3.54924603482216,0,30660,5460,900,30,"CB","CB_noRecurrent","mechanism","bridge pool rebuilt each cycle (not recurrent)",4,8014,0,"core",3.49160596915476,2.50839403084524,13,0.108882626290407,0.3,3,2,"poolMean",0,0
19,57,8.32475939236675,2.32475939236675,0.0294808655810515,27.0758215387105,0.0224896973040794,18.7978700396421,7.80587646653826,3.5430236996524,0,32360,5760,950,32,"CB","CB_noRecurrent","mechanism","bridge pool rebuilt each cycle (not recurrent)",4,8014,0,"core",3.49160596915476,2.50839403084524,13,0.108882626290407,0.3,3,2,"poolMean",0,0
20,60,8.48310439738388,2.48310439738388,0.0264507597486576,24.2929112291151,0.0119166784987839,9.96047971191251,7.99933919687009,3.55173472549501,0,34060,6060,1000,34,"CB","CB_noRecurrent","mechanism","bridge pool rebuilt each cycle (not recurrent)",4,8014,0,"core",3.49160596915476,2.50839403084524,13,0.108882626290407,0.3,3,2,"poolMean",0,0
1,3,6.13725750024157,0.137257500241569,0.0888665477796477,81.6168297985641,0.115191425940315,96.2820186163343,4.82563498207413,3.49574690861213,0,1460,360,40,0,"CB","CB_noWithinFam","mechanism","bridge pool selected across families",4,8014,0,"core",3.4052481793004,2.5947518206996,13,0.108882626290407,0.3,3,2,"poolMean",0,0
2,6,6.36148987843542,0.361489878435417,0.0928656196027032,85.2896580167128,0.0974922639525399,81.4882869640893,5.97091383418235,3.49263996256536,1,3160,660,90,1,"CB","CB_noWithinFam","mechanism","bridge pool selected across families",4,8014,0,"core",3.4052481793004,2.5947518206996,13,0.108882626290407,0.3,3,2,"poolMean",0,0
3,9,6.59180266007938,0.591802660079381,0.120973070540843,111.104107847463,0.096397937396246,80.573601092243,6.46155580162094,3.45592650808574,150,4860,960,140,3,"CB","CB_noWithinFam","mechanism","bridge pool selected across families",4,8014,0,"core",3.4052481793004,2.5947518206996,13,0.108882626290407,0.3,3,2,"poolMean",0,0
4,12,7.07100492568901,1.07100492568901,0.0787085785348542,72.2875459716837,0.0833597632552109,69.6757264012865,6.94578688371411,3.44047394589197,93,6560,1260,190,5,"CB","CB_noWithinFam","mechanism","bridge pool selected across families",4,8014,0,"core",3.4052481793004,2.5947518206996,13,0.108882626290407,0.3,3,2,"poolMean",0,0
5,15,7.40686537543603,1.40686537543603,0.0804163711661642,73.8560171681398,0.0699339061760477,58.453809399356,7.51334633758331,3.44510047076355,196,8260,1560,240,7,"CB","CB_noWithinFam","mechanism","bridge pool selected across families",4,8014,0,"core",3.4052481793004,2.5947518206996,13,0.108882626290407,0.3,3,2,"poolMean",0,0
6,18,7.68329796904981,1.68329796904981,0.0458536013839591,42.112872315975,0.0560910196893306,46.8833210271704,7.77901503252456,3.47782692078543,205,9960,1860,290,9,"CB","CB_noWithinFam","mechanism","bridge pool selected across families",4,8014,0,"core",3.4052481793004,2.5947518206996,13,0.108882626290407,0.3,3,2,"poolMean",0,0
7,21,7.8596803706353,1.8596803706353,0.0477850999593353,43.886799563307,0.0509443893449982,42.581542881971,7.96430706442608,3.43475303447963,227,11660,2160,340,11,"CB","CB_noWithinFam","mechanism","bridge pool selected across families",4,8014,0,"core",3.4052481793004,2.5947518206996,13,0.108882626290407,0.3,3,2,"poolMean",0,0
8,24,7.99397850189047,1.99397850189047,0.0345774605975738,31.7566371932933,0.0431103321186732,36.0334961193822,8.12476016124114,3.4810111060133,242,13360,2460,390,13,"CB","CB_noWithinFam","mechanism","bridge pool selected across families",4,8014,0,"core",3.4052481793004,2.5947518206996,13,0.108882626290407,0.3,3,2,"poolMean",0,0
9,27,8.11922634505416,2.11922634505416,0.0267458257758701,24.5639058195886,0.0371707125725595,31.0689030080063,8.27095212866989,3.46121610791891,235,15060,2760,440,15,"CB","CB_noWithinFam","mechanism","bridge pool selected across families",4,8014,0,"core",3.4052481793004,2.5947518206996,13,0.108882626290407,0.3,3,2,"poolMean",0,0
10,30,8.22944814040111,2.22944814040111,0.027362262146687,25.1300534152323,0.0307291753347078,25.6847851955052,8.34633907361262,3.49132670261268,244,16760,3060,490,17,"CB","CB_noWithinFam","mechanism","bridge pool selected across families",4,8014,0,"core",3.4052481793004,2.5947518206996,13,0.108882626290407,0.3,3,2,"poolMean",0,0
11,33,8.24379968545744,2.24379968545744,0.0316910166695555,29.1056688741422,0.027104541389845,22.6551580326511,8.4324151022032,3.59971429538283,264,18460,3360,540,19,"CB","CB_noWithinFam","mechanism","bridge pool selected across families",4,8014,0,"core",3.4052481793004,2.5947518206996,13,0.108882626290407,0.3,3,2,"poolMean",0,0
12,36,8.35233345138757,2.35233345138757,0.0220671210161124,20.2668890050981,0.0249581632306565,20.8611215391037,8.42512559666041,3.60668578172445,259,20160,3660,590,21,"CB","CB_noWithinFam","mechanism","bridge pool selected across families",4,8014,0,"core",3.4052481793004,2.5947518206996,13,0.108882626290407,0.3,3,2,"poolMean",0,0
13,39,8.39215407204158,2.39215407204158,0.0153425724298352,14.0909279584369,0.0237604087935517,19.859986132803,8.35015918965343,3.67165461146917,294,21860,3960,640,23,"CB","CB_noWithinFam","mechanism","bridge pool selected across families",4,8014,0,"core",3.4052481793004,2.5947518206996,13,0.108882626290407,0.3,3,2,"poolMean",0,0
14,42,8.3841891521984,2.3841891521984,0.013141557161444,12.0694711444537,0.0233593769596898,19.5247862324768,8.43818996960298,3.67734790716049,194,23560,4260,690,25,"CB","CB_noWithinFam","mechanism","bridge pool selected across families",4,8014,0,"core",3.4052481793004,2.5947518206996,13,0.108882626290407,0.3,3,2,"poolMean",0,0
15,45,8.40930646961315,2.40930646961315,0.0105428526025446,9.68276846521431,0.018896244857602,15.7943057333202,8.43239778446362,3.61459811609978,252,25260,4560,740,27,"CB","CB_noWithinFam","mechanism","bridge pool selected across families",4,8014,0,"core",3.4052481793004,2.5947518206996,13,0.108882626290407,0.3,3,2,"poolMean",0,0
16,48,8.40283797317946,2.40283797317946,0.012450158659099,11.4344768153301,0.0168435351590729,14.0785614251448,8.46931306903984,3.55764644713099,281,26960,4860,790,29,"CB","CB_noWithinFam","mechanism","bridge pool selected across families",4,8014,0,"core",3.4052481793004,2.5947518206996,13,0.108882626290407,0.3,3,2,"poolMean",0,0
17,51,8.47284289634649,2.47284289634649,0.00933459595517126,8.57308119136883,0.0162102521753987,13.5492358826767,8.46933859447803,3.55915290256153,258,28660,5160,840,31,"CB","CB_noWithinFam","mechanism","bridge pool selected across families",4,8014,0,"core",3.4052481793004,2.5947518206996,13,0.108882626290407,0.3,3,2,"poolMean",0,0
18,54,8.49087349685007,2.49087349685007,0.00964197678070398,8.85538594099242,0.0140002515783716,11.7020209802817,8.48029818684715,3.56215916277158,133,30360,5460,890,33,"CB","CB_noWithinFam","mechanism","bridge pool selected across families",4,8014,0,"core",3.4052481793004,2.5947518206996,13,0.108882626290407,0.3,3,2,"poolMean",0,0
19,57,8.49287295939338,2.49287295939338,0.0118475584017379,10.8810365853398,0.0119831454884947,10.0160357212984,8.58698547633777,3.61530256022762,247,32060,5760,940,35,"CB","CB_noWithinFam","mechanism","bridge pool selected across families",4,8014,0,"core",3.4052481793004,2.5947518206996,13,0.108882626290407,0.3,3,2,"poolMean",0,0
20,60,8.56538073096345,2.56538073096345,0.0111821028904305,10.2698688224199,0.0106139000742679,8.87156067563635,8.60118157918181,3.64444547476093,161,33760,6060,990,37,"CB","CB_noWithinFam","mechanism","bridge pool selected across families",4,8014,0,"core",3.4052481793004,2.5947518206996,13,0.108882626290407,0.3,3,2,"poolMean",0,0
1,3,6.13725750024157,0.137257500241569,0.0888665477796477,81.6168297985641,0.115191425940315,96.2820186163343,4.9740222527053,3.47249045085278,0,1460,360,40,0,"CB","CB_noDistinctFam","mechanism","highest-ranking eligible lines admitted",4,8014,0,"core",3.45139314323743,2.54860685676257,13,0.108882626290407,0.3,3,2,"poolMean",0,0
2,6,6.37605552913134,0.376055529131339,0.0802645094322647,73.7165442888814,0.102124278642397,85.3599268970041,5.62072006288074,3.56291914792418,4,3160,660,90,2,"CB","CB_noDistinctFam","mechanism","highest-ranking eligible lines admitted",4,8014,0,"core",3.45139314323743,2.54860685676257,13,0.108882626290407,0.3,3,2,"poolMean",0,0
3,9,6.48300253820608,0.483002538206084,0.129829188352849,119.237745061893,0.0940261697024421,78.591174193849,5.85004733758939,3.6161351819209,80,4860,960,140,4,"CB","CB_noDistinctFam","mechanism","highest-ranking eligible lines admitted",4,8014,0,"core",3.45139314323743,2.54860685676257,13,0.108882626290407,0.3,3,2,"poolMean",0,0
4,12,6.86102313388078,0.861023133880785,0.0553067815511372,50.7948636393336,0.0712217322077829,59.5302305735011,6.09621931549064,3.64777080881552,97,6560,1260,190,6,"CB","CB_noDistinctFam","mechanism","highest-ranking eligible lines admitted",4,8014,0,"core",3.45139314323743,2.54860685676257,13,0.108882626290407,0.3,3,2,"poolMean",0,0
5,15,7.00603582374187,1.00603582374187,0.0430643165195256,39.5511368403867,0.0570107907256637,47.652105781071,6.19023013575477,3.67102403625541,82,8260,1560,240,8,"CB","CB_noDistinctFam","mechanism","highest-ranking eligible lines admitted",4,8014,0,"core",3.45139314323743,2.54860685676257,13,0.108882626290407,0.3,3,2,"poolMean",0,0
6,18,7.14104479228424,1.14104479228424,0.0522164233900691,47.9566163758761,0.0564892894609112,47.2162122753567,6.10086738177648,3.6870553079953,27,9960,1860,290,10,"CB","CB_noDistinctFam","mechanism","highest-ranking eligible lines admitted",4,8014,0,"core",3.45139314323743,2.54860685676257,13,0.108882626290407,0.3,3,2,"poolMean",0,0
7,21,7.34160192596682,1.34160192596682,0.0468523978753469,43.0301871580361,0.0487712802168013,40.7651634784832,6.29890561152459,3.75352215541426,21,11660,2160,340,12,"CB","CB_noDistinctFam","mechanism","highest-ranking eligible lines admitted",4,8014,0,"core",3.45139314323743,2.54860685676257,13,0.108882626290407,0.3,3,2,"poolMean",0,0
8,24,7.55912337600502,1.55912337600502,0.0292665191830501,26.8789614837099,0.0422194054646411,35.2888207584421,6.49396565320321,3.72924748365967,30,13360,2460,390,14,"CB","CB_noDistinctFam","mechanism","highest-ranking eligible lines admitted",4,8014,0,"core",3.45139314323743,2.54860685676257,13,0.108882626290407,0.3,3,2,"poolMean",0,0
9,27,7.69997100955402,1.69997100955402,0.030054783348865,27.6029191918134,0.0341085460174338,28.5094106251297,6.61026809103935,3.66086343918474,86,15060,2760,440,16,"CB","CB_noDistinctFam","mechanism","highest-ranking eligible lines admitted",4,8014,0,"core",3.45139314323743,2.54860685676257,13,0.108882626290407,0.3,3,2,"poolMean",0,0
10,30,7.829633469055,1.829633469055,0.0216629241421948,19.8956664439894,0.0305802208579793,25.5602825462473,6.70027318736063,3.65947931180213,71,16760,3060,490,18,"CB","CB_noDistinctFam","mechanism","highest-ranking eligible lines admitted",4,8014,0,"core",3.45139314323743,2.54860685676257,13,0.108882626290407,0.3,3,2,"poolMean",0,0
11,33,7.9708076875981,1.9708076875981,0.0258913099369882,23.779101238734,0.0267732377917849,22.3782400334537,6.52856671224594,3.56112908104239,10,18460,3360,540,20,"CB","CB_noDistinctFam","mechanism","highest-ranking eligible lines admitted",4,8014,0,"core",3.45139314323743,2.54860685676257,13,0.108882626290407,0.3,3,2,"poolMean",0,0
12,36,8.00543899562542,2.00543899562542,0.019294186840704,17.7201703320817,0.0218006433572903,18.2219286933931,6.72164399997058,3.58841141429178,42,20160,3660,590,22,"CB","CB_noDistinctFam","mechanism","highest-ranking eligible lines admitted",4,8014,0,"core",3.45139314323743,2.54860685676257,13,0.108882626290407,0.3,3,2,"poolMean",0,0
13,39,8.0511527108499,2.0511527108499,0.01649954879339,15.1535183853696,0.0163531728588051,13.6686952242732,6.86202874617266,3.61700925148424,42,21860,3960,640,24,"CB","CB_noDistinctFam","mechanism","highest-ranking eligible lines admitted",4,8014,0,"core",3.45139314323743,2.54860685676257,13,0.108882626290407,0.3,3,2,"poolMean",0,0
14,42,8.12124681036991,2.12124681036991,0.0146857968054199,13.4877319787003,0.0166944600544088,13.9539579497964,6.86994971130293,3.62920685207516,42,23560,4260,690,26,"CB","CB_noDistinctFam","mechanism","highest-ranking eligible lines admitted",4,8014,0,"core",3.45139314323743,2.54860685676257,13,0.108882626290407,0.3,3,2,"poolMean",0,0
15,45,8.12917991602484,2.12917991602484,0.012533734230262,11.5112343054921,0.0126504458789503,10.5737944962424,6.7324679864102,3.59897732370293,28,25260,4560,740,28,"CB","CB_noDistinctFam","mechanism","highest-ranking eligible lines admitted",4,8014,0,"core",3.45139314323743,2.54860685676257,13,0.108882626290407,0.3,3,2,"poolMean",0,0
16,48,8.19157628486144,2.19157628486144,0.0076148270221365,6.99361071786292,0.0114162617176228,9.54220953731951,6.94063684901109,3.5492569239952,28,26960,4860,790,30,"CB","CB_noDistinctFam","mechanism","highest-ranking eligible lines admitted",4,8014,0,"core",3.45139314323743,2.54860685676257,13,0.108882626290407,0.3,3,2,"poolMean",0,0
17,51,8.19680276688993,2.19680276688993,0.00719019732657373,6.60362224125306,0.0100160734028391,8.37187106559825,6.91109014087128,3.54634413285568,23,28660,5160,840,32,"CB","CB_noDistinctFam","mechanism","highest-ranking eligible lines admitted",4,8014,0,"core",3.45139314323743,2.54860685676257,13,0.108882626290407,0.3,3,2,"poolMean",0,0
18,54,8.26401550284087,2.26401550284087,0.00726741875969357,6.67454396288188,0.0122802206425747,10.2643440939232,6.78611334606444,3.64491094073257,11,30360,5460,890,34,"CB","CB_noDistinctFam","mechanism","highest-ranking eligible lines admitted",4,8014,0,"core",3.45139314323743,2.54860685676257,13,0.108882626290407,0.3,3,2,"poolMean",0,0
19,57,8.30056991484628,2.30056991484628,0.0072512980364148,6.65973836548954,0.0123121703948527,10.2910490905713,6.95458393485525,3.65396850871717,48,32060,5760,940,36,"CB","CB_noDistinctFam","mechanism","highest-ranking eligible lines admitted",4,8014,0,"core",3.45139314323743,2.54860685676257,13,0.108882626290407,0.3,3,2,"poolMean",0,0
20,60,8.36560797789746,2.36560797789746,0.0137504351651163,12.6286769832699,0.0117920356095291,9.85629774797152,6.97155111635094,3.64280194387635,13,33760,6060,990,38,"CB","CB_noDistinctFam","mechanism","highest-ranking eligible lines admitted",4,8014,0,"core",3.45139314323743,2.54860685676257,13,0.108882626290407,0.3,3,2,"poolMean",0,0
1,3,6.28542445514106,0.285424455141056,0.379628455816907,106.607257950998,0.482936740589921,96.20510033507,NA,NA,0,1260,260,30,0,"GSRS","GSRS_base","baseline","baseline",5,8015,0,"core",NA,NA,8,0.356100009617921,0.3,3,2,"poolMean",0,0
2,6,7.48398148064167,1.48398148064167,0.397502625825558,111.62668213687,0.362962707234813,72.305253944356,NA,NA,0,2460,460,60,0,"GSRS","GSRS_base","baseline","baseline",5,8015,0,"core",NA,NA,8,0.356100009617921,0.3,3,2,"poolMean",0,0
3,9,8.4634896249651,2.4634896249651,0.254853510732153,71.5679595194618,0.294251487433753,58.6173953916369,NA,NA,0,3660,660,90,0,"GSRS","GSRS_base","baseline","baseline",5,8015,0,"core",NA,NA,8,0.356100009617921,0.3,3,2,"poolMean",0,0
4,12,9.06443399663938,3.06443399663938,0.16449322702948,46.1929858429305,0.238330719980077,47.4775035765654,NA,NA,0,4860,860,120,0,"GSRS","GSRS_base","baseline","baseline",5,8015,0,"core",NA,NA,8,0.356100009617921,0.3,3,2,"poolMean",0,0
5,15,9.79276509556427,3.79276509556427,0.152533523617465,42.8344620886493,0.214662376072337,42.7625684535354,NA,NA,0,6060,1060,150,0,"GSRS","GSRS_base","baseline","baseline",5,8015,0,"core",NA,NA,8,0.356100009617921,0.3,3,2,"poolMean",0,0
6,18,10.214414674654,4.21441467465397,0.129683048291531,36.4175919092716,0.192119138882485,38.2717641443046,NA,NA,0,7260,1260,180,0,"GSRS","GSRS_base","baseline","baseline",5,8015,0,"core",NA,NA,8,0.356100009617921,0.3,3,2,"poolMean",0,0
7,21,10.5552467268969,4.55524672689686,0.135828015540094,38.1432215308928,0.154053541721375,30.6887738965022,NA,NA,0,8460,1460,210,0,"GSRS","GSRS_base","baseline","baseline",5,8015,0,"core",NA,NA,8,0.356100009617921,0.3,3,2,"poolMean",0,0
8,24,11.0931139859751,5.09311398597505,0.0869790464275395,24.4254546695643,0.112014989113001,22.3143371810651,NA,NA,0,9660,1660,240,0,"GSRS","GSRS_base","baseline","baseline",5,8015,0,"core",NA,NA,8,0.356100009617921,0.3,3,2,"poolMean",0,0
9,27,11.2148993598915,5.21489935989153,0.0550702290627893,15.464820998426,0.106514485805292,21.218590206078,NA,NA,0,10860,1860,270,0,"GSRS","GSRS_base","baseline","baseline",5,8015,0,"core",NA,NA,8,0.356100009617921,0.3,3,2,"poolMean",0,0
10,30,11.2058930918622,5.20589309186219,0.0699068754230572,19.6312478334567,0.0930494047439854,18.5362316989566,NA,NA,0,12060,2060,300,0,"GSRS","GSRS_base","baseline","baseline",5,8015,0,"core",NA,NA,8,0.356100009617921,0.3,3,2,"poolMean",0,0
11,33,11.4811538988387,5.48115389883873,0.0847928016916855,23.8115134517026,0.0751336041662632,14.9672520639479,NA,NA,0,13260,2260,330,0,"GSRS","GSRS_base","baseline","baseline",5,8015,0,"core",NA,NA,8,0.356100009617921,0.3,3,2,"poolMean",0,0
12,36,11.8862117037239,5.88621170372386,0.0305086976043736,8.56745205851247,0.0486054810771285,9.68262463971475,NA,NA,0,14460,2460,360,0,"GSRS","GSRS_base","baseline","baseline",5,8015,0,"core",NA,NA,8,0.356100009617921,0.3,3,2,"poolMean",0,0
13,39,11.9810783269335,5.98107832693346,0.023800916873709,6.68377316227718,0.0402281444106282,8.013788026545,NA,NA,0,15660,2660,390,0,"GSRS","GSRS_base","baseline","baseline",5,8015,0,"core",NA,NA,8,0.356100009617921,0.3,3,2,"poolMean",0,0
14,42,12.1116131014631,6.11161310146311,0.0176248538842963,4.94941123512099,0.0194637484038329,3.87734398877993,NA,NA,0,16860,2860,420,0,"GSRS","GSRS_base","baseline","baseline",5,8015,0,"core",NA,NA,8,0.356100009617921,0.3,3,2,"poolMean",0,0
15,45,12.1274473949905,6.12744739499052,0.019254214772964,5.40696833836735,0.0169192355732928,3.37045542224229,NA,NA,0,18060,3060,450,0,"GSRS","GSRS_base","baseline","baseline",5,8015,0,"core",NA,NA,8,0.356100009617921,0.3,3,2,"poolMean",0,0
16,48,12.1561732991345,6.15617329913451,0.0140593044334801,3.94813368541189,0.0151001056397435,3.00806928950395,NA,NA,0,19260,3260,480,0,"GSRS","GSRS_base","baseline","baseline",5,8015,0,"core",NA,NA,8,0.356100009617921,0.3,3,2,"poolMean",0,0
17,51,12.2372127601437,6.23721276014373,0.00992975575878245,2.78847388109779,0.0105512574732969,2.10190010111827,NA,NA,0,20460,3460,510,0,"GSRS","GSRS_base","baseline","baseline",5,8015,0,"core",NA,NA,8,0.356100009617921,0.3,3,2,"poolMean",0,0
18,54,12.2126239680176,6.21262396801755,0.00860564876848953,2.41663817356338,0.0100261129642519,1.99728685483395,NA,NA,0,21660,3660,540,0,"GSRS","GSRS_base","baseline","baseline",5,8015,0,"core",NA,NA,8,0.356100009617921,0.3,3,2,"poolMean",0,0
19,57,12.3294143804787,6.3294143804787,0.00628867345079706,1.76598519543555,0.00988879587608339,1.96993212462884,NA,NA,0,22860,3860,570,0,"GSRS","GSRS_base","baseline","baseline",5,8015,0,"core",NA,NA,8,0.356100009617921,0.3,3,2,"poolMean",0,0
20,60,12.3947285865906,6.39472858659056,0.00410527676623781,1.15284376730082,0.00807293780470393,1.60819777462285,NA,NA,0,24060,4060,600,0,"GSRS","GSRS_base","baseline","baseline",5,8015,0,"core",NA,NA,8,0.356100009617921,0.3,3,2,"poolMean",0,0
1,3,6.28542445514106,0.285424455141056,0.379628455816907,106.607257950998,0.482936740589921,96.20510033507,6.01152438595799,3.45587138871312,0,1460,360,40,0,"CB","CB_base","baseline","2 bridge lines per cycle (as specified)",5,8015,0,"core",3.41377064928016,2.58622935071984,8,0.356100009617921,0.3,3,2,"poolMean",0,0
2,6,7.37917276743258,1.37917276743258,0.383942238165394,107.818654253154,0.387337389798338,77.1608977265934,7.0726418465798,3.40341491407931,106,3160,660,90,2,"CB","CB_base","baseline","2 bridge lines per cycle (as specified)",5,8015,0,"core",3.41377064928016,2.58622935071984,8,0.356100009617921,0.3,3,2,"poolMean",0,0
3,9,8.48862460007711,2.48862460007711,0.285394222655292,80.1444018385473,0.338361238945924,67.404432519522,7.62509236904198,3.49755165441294,60,4860,960,140,4,"CB","CB_base","baseline","2 bridge lines per cycle (as specified)",5,8015,0,"core",3.41377064928016,2.58622935071984,8,0.356100009617921,0.3,3,2,"poolMean",0,0
4,12,9.2754845042442,3.2754845042442,0.211479170268612,59.3875778030783,0.281775866059658,56.1321456577462,8.34563850677879,3.43474554934805,84,6560,1260,190,6,"CB","CB_base","baseline","2 bridge lines per cycle (as specified)",5,8015,0,"core",3.41377064928016,2.58622935071984,8,0.356100009617921,0.3,3,2,"poolMean",0,0
5,15,10.0680327393233,4.06803273932331,0.224287592053643,62.9844386396657,0.270812145975721,53.9480795015197,8.68852195829189,3.34587469915817,71,8260,1560,240,8,"CB","CB_base","baseline","2 bridge lines per cycle (as specified)",5,8015,0,"core",3.41377064928016,2.58622935071984,8,0.356100009617921,0.3,3,2,"poolMean",0,0
6,18,10.7083535783727,4.70835357837273,0.254929392871942,71.5892687409557,0.248496065280234,49.5025266952198,8.990768621185,3.25486187897011,79,9960,1860,290,10,"CB","CB_base","baseline","2 bridge lines per cycle (as specified)",5,8015,0,"core",3.41377064928016,2.58622935071984,8,0.356100009617921,0.3,3,2,"poolMean",0,0
7,21,11.2806943458773,5.28069434587727,0.177814906172562,49.9339796040301,0.243652100111479,48.5375676935286,9.3211897527826,3.201527324692,56,11660,2160,340,12,"CB","CB_base","baseline","2 bridge lines per cycle (as specified)",5,8015,0,"core",3.41377064928016,2.58622935071984,8,0.356100009617921,0.3,3,2,"poolMean",0,0
8,24,11.7628186479485,5.7628186479485,0.171794729483088,48.2433936655649,0.237960143213557,47.4036815373448,9.60985546463429,3.15873668232139,59,13360,2460,390,14,"CB","CB_base","baseline","2 bridge lines per cycle (as specified)",5,8015,0,"core",3.41377064928016,2.58622935071984,8,0.356100009617921,0.3,3,2,"poolMean",0,0
9,27,12.3846031294066,6.38460312940659,0.153372735111608,43.0701294493561,0.18755406379061,37.3623624145575,10.0356819186857,3.15382670322803,33,15060,2760,440,16,"CB","CB_base","baseline","2 bridge lines per cycle (as specified)",5,8015,0,"core",3.41377064928016,2.58622935071984,8,0.356100009617921,0.3,3,2,"poolMean",0,0
10,30,12.9481170223424,6.94811702234238,0.123194616435436,34.5955105610973,0.162836459716643,32.4384057549881,10.3037809266158,3.22721843102721,23,16760,3060,490,18,"CB","CB_base","baseline","2 bridge lines per cycle (as specified)",5,8015,0,"core",3.41377064928016,2.58622935071984,8,0.356100009617921,0.3,3,2,"poolMean",0,0
11,33,13.3023596177279,7.3023596177279,0.139285616757794,39.1141850592032,0.157253978765492,31.3263281371864,10.5255739430537,3.13402219592099,19,18460,3360,540,20,"CB","CB_base","baseline","2 bridge lines per cycle (as specified)",5,8015,0,"core",3.41377064928016,2.58622935071984,8,0.356100009617921,0.3,3,2,"poolMean",0,0
12,36,13.651977661519,7.65197766151901,0.139590066882569,39.1996807392236,0.134242197084733,26.7421857859918,11.2064831915163,3.13490523076749,100,20160,3660,590,22,"CB","CB_base","baseline","2 bridge lines per cycle (as specified)",5,8015,0,"core",3.41377064928016,2.58622935071984,8,0.356100009617921,0.3,3,2,"poolMean",0,0
13,39,14.1465606763481,8.14656067634808,0.0706052732910826,19.827371913536,0.0906035963685094,18.0490058981703,11.2556488461959,3.17391222463689,98,21860,3960,640,24,"CB","CB_base","baseline","2 bridge lines per cycle (as specified)",5,8015,0,"core",3.41377064928016,2.58622935071984,8,0.356100009617921,0.3,3,2,"poolMean",0,0
14,42,14.4221556215122,8.42215562151219,0.0553178967046897,15.534371022355,0.0838521295663778,16.7040563705892,11.2591226244663,3.30207404716377,62,23560,4260,690,26,"CB","CB_base","baseline","2 bridge lines per cycle (as specified)",5,8015,0,"core",3.41377064928016,2.58622935071984,8,0.356100009617921,0.3,3,2,"poolMean",0,0
15,45,14.5654198012769,8.56541980127693,0.072374824802833,20.3242973457058,0.0820098610252694,16.3370608307076,11.3359407143187,3.37973967767361,25,25260,4560,740,27,"CB","CB_base","baseline","2 bridge lines per cycle (as specified)",5,8015,0,"core",3.41377064928016,2.58622935071984,8,0.356100009617921,0.3,3,2,"poolMean",0,0
16,48,14.8097362207134,8.80973622071341,0.0407396350669356,11.4405037816897,0.0559090277734213,11.1375531710591,11.4872741104783,3.46319374266471,35,26960,4860,790,29,"CB","CB_base","baseline","2 bridge lines per cycle (as specified)",5,8015,0,"core",3.41377064928016,2.58622935071984,8,0.356100009617921,0.3,3,2,"poolMean",0,0
17,51,14.8904464791076,8.89044647910755,0.055733751617814,15.6511513935689,0.0529851137765099,10.5550846699043,11.8346871207612,3.44556470487746,40,28660,5160,840,31,"CB","CB_base","baseline","2 bridge lines per cycle (as specified)",5,8015,0,"core",3.41377064928016,2.58622935071984,8,0.356100009617921,0.3,3,2,"poolMean",0,0
18,54,15.1583071899304,9.15830718993042,0.0289893587117043,8.14079133072998,0.0402208880543618,8.01234249874807,11.7687431809294,3.54070621940307,45,30360,5460,890,33,"CB","CB_base","baseline","2 bridge lines per cycle (as specified)",5,8015,0,"core",3.41377064928016,2.58622935071984,8,0.356100009617921,0.3,3,2,"poolMean",0,0
19,57,15.220885711911,9.22088571191104,0.0220291183011705,6.18621671052656,0.0344613058581317,6.86498480879565,11.9202340169847,3.50501885826645,19,32060,5760,940,35,"CB","CB_base","baseline","2 bridge lines per cycle (as specified)",5,8015,0,"core",3.41377064928016,2.58622935071984,8,0.356100009617921,0.3,3,2,"poolMean",0,0
20,60,15.2404434063222,9.24044340632215,0.0183655629554157,5.15741714669458,0.0306442589915492,6.1045966545735,11.6127390147445,3.47503193738116,0,33760,6060,990,37,"CB","CB_base","baseline","2 bridge lines per cycle (as specified)",5,8015,0,"core",3.41377064928016,2.58622935071984,8,0.356100009617921,0.3,3,2,"poolMean",0,0
1,3,6.28542445514106,0.285424455141056,0.379628455816907,106.607257950998,0.482936740589921,96.20510033507,5.78497055613081,3.37133882936944,0,1460,360,40,0,"CB","CB_nB1","inflow_rate","1 bridge line per cycle",5,8015,0,"core",3.28525803689169,2.71474196310831,8,0.356100009617921,0.3,3,1,"poolMean",0,0
2,6,7.40260489810995,1.40260489810995,0.367901662869319,103.314140110263,0.392879594176384,78.2649519089612,6.76445052688705,3.45971804232706,21,3160,660,90,1,"CB","CB_nB1","inflow_rate","1 bridge line per cycle",5,8015,0,"core",3.28525803689169,2.71474196310831,8,0.356100009617921,0.3,3,1,"poolMean",0,0
3,9,8.19356366349179,2.19356366349179,0.354065634410131,99.4287067810046,0.340698744811785,67.8700835405735,7.39477393836825,3.48885739542477,89,4860,960,140,2,"CB","CB_nB1","inflow_rate","1 bridge line per cycle",5,8015,0,"core",3.28525803689169,2.71474196310831,8,0.356100009617921,0.3,3,1,"poolMean",0,0
4,12,9.02757523747849,3.02757523747849,0.292452734781368,82.1265731206121,0.303536743263919,60.4670972132188,7.98657990222433,3.55907795779832,85,6560,1260,190,3,"CB","CB_nB1","inflow_rate","1 bridge line per cycle",5,8015,0,"core",3.28525803689169,2.71474196310831,8,0.356100009617921,0.3,3,1,"poolMean",0,0
5,15,9.94871413448244,3.94871413448244,0.249217916913755,69.9853721377753,0.255440632141349,50.8859433945604,8.7355940355436,3.43700618561679,86,8260,1560,240,4,"CB","CB_nB1","inflow_rate","1 bridge line per cycle",5,8015,0,"core",3.28525803689169,2.71474196310831,8,0.356100009617921,0.3,3,1,"poolMean",0,0
6,18,10.8657322328235,4.86573223282352,0.199367824625924,55.9864698795814,0.213683222379626,42.5675127219386,9.31581977709892,3.35178624485285,98,9960,1860,290,5,"CB","CB_nB1","inflow_rate","1 bridge line per cycle",5,8015,0,"core",3.28525803689169,2.71474196310831,8,0.356100009617921,0.3,3,1,"poolMean",0,0
7,21,11.631404740937,5.63140474093702,0.173854591614635,48.8218441221536,0.182001204827232,36.2561857483016,9.65463280080527,3.3177605351471,67,11660,2160,340,6,"CB","CB_nB1","inflow_rate","1 bridge line per cycle",5,8015,0,"core",3.28525803689169,2.71474196310831,8,0.356100009617921,0.3,3,1,"poolMean",0,0
8,24,12.1506125109159,6.15061251091586,0.160221184575997,44.993310937539,0.161521239145208,32.176402646914,9.90477720883023,3.30734992448455,41,13360,2460,390,7,"CB","CB_nB1","inflow_rate","1 bridge line per cycle",5,8015,0,"core",3.28525803689169,2.71474196310831,8,0.356100009617921,0.3,3,1,"poolMean",0,0
9,27,12.5856469062485,6.58564690624851,0.112756676318061,31.664328355128,0.143325752654706,28.5517072026911,10.0535286118103,3.39285159968656,36,15060,2760,440,8,"CB","CB_nB1","inflow_rate","1 bridge line per cycle",5,8015,0,"core",3.28525803689169,2.71474196310831,8,0.356100009617921,0.3,3,1,"poolMean",0,0
10,30,12.8923770795533,6.89237707955329,0.0950903710589197,26.7032767454703,0.118345444924333,23.5754177436082,10.4432067090181,3.5581827249923,13,16760,3060,490,9,"CB","CB_nB1","inflow_rate","1 bridge line per cycle",5,8015,0,"core",3.28525803689169,2.71474196310831,8,0.356100009617921,0.3,3,1,"poolMean",0,0
11,33,13.400901466551,7.40090146655098,0.0738710787263983,20.7444753527692,0.096236881637505,19.1712041675705,10.7142660259627,3.53696353418503,13,18460,3360,540,10,"CB","CB_nB1","inflow_rate","1 bridge line per cycle",5,8015,0,"core",3.28525803689169,2.71474196310831,8,0.356100009617921,0.3,3,1,"poolMean",0,0
12,36,13.5868070718913,7.58680707189127,0.0837346387538478,23.5143601494679,0.0892689053789904,17.7831241174507,11.0733679187453,3.53858592065362,76,20160,3660,590,11,"CB","CB_nB1","inflow_rate","1 bridge line per cycle",5,8015,0,"core",3.28525803689169,2.71474196310831,8,0.356100009617921,0.3,3,1,"poolMean",0,0
13,39,13.8494380176299,7.84943801762987,0.0794696301035276,22.3166604765877,0.0772413182862639,15.3871266175895,11.2664044697901,3.53229848842589,161,21860,3960,640,12,"CB","CB_nB1","inflow_rate","1 bridge line per cycle",5,8015,0,"core",3.28525803689169,2.71474196310831,8,0.356100009617921,0.3,3,1,"poolMean",0,0
14,42,14.104207672368,8.10420767236796,0.0450771647812318,12.6585688187983,0.0698631997903649,13.917342750421,11.2868505443039,3.49168545983203,90,23560,4260,690,13,"CB","CB_nB1","inflow_rate","1 bridge line per cycle",5,8015,0,"core",3.28525803689169,2.71474196310831,8,0.356100009617921,0.3,3,1,"poolMean",0,0
15,45,14.2141127749423,8.21411277494227,0.035195409322295,9.88357438126949,0.0594517087110343,11.8432853020249,11.2355438748438,3.5916887750165,37,25260,4560,740,14,"CB","CB_nB1","inflow_rate","1 bridge line per cycle",5,8015,0,"core",3.28525803689169,2.71474196310831,8,0.356100009617921,0.3,3,1,"poolMean",0,0
16,48,14.274983620561,8.27498362056105,0.0361405588904356,10.1489912705177,0.0498202433975227,9.92461561098362,11.251255437523,3.6392586054541,35,26960,4860,790,15,"CB","CB_nB1","inflow_rate","1 bridge line per cycle",5,8015,0,"core",3.28525803689169,2.71474196310831,8,0.356100009617921,0.3,3,1,"poolMean",0,0
17,51,14.3576878820834,8.35768788208338,0.0435539303097584,12.2308141346275,0.0522280813466888,10.4042773803639,11.5407149458402,3.58953454680178,35,28660,5160,840,16,"CB","CB_nB1","inflow_rate","1 bridge line per cycle",5,8015,0,"core",3.28525803689169,2.71474196310831,8,0.356100009617921,0.3,3,1,"poolMean",0,0
18,54,14.525671292134,8.52567129213399,0.027138956877393,7.62116151204599,0.0435349500047686,8.67253178578817,11.4563390669145,3.59673837677732,41,30360,5460,890,17,"CB","CB_nB1","inflow_rate","1 bridge line per cycle",5,8015,0,"core",3.28525803689169,2.71474196310831,8,0.356100009617921,0.3,3,1,"poolMean",0,0
19,57,14.6960028025283,8.69600280252834,0.0304168392925738,8.54165640860548,0.0422074001462198,8.40807257900781,11.6377692165484,3.49077490327965,13,32060,5760,940,18,"CB","CB_nB1","inflow_rate","1 bridge line per cycle",5,8015,0,"core",3.28525803689169,2.71474196310831,8,0.356100009617921,0.3,3,1,"poolMean",0,0
20,60,14.8532733757067,8.85327337570666,0.0296389037527835,8.32319656059115,0.0366407762443294,7.29915382009379,11.3882258974116,3.59463113323861,0,33760,6060,990,19,"CB","CB_nB1","inflow_rate","1 bridge line per cycle",5,8015,0,"core",3.28525803689169,2.71474196310831,8,0.356100009617921,0.3,3,1,"poolMean",0,0
1,3,6.28542445514106,0.285424455141056,0.379628455816907,106.607257950998,0.482936740589921,96.20510033507,5.78497055613081,3.37133882936944,0,1460,360,40,0,"CB","CB_nB4","inflow_rate","4 bridge lines per cycle",5,8015,0,"core",3.28525803689169,2.71474196310831,8,0.356100009617921,0.3,3,4,"poolMean",0,0
2,6,7.40260489810995,1.40260489810995,0.367901662869319,103.314140110263,0.392879594176384,78.2649519089612,6.76445052688705,3.45971804232706,21,3160,660,90,4,"CB","CB_nB4","inflow_rate","4 bridge lines per cycle",5,8015,0,"core",3.28525803689169,2.71474196310831,8,0.356100009617921,0.3,3,4,"poolMean",0,0
3,9,8.15411525712076,2.15411525712076,0.452582812487397,127.094299428129,0.373799529878176,74.4640410526729,7.46420941539046,3.48885739542477,102,4860,960,140,8,"CB","CB_nB4","inflow_rate","4 bridge lines per cycle",5,8015,0,"core",3.28525803689169,2.71474196310831,8,0.356100009617921,0.3,3,4,"poolMean",0,0
4,12,9.00980410034398,3.00980410034398,0.367467976612431,103.192352341329,0.319769722646936,63.7008445739446,8.17517606076857,3.55907795779832,97,6560,1260,190,12,"CB","CB_nB4","inflow_rate","4 bridge lines per cycle",5,8015,0,"core",3.28525803689169,2.71474196310831,8,0.356100009617921,0.3,3,4,"poolMean",0,0
5,15,9.98332956207583,3.98332956207583,0.347441360185226,97.5684781806143,0.29966130645512,59.6950772865978,8.91345790885805,3.43700618561679,110,8260,1560,240,16,"CB","CB_nB4","inflow_rate","4 bridge lines per cycle",5,8015,0,"core",3.28525803689169,2.71474196310831,8,0.356100009617921,0.3,3,4,"poolMean",0,0
6,18,10.9020458870527,4.90204588705268,0.217669150843518,61.1258480664089,0.236756428037329,47.1638912510178,9.32043008770585,3.35178624485285,94,9960,1860,290,20,"CB","CB_nB4","inflow_rate","4 bridge lines per cycle",5,8015,0,"core",3.28525803689169,2.71474196310831,8,0.356100009617921,0.3,3,4,"poolMean",0,0
7,21,11.6445851387772,5.64458513877722,0.170449543157271,47.8656384593068,0.204887169773194,40.8152643373558,9.88711509146768,3.3177605351471,55,11660,2160,340,24,"CB","CB_nB4","inflow_rate","4 bridge lines per cycle",5,8015,0,"core",3.28525803689169,2.71474196310831,8,0.356100009617921,0.3,3,4,"poolMean",0,0
8,24,12.1951587369587,6.19515873695871,0.143163256287511,40.2031037407495,0.173736545257075,34.6097953696964,9.79945294267629,3.30734992448455,49,13360,2460,390,28,"CB","CB_nB4","inflow_rate","4 bridge lines per cycle",5,8015,0,"core",3.28525803689169,2.71474196310831,8,0.356100009617921,0.3,3,4,"poolMean",0,0
9,27,12.6394381309881,6.63943813098809,0.0952189084165437,26.7393726045414,0.136441088339951,27.1802235993414,10.1422459371396,3.39285159968656,29,15060,2760,440,30,"CB","CB_nB4","inflow_rate","4 bridge lines per cycle",5,8015,0,"core",3.28525803689169,2.71474196310831,8,0.356100009617921,0.3,3,4,"poolMean",0,0
10,30,13.0911323911452,7.09113239114524,0.0791766247983744,22.2343787306626,0.115736950735801,23.0557835471613,10.439458352589,3.5581827249923,8,16760,3060,490,33,"CB","CB_nB4","inflow_rate","4 bridge lines per cycle",5,8015,0,"core",3.28525803689169,2.71474196310831,8,0.356100009617921,0.3,3,4,"poolMean",0,0
11,33,13.3914519584006,7.39145195840061,0.114553802446426,32.1689972907716,0.108917604219503,21.697311804012,10.5789401431642,3.53696353418503,37,18460,3360,540,37,"CB","CB_nB4","inflow_rate","4 bridge lines per cycle",5,8015,0,"core",3.28525803689169,2.71474196310831,8,0.356100009617921,0.3,3,4,"poolMean",0,0
12,36,13.6793581018921,7.6793581018921,0.11314374454534,31.7730248496028,0.114969958665111,22.9029922125719,11.1988220300101,3.53858592065362,105,20160,3660,590,41,"CB","CB_nB4","inflow_rate","4 bridge lines per cycle",5,8015,0,"core",3.28525803689169,2.71474196310831,8,0.356100009617921,0.3,3,4,"poolMean",0,0
13,39,14.0748665968722,8.07486659687216,0.106451333634055,29.8936621058429,0.0971391175648591,19.3509372270412,11.4616838637206,3.53229848842589,164,21860,3960,640,45,"CB","CB_nB4","inflow_rate","4 bridge lines per cycle",5,8015,0,"core",3.28525803689169,2.71474196310831,8,0.356100009617921,0.3,3,4,"poolMean",0,0
14,42,14.5252284521978,8.52522845219778,0.0511373866312036,14.3604002387059,0.0633155043412569,12.6129862070041,11.534069709163,3.49168545983203,92,23560,4260,690,49,"CB","CB_nB4","inflow_rate","4 bridge lines per cycle",5,8015,0,"core",3.28525803689169,2.71474196310831,8,0.356100009617921,0.3,3,4,"poolMean",0,0
15,45,14.8721017051039,8.87210170510391,0.0397938346422794,11.1749041189233,0.0563886257682005,11.2330931648725,11.6779801379668,3.5916887750165,27,25260,4560,740,51,"CB","CB_nB4","inflow_rate","4 bridge lines per cycle",5,8015,0,"core",3.28525803689169,2.71474196310831,8,0.356100009617921,0.3,3,4,"poolMean",0,0
16,48,15.0072429108578,9.00724291085777,0.0296610963470317,8.32942868461496,0.0474333584960341,9.44912786665614,11.8044417921631,3.6392586054541,33,26960,4860,790,53,"CB","CB_nB4","inflow_rate","4 bridge lines per cycle",5,8015,0,"core",3.28525803689169,2.71474196310831,8,0.356100009617921,0.3,3,4,"poolMean",0,0
17,51,15.1850874125527,9.18508741255272,0.030010283896893,8.42748752775735,0.048565208380656,9.6746019765391,12.0036791246476,3.58953454680178,18,28660,5160,840,57,"CB","CB_nB4","inflow_rate","4 bridge lines per cycle",5,8015,0,"core",3.28525803689169,2.71474196310831,8,0.356100009617921,0.3,3,4,"poolMean",0,0
18,54,15.229161467485,9.22916146748502,0.03703913727436,10.4013300404292,0.052844247859006,10.5270229827552,11.9937196650678,3.59673837677732,47,30360,5460,890,61,"CB","CB_nB4","inflow_rate","4 bridge lines per cycle",5,8015,0,"core",3.28525803689169,2.71474196310831,8,0.356100009617921,0.3,3,4,"poolMean",0,0
19,57,15.3465580461007,9.34655804610066,0.0397943472144163,11.175048059424,0.0463412776360063,9.23157608423294,12.0927781927866,3.49077490327965,28,32060,5760,940,64,"CB","CB_nB4","inflow_rate","4 bridge lines per cycle",5,8015,0,"core",3.28525803689169,2.71474196310831,8,0.356100009617921,0.3,3,4,"poolMean",0,0
20,60,15.388666825468,9.38866682546802,0.0430388145839293,12.0861593433002,0.0436333526378164,8.69213442603052,11.8903794489136,3.59463113323861,0,33760,6060,990,67,"CB","CB_nB4","inflow_rate","4 bridge lines per cycle",5,8015,0,"core",3.28525803689169,2.71474196310831,8,0.356100009617921,0.3,3,4,"poolMean",0,0
1,3,6.28542445514106,0.285424455141056,0.379628455816907,106.607257950998,0.482936740589921,96.20510033507,5.78497055613081,3.37133882936944,0,1460,360,40,0,"CB","CB_nB8","inflow_rate","8 bridge lines per cycle",5,8015,0,"core",3.28525803689169,2.71474196310831,8,0.356100009617921,0.3,3,8,"poolMean",0,0
2,6,7.40260489810995,1.40260489810995,0.367901662869319,103.314140110263,0.392879594176384,78.2649519089612,6.76445052688705,3.45971804232706,21,3160,660,90,8,"CB","CB_nB8","inflow_rate","8 bridge lines per cycle",5,8015,0,"core",3.28525803689169,2.71474196310831,8,0.356100009617921,0.3,3,8,"poolMean",0,0
3,9,8.10947881585769,2.10947881585769,0.52690309624907,147.964920532974,0.40365158382413,80.4108237339208,7.42251693491214,3.48885739542477,119,4860,960,140,16,"CB","CB_nB8","inflow_rate","8 bridge lines per cycle",5,8015,0,"core",3.28525803689169,2.71474196310831,8,0.356100009617921,0.3,3,8,"poolMean",0,0
4,12,9.09795945113243,3.09795945113243,0.306971165105778,86.2036385326539,0.355381152213927,70.794943793612,8.08188690779871,3.55907795779832,94,6560,1260,190,22,"CB","CB_nB8","inflow_rate","8 bridge lines per cycle",5,8015,0,"core",3.28525803689169,2.71474196310831,8,0.356100009617921,0.3,3,8,"poolMean",0,0
5,15,9.48026897342944,3.48026897342944,0.325678879271725,91.457138577773,0.310285337756188,61.8114745522804,8.5945445677747,3.43700618561679,106,8260,1560,240,30,"CB","CB_nB8","inflow_rate","8 bridge lines per cycle",5,8015,0,"core",3.28525803689169,2.71474196310831,8,0.356100009617921,0.3,3,8,"poolMean",0,0
6,18,10.2301058464915,4.23010584649155,0.22621410593607,63.5254422426969,0.28595715301492,56.9650935311454,8.77360846641183,3.35178624485285,93,9960,1860,290,36,"CB","CB_nB8","inflow_rate","8 bridge lines per cycle",5,8015,0,"core",3.28525803689169,2.71474196310831,8,0.356100009617921,0.3,3,8,"poolMean",0,0
7,21,10.8890360528205,4.88903605282052,0.239999256467318,67.3965880329031,0.234253948280149,46.6653760296829,9.20313133287343,3.3177605351471,51,11660,2160,340,42,"CB","CB_nB8","inflow_rate","8 bridge lines per cycle",5,8015,0,"core",3.28525803689169,2.71474196310831,8,0.356100009617921,0.3,3,8,"poolMean",0,0
8,24,11.3852493196792,5.38524931967916,0.274070513767466,76.9644780581532,0.238138354914632,47.4391828217611,9.25003942509092,3.30734992448455,78,13360,2460,390,47,"CB","CB_nB8","inflow_rate","8 bridge lines per cycle",5,8015,0,"core",3.28525803689169,2.71474196310831,8,0.356100009617921,0.3,3,8,"poolMean",0,0
9,27,11.9831462757969,5.98314627579689,0.130645472432621,36.6878598438675,0.170714679363027,34.007814018721,9.66941435219288,3.39285159968656,27,15060,2760,440,49,"CB","CB_nB8","inflow_rate","8 bridge lines per cycle",5,8015,0,"core",3.28525803689169,2.71474196310831,8,0.356100009617921,0.3,3,8,"poolMean",0,0
10,30,12.5475166036655,6.54751660366547,0.0935759438463532,26.2779953156295,0.135525038797105,26.9977387503448,10.0727580676439,3.5581827249923,15,16760,3060,490,53,"CB","CB_nB8","inflow_rate","8 bridge lines per cycle",5,8015,0,"core",3.28525803689169,2.71474196310831,8,0.356100009617921,0.3,3,8,"poolMean",0,0
11,33,12.7614596578334,6.76145965783339,0.107580536390062,30.2107648088779,0.125580798192469,25.0167615648931,10.1660502740404,3.53696353418503,18,18460,3360,540,57,"CB","CB_nB8","inflow_rate","8 bridge lines per cycle",5,8015,0,"core",3.28525803689169,2.71474196310831,8,0.356100009617921,0.3,3,8,"poolMean",0,0
12,36,13.0082761335766,7.00827613357658,0.147235050616458,41.3465449704523,0.120844994134343,24.0733491750576,10.6791700381937,3.53858592065362,72,20160,3660,590,64,"CB","CB_nB8","inflow_rate","8 bridge lines per cycle",5,8015,0,"core",3.28525803689169,2.71474196310831,8,0.356100009617921,0.3,3,8,"poolMean",0,0
13,39,13.2082827488753,7.20828274887527,0.0820607992914901,23.0443125737451,0.0969196388103533,19.3072151950979,10.7306270555208,3.53229848842589,159,21860,3960,640,70,"CB","CB_nB8","inflow_rate","8 bridge lines per cycle",5,8015,0,"core",3.28525803689169,2.71474196310831,8,0.356100009617921,0.3,3,8,"poolMean",0,0
14,42,13.4094686960153,7.40946869601531,0.0540292293220871,15.1724874649843,0.0749312036264704,14.9269321574218,10.7583491697265,3.49168545983203,88,23560,4260,690,74,"CB","CB_nB8","inflow_rate","8 bridge lines per cycle",5,8015,0,"core",3.28525803689169,2.71474196310831,8,0.356100009617921,0.3,3,8,"poolMean",0,0
15,45,13.5540664403357,7.55406644033566,0.0918477652810044,25.792688233722,0.0770887857525289,15.3567408414019,10.6869199168177,3.5916887750165,22,25260,4560,740,76,"CB","CB_nB8","inflow_rate","8 bridge lines per cycle",5,8015,0,"core",3.28525803689169,2.71474196310831,8,0.356100009617921,0.3,3,8,"poolMean",0,0
16,48,13.8131124667428,7.81311246674282,0.0359595963848494,10.0981733820879,0.0560780144054165,11.1712167433657,11.0076761096431,3.6392586054541,40,26960,4860,790,79,"CB","CB_nB8","inflow_rate","8 bridge lines per cycle",5,8015,0,"core",3.28525803689169,2.71474196310831,8,0.356100009617921,0.3,3,8,"poolMean",0,0
17,51,13.9295867396398,7.92958673963981,0.0370168735230848,10.39507793409,0.0620897619906057,12.368807920454,11.2802320824803,3.58953454680178,31,28660,5160,840,83,"CB","CB_nB8","inflow_rate","8 bridge lines per cycle",5,8015,0,"core",3.28525803689169,2.71474196310831,8,0.356100009617921,0.3,3,8,"poolMean",0,0
18,54,14.0258069728334,8.02580697283336,0.0345528716142616,9.70313695058174,0.0525938360457844,10.4771388227995,11.0575261990515,3.59673837677732,44,30360,5460,890,87,"CB","CB_nB8","inflow_rate","8 bridge lines per cycle",5,8015,0,"core",3.28525803689169,2.71474196310831,8,0.356100009617921,0.3,3,8,"poolMean",0,0
19,57,14.0738768200049,8.07387682000493,0.0448201445272513,12.5863923944684,0.0516398638474765,10.2870994587557,11.1789267790279,3.49077490327965,40,32060,5760,940,90,"CB","CB_nB8","inflow_rate","8 bridge lines per cycle",5,8015,0,"core",3.28525803689169,2.71474196310831,8,0.356100009617921,0.3,3,8,"poolMean",0,0
20,60,14.3033731980778,8.30337319807784,0.0338270202838529,9.4993033895584,0.0397863967212529,7.92578813503286,11.0317027942587,3.59463113323861,0,33760,6060,990,93,"CB","CB_nB8","inflow_rate","8 bridge lines per cycle",5,8015,0,"core",3.28525803689169,2.71474196310831,8,0.356100009617921,0.3,3,8,"poolMean",0,0
1,3,6.28542445514106,0.285424455141056,0.379628455816907,106.607257950998,0.482936740589921,96.20510033507,7.7227641388702,3.33343994170726,299,1760,360,50,2,"CB","CB_noRecurrent","mechanism","bridge pool rebuilt each cycle (not recurrent)",5,8015,0,"core",3.28525803689169,2.71474196310831,8,0.356100009617921,0.3,3,2,"poolMean",0,0
2,6,7.38440608898449,1.38440608898449,0.393859769904804,110.603695385293,0.37949985569736,75.5995943690499,8.47989167718801,3.26404816968025,252,3460,660,100,4,"CB","CB_noRecurrent","mechanism","bridge pool rebuilt each cycle (not recurrent)",5,8015,0,"core",3.28525803689169,2.71474196310831,8,0.356100009617921,0.3,3,2,"poolMean",0,0
3,9,8.51176404295491,2.51176404295491,0.331676093719003,93.141276259688,0.36280859350864,72.2745531812057,9.06474510693603,3.23255698020078,94,5160,960,150,6,"CB","CB_noRecurrent","mechanism","bridge pool rebuilt each cycle (not recurrent)",5,8015,0,"core",3.28525803689169,2.71474196310831,8,0.356100009617921,0.3,3,2,"poolMean",0,0
4,12,9.35774137190329,3.35774137190329,0.293743786509077,82.4891262497441,0.334345714175817,66.6045058812335,9.81830970298769,3.28521303919734,38,6860,1260,200,8,"CB","CB_noRecurrent","mechanism","bridge pool rebuilt each cycle (not recurrent)",5,8015,0,"core",3.28525803689169,2.71474196310831,8,0.356100009617921,0.3,3,2,"poolMean",0,0
5,15,10.1415473232647,4.14154732326475,0.2292044074001,64.3651786603506,0.30819599575165,61.3952598800745,10.4768956442627,3.25327647061895,35,8560,1560,250,10,"CB","CB_noRecurrent","mechanism","bridge pool rebuilt each cycle (not recurrent)",5,8015,0,"core",3.28525803689169,2.71474196310831,8,0.356100009617921,0.3,3,2,"poolMean",0,0
6,18,10.8688127210884,4.86881272108841,0.284131601462764,79.7898325719296,0.315760831976451,62.9022395046446,10.7927736455157,3.10232754573078,23,10260,1860,300,12,"CB","CB_noRecurrent","mechanism","bridge pool rebuilt each cycle (not recurrent)",5,8015,0,"core",3.28525803689169,2.71474196310831,8,0.356100009617921,0.3,3,2,"poolMean",0,0
7,21,11.560319855537,5.56031985553703,0.286913445408952,80.5710299521748,0.270810693300045,53.9477901161875,11.6481838884764,3.06835231916317,7,11960,2160,350,14,"CB","CB_noRecurrent","mechanism","bridge pool rebuilt each cycle (not recurrent)",5,8015,0,"core",3.28525803689169,2.71474196310831,8,0.356100009617921,0.3,3,2,"poolMean",0,0
8,24,12.3950436270667,6.39504362706675,0.212982001584076,59.809602873248,0.230420215442433,45.901663888296,11.9273338625668,2.96322199164969,5,13660,2460,400,15,"CB","CB_noRecurrent","mechanism","bridge pool rebuilt each cycle (not recurrent)",5,8015,0,"core",3.28525803689169,2.71474196310831,8,0.356100009617921,0.3,3,2,"poolMean",0,0
9,27,13.0325663375099,7.03256633750994,0.146696216998977,41.1952297211043,0.204934548210925,40.8247025245396,12.6377799522626,2.89017172113782,1,15360,2760,450,16,"CB","CB_noRecurrent","mechanism","bridge pool rebuilt each cycle (not recurrent)",5,8015,0,"core",3.28525803689169,2.71474196310831,8,0.356100009617921,0.3,3,2,"poolMean",0,0
10,30,13.6791069709026,7.67910697090261,0.157313560477458,44.176791976571,0.165215004269812,32.9122320310951,12.7977576132036,2.82465555509508,0,17060,3060,500,17,"CB","CB_noRecurrent","mechanism","bridge pool rebuilt each cycle (not recurrent)",5,8015,0,"core",3.28525803689169,2.71474196310831,8,0.356100009617921,0.3,3,2,"poolMean",0,0
11,33,14.3573961327881,8.35739613278806,0.124999060172034,35.1022344273882,0.136281631949501,27.1484585320914,13.4324335022695,2.72448645193909,0,18760,3360,550,18,"CB","CB_noRecurrent","mechanism","bridge pool rebuilt each cycle (not recurrent)",5,8015,0,"core",3.28525803689169,2.71474196310831,8,0.356100009617921,0.3,3,2,"poolMean",0,0
12,36,14.7604797809841,8.76047978098413,0.0900633739245736,25.291595476565,0.106159778906764,21.1479295793451,13.6131454636639,2.65806610534129,0,20460,3660,600,19,"CB","CB_noRecurrent","mechanism","bridge pool rebuilt each cycle (not recurrent)",5,8015,0,"core",3.28525803689169,2.71474196310831,8,0.356100009617921,0.3,3,2,"poolMean",0,0
13,39,14.9833526067135,8.98335260671347,0.135187067162439,37.963230415941,0.102793299090625,20.4772982082631,13.5302932020583,2.50278101308071,0,22160,3960,650,20,"CB","CB_noRecurrent","mechanism","bridge pool rebuilt each cycle (not recurrent)",5,8015,0,"core",3.28525803689169,2.71474196310831,8,0.356100009617921,0.3,3,2,"poolMean",0,0
14,42,15.2481071945712,9.24810719457125,0.203883449962187,57.2545477268998,0.0869041537181438,17.312045502638,13.9181115317987,2.54074812207876,0,23860,4260,700,21,"CB","CB_noRecurrent","mechanism","bridge pool rebuilt each cycle (not recurrent)",5,8015,0,"core",3.28525803689169,2.71474196310831,8,0.356100009617921,0.3,3,2,"poolMean",0,0
15,45,15.3393664927426,9.33936649274257,0.182332653134025,51.2026532461092,0.0712730535966062,14.1981976025939,13.7739151511133,2.65984018790508,0,25560,4560,750,22,"CB","CB_noRecurrent","mechanism","bridge pool rebuilt each cycle (not recurrent)",5,8015,0,"core",3.28525803689169,2.71474196310831,8,0.356100009617921,0.3,3,2,"poolMean",0,0
16,48,15.4286128089935,9.4286128089935,0.193694182302961,54.3931977173453,0.0742003083356869,14.7813316079619,13.9926107469728,2.56521008163838,0,27260,4860,800,23,"CB","CB_noRecurrent","mechanism","bridge pool rebuilt each cycle (not recurrent)",5,8015,0,"core",3.28525803689169,2.71474196310831,8,0.356100009617921,0.3,3,2,"poolMean",0,0
17,51,15.6999132061368,9.69991320613679,0.0962708472806088,27.0347780624615,0.058906170869254,11.7346095306579,13.9815055039971,2.46831413829781,0,28960,5160,850,24,"CB","CB_noRecurrent","mechanism","bridge pool rebuilt each cycle (not recurrent)",5,8015,0,"core",3.28525803689169,2.71474196310831,8,0.356100009617921,0.3,3,2,"poolMean",0,0
18,54,15.8084478567732,9.80844785677322,0.172300115787552,48.3853162409128,0.0548788251474929,10.9323280584039,14.5625740274961,2.52449010681658,0,30660,5460,900,25,"CB","CB_noRecurrent","mechanism","bridge pool rebuilt each cycle (not recurrent)",5,8015,0,"core",3.28525803689169,2.71474196310831,8,0.356100009617921,0.3,3,2,"poolMean",0,0
19,57,16.0774851365636,10.0774851365636,0.221901199548089,62.3142919277592,0.0450064166474029,8.96566043825188,14.7979013109647,2.65171950680593,0,32360,5760,950,26,"CB","CB_noRecurrent","mechanism","bridge pool rebuilt each cycle (not recurrent)",5,8015,0,"core",3.28525803689169,2.71474196310831,8,0.356100009617921,0.3,3,2,"poolMean",0,0
20,60,16.31482246043,10.31482246043,0.312803115153268,87.841366668002,0.0412595048805439,8.21924379155607,14.5754117859179,2.64868143756744,0,34060,6060,1000,27,"CB","CB_noRecurrent","mechanism","bridge pool rebuilt each cycle (not recurrent)",5,8015,0,"core",3.28525803689169,2.71474196310831,8,0.356100009617921,0.3,3,2,"poolMean",0,0
1,3,6.28542445514106,0.285424455141056,0.379628455816907,106.607257950998,0.482936740589921,96.20510033507,5.68047354804172,2.99435218474125,0,1460,360,40,0,"CB","CB_noWithinFam","mechanism","bridge pool selected across families",5,8015,0,"core",3.15751177194084,2.84248822805916,8,0.356100009617921,0.3,3,2,"poolMean",0,0
2,6,7.41026350525804,1.41026350525804,0.354623420484975,99.5853442591788,0.392262662299599,78.1420538394676,7.52352734158351,3.04709735140851,23,3160,660,90,2,"CB","CB_noWithinFam","mechanism","bridge pool selected across families",5,8015,0,"core",3.15751177194084,2.84248822805916,8,0.356100009617921,0.3,3,2,"poolMean",0,0
3,9,8.11052677574374,2.11052677574374,0.362160340219258,101.701861959465,0.352216461572768,70.1645105399932,8.93738015862086,3.16267932751557,153,4860,960,140,4,"CB","CB_noWithinFam","mechanism","bridge pool selected across families",5,8015,0,"core",3.15751177194084,2.84248822805916,8,0.356100009617921,0.3,3,2,"poolMean",0,0
4,12,8.98773430057753,2.98773430057753,0.198454369277673,55.7299533607444,0.291451443888425,58.0596029364764,9.74668192397372,3.16357991748556,227,6560,1260,190,6,"CB","CB_noWithinFam","mechanism","bridge pool selected across families",5,8015,0,"core",3.15751177194084,2.84248822805916,8,0.356100009617921,0.3,3,2,"poolMean",0,0
5,15,9.62900516251583,3.62900516251583,0.170593295697288,47.9060070456969,0.223393202939343,44.5018233168585,10.4099437042512,3.28611303209677,233,8260,1560,240,8,"CB","CB_noWithinFam","mechanism","bridge pool selected across families",5,8015,0,"core",3.15751177194084,2.84248822805916,8,0.356100009617921,0.3,3,2,"poolMean",0,0
6,18,10.3535711798597,4.35357117985967,0.168864089902084,47.4204114971149,0.19897794600125,39.6380967746066,11.0504926099223,3.24135688013166,275,9960,1860,290,10,"CB","CB_noWithinFam","mechanism","bridge pool selected across families",5,8015,0,"core",3.15751177194084,2.84248822805916,8,0.356100009617921,0.3,3,2,"poolMean",0,0
7,21,11.0445593180947,5.04455931809474,0.13992852185922,39.2947256612987,0.167275209514982,33.3226424133748,11.5033010243081,3.26335064942342,261,11660,2160,340,12,"CB","CB_noWithinFam","mechanism","bridge pool selected across families",5,8015,0,"core",3.15751177194084,2.84248822805916,8,0.356100009617921,0.3,3,2,"poolMean",0,0
8,24,11.5589155672366,5.55891556723657,0.0963837848172632,27.0664931800139,0.142500768436798,28.3873633398453,11.8461655519711,3.18693143307706,242,13360,2460,390,14,"CB","CB_noWithinFam","mechanism","bridge pool selected across families",5,8015,0,"core",3.15751177194084,2.84248822805916,8,0.356100009617921,0.3,3,2,"poolMean",0,0
9,27,11.7269529990931,5.72695299909312,0.0617066354216554,17.3284565445151,0.116317773297236,23.1714883343587,12.1343411629492,3.18081686850768,288,15060,2760,440,16,"CB","CB_noWithinFam","mechanism","bridge pool selected across families",5,8015,0,"core",3.15751177194084,2.84248822805916,8,0.356100009617921,0.3,3,2,"poolMean",0,0
10,30,12.002962247336,6.00296224733599,0.062634398031803,17.5889908284493,0.104570742962991,20.8313801235716,12.3173082717113,3.2019400128556,290,16760,3060,490,18,"CB","CB_noWithinFam","mechanism","bridge pool selected across families",5,8015,0,"core",3.15751177194084,2.84248822805916,8,0.356100009617921,0.3,3,2,"poolMean",0,0
11,33,12.3044147494449,6.30441474944489,0.0547267512344888,15.368365559217,0.0869331979021524,17.3178313507664,12.473518322446,3.38803633901641,270,18460,3360,540,20,"CB","CB_noWithinFam","mechanism","bridge pool selected across families",5,8015,0,"core",3.15751177194084,2.84248822805916,8,0.356100009617921,0.3,3,2,"poolMean",0,0
12,36,12.4048385679436,6.40483856794365,0.0677600714939951,19.0283823824376,0.0882994303688242,17.5899964616185,12.6323412392861,3.45419323053677,280,20160,3660,590,22,"CB","CB_noWithinFam","mechanism","bridge pool selected across families",5,8015,0,"core",3.15751177194084,2.84248822805916,8,0.356100009617921,0.3,3,2,"poolMean",0,0
13,39,12.6401951497514,6.64019514975138,0.0664607911430738,18.6635184914438,0.0712397399762029,14.1915612464751,12.8923602845504,3.37599836659565,264,21860,3960,640,24,"CB","CB_noWithinFam","mechanism","bridge pool selected across families",5,8015,0,"core",3.15751177194084,2.84248822805916,8,0.356100009617921,0.3,3,2,"poolMean",0,0
14,42,12.9652376529249,6.96523765292491,0.0366411232643431,10.2895597513905,0.0522881708327496,10.4162477163307,13.1367360529906,3.40586743720526,274,23560,4260,690,26,"CB","CB_noWithinFam","mechanism","bridge pool selected across families",5,8015,0,"core",3.15751177194084,2.84248822805916,8,0.356100009617921,0.3,3,2,"poolMean",0,0
15,45,13.1109875703824,7.11098757038236,0.0280022944181717,7.86360394885047,0.0492566910848487,9.81235120401671,13.2374304689898,3.43196077118261,267,25260,4560,740,28,"CB","CB_noWithinFam","mechanism","bridge pool selected across families",5,8015,0,"core",3.15751177194084,2.84248822805916,8,0.356100009617921,0.3,3,2,"poolMean",0,0
16,48,13.3033263099316,7.30332630993162,0.0213050856941199,5.98289388337262,0.0345130929881313,6.87530124492267,13.3649210853095,3.47411522211531,246,26960,4860,790,30,"CB","CB_noWithinFam","mechanism","bridge pool selected across families",5,8015,0,"core",3.15751177194084,2.84248822805916,8,0.356100009617921,0.3,3,2,"poolMean",0,0
17,51,13.4149427008143,7.41494270081433,0.0181482512464379,5.09639167544819,0.0254644619833785,5.07273709823151,13.4333855785941,3.46447115370516,248,28660,5160,840,32,"CB","CB_noWithinFam","mechanism","bridge pool selected across families",5,8015,0,"core",3.15751177194084,2.84248822805916,8,0.356100009617921,0.3,3,2,"poolMean",0,0
18,54,13.4255937132672,7.42559371326725,0.00942357107938878,2.64632710611265,0.016955247831205,3.37762936987258,13.4629987878783,3.59136961079208,235,30360,5460,890,34,"CB","CB_noWithinFam","mechanism","bridge pool selected across families",5,8015,0,"core",3.15751177194084,2.84248822805916,8,0.356100009617921,0.3,3,2,"poolMean",0,0
19,57,13.4747095039424,7.47470950394236,0.0105584207734624,2.96501558222116,0.0144616560013807,2.88088469915253,13.5633543302122,3.49328167962337,205,32060,5760,940,36,"CB","CB_noWithinFam","mechanism","bridge pool selected across families",5,8015,0,"core",3.15751177194084,2.84248822805916,8,0.356100009617921,0.3,3,2,"poolMean",0,0
20,60,13.5739093139555,7.57390931395545,0.00793832040596307,2.22923903160815,0.0102790128159734,2.04766665318987,13.5971062854144,3.48487181560057,241,33760,6060,990,38,"CB","CB_noWithinFam","mechanism","bridge pool selected across families",5,8015,0,"core",3.15751177194084,2.84248822805916,8,0.356100009617921,0.3,3,2,"poolMean",0,0
1,3,6.28542445514106,0.285424455141056,0.379628455816907,106.607257950998,0.482936740589921,96.20510033507,5.89304064094531,3.24044969693243,3,1460,360,40,2,"CB","CB_noDistinctFam","mechanism","highest-ranking eligible lines admitted",5,8015,0,"core",3.2085187848686,2.7914812151314,8,0.356100009617921,0.3,3,2,"poolMean",0,0
2,6,7.2944402629098,1.2944402629098,0.412114208657072,115.729906634727,0.417542928862937,83.1780976456448,6.73132425314917,3.28998853277353,111,3160,660,90,4,"CB","CB_noDistinctFam","mechanism","highest-ranking eligible lines admitted",5,8015,0,"core",3.2085187848686,2.7914812151314,8,0.356100009617921,0.3,3,2,"poolMean",0,0
3,9,8.1180636373852,2.1180636373852,0.243203240672197,68.2963308350212,0.339885303394953,67.7080391017357,7.1848578825477,3.23696923104761,78,4860,960,140,6,"CB","CB_noDistinctFam","mechanism","highest-ranking eligible lines admitted",5,8015,0,"core",3.2085187848686,2.7914812151314,8,0.356100009617921,0.3,3,2,"poolMean",0,0
4,12,8.85792285245516,2.85792285245516,0.204209455586163,57.3460966219211,0.258951161332782,51.5852706246205,7.72166925194905,3.23238257201028,67,6560,1260,190,8,"CB","CB_noDistinctFam","mechanism","highest-ranking eligible lines admitted",5,8015,0,"core",3.2085187848686,2.7914812151314,8,0.356100009617921,0.3,3,2,"poolMean",0,0
5,15,9.56291527180105,3.56291527180105,0.195207275371104,54.8181044927668,0.267719027910914,53.3319041129804,8.34222939012083,3.24447047206214,81,8260,1560,240,10,"CB","CB_noDistinctFam","mechanism","highest-ranking eligible lines admitted",5,8015,0,"core",3.2085187848686,2.7914812151314,8,0.356100009617921,0.3,3,2,"poolMean",0,0
6,18,10.4008303490278,4.4008303490278,0.256971673818755,72.1627820494793,0.252967881841934,50.3933505337062,8.74155880300211,3.12148514956114,58,9960,1860,290,12,"CB","CB_noDistinctFam","mechanism","highest-ranking eligible lines admitted",5,8015,0,"core",3.2085187848686,2.7914812151314,8,0.356100009617921,0.3,3,2,"poolMean",0,0
7,21,11.0089018745708,5.00890187457082,0.16200570890844,45.494441037018,0.221484142296753,44.1215222230925,9.01818188980782,3.13352834816885,34,11660,2160,340,14,"CB","CB_noDistinctFam","mechanism","highest-ranking eligible lines admitted",5,8015,0,"core",3.2085187848686,2.7914812151314,8,0.356100009617921,0.3,3,2,"poolMean",0,0
8,24,11.5318166503093,5.53181665030934,0.141545748706238,39.7488752831292,0.198329259310302,39.5088728764365,9.29845477674002,3.18191850043346,32,13360,2460,390,16,"CB","CB_noDistinctFam","mechanism","highest-ranking eligible lines admitted",5,8015,0,"core",3.2085187848686,2.7914812151314,8,0.356100009617921,0.3,3,2,"poolMean",0,0
9,27,11.9462476883978,5.94624768839781,0.13994203115448,39.2985193414153,0.191094835799825,38.0677142707737,9.41308549658576,3.0930758571713,33,15060,2760,440,18,"CB","CB_noDistinctFam","mechanism","highest-ranking eligible lines admitted",5,8015,0,"core",3.2085187848686,2.7914812151314,8,0.356100009617921,0.3,3,2,"poolMean",0,0
10,30,12.409384172424,6.40938417242398,0.113295330599963,31.8155932434611,0.157209175527294,31.3174029516209,9.88974531760854,3.098328161276,4,16760,3060,490,20,"CB","CB_noDistinctFam","mechanism","highest-ranking eligible lines admitted",5,8015,0,"core",3.2085187848686,2.7914812151314,8,0.356100009617921,0.3,3,2,"poolMean",0,0
11,33,12.7261423135593,6.72614231355933,0.0988885199660286,27.769872871425,0.140057097973692,27.9005634293607,10.0205666799563,3.09536154969904,11,18460,3360,540,22,"CB","CB_noDistinctFam","mechanism","highest-ranking eligible lines admitted",5,8015,0,"core",3.2085187848686,2.7914812151314,8,0.356100009617921,0.3,3,2,"poolMean",0,0
12,36,12.9832043782346,6.98320437823461,0.0804937993037926,22.604267657886,0.127136209679561,25.3266127433212,10.5652143663738,3.10090686997875,84,20160,3660,590,24,"CB","CB_noDistinctFam","mechanism","highest-ranking eligible lines admitted",5,8015,0,"core",3.2085187848686,2.7914812151314,8,0.356100009617921,0.3,3,2,"poolMean",0,0
13,39,13.4031578268048,7.40315782680482,0.091677051013127,25.7447482552703,0.113485021367792,22.6071800912881,10.6330843020226,3.0312398095474,160,21860,3960,640,26,"CB","CB_noDistinctFam","mechanism","highest-ranking eligible lines admitted",5,8015,0,"core",3.2085187848686,2.7914812151314,8,0.356100009617921,0.3,3,2,"poolMean",0,0
14,42,13.6809943809912,7.68099438099122,0.0678010390547436,19.0398868923062,0.101977569221275,20.3147978902478,10.4797171505711,3.06667972020415,74,23560,4260,690,28,"CB","CB_noDistinctFam","mechanism","highest-ranking eligible lines admitted",5,8015,0,"core",3.2085187848686,2.7914812151314,8,0.356100009617921,0.3,3,2,"poolMean",0,0
15,45,13.8836974462612,7.88369744626119,0.0634121169423306,17.8073898426369,0.0904351455309614,18.0154490606681,10.6212528069281,3.14167090451742,39,25260,4560,740,30,"CB","CB_noDistinctFam","mechanism","highest-ranking eligible lines admitted",5,8015,0,"core",3.2085187848686,2.7914812151314,8,0.356100009617921,0.3,3,2,"poolMean",0,0
16,48,14.1583641286183,8.15836412861828,0.0431567151995895,12.1192681926335,0.0730850809213747,14.5591688353402,11.0023309010576,3.14911673291748,29,26960,4860,790,32,"CB","CB_noDistinctFam","mechanism","highest-ranking eligible lines admitted",5,8015,0,"core",3.2085187848686,2.7914812151314,8,0.356100009617921,0.3,3,2,"poolMean",0,0
17,51,14.2996997683474,8.29969976834737,0.0353597691852222,9.92972991580699,0.0644757062341138,12.8441082777227,11.3150889402676,3.11665834805379,20,28660,5160,840,34,"CB","CB_noDistinctFam","mechanism","highest-ranking eligible lines admitted",5,8015,0,"core",3.2085187848686,2.7914812151314,8,0.356100009617921,0.3,3,2,"poolMean",0,0
18,54,14.4648853559121,8.4648853559121,0.0329812212426952,9.26178611398596,0.0640938479869678,12.7680388717471,11.2300859244115,3.044619123632,60,30360,5460,890,36,"CB","CB_noDistinctFam","mechanism","highest-ranking eligible lines admitted",5,8015,0,"core",3.2085187848686,2.7914812151314,8,0.356100009617921,0.3,3,2,"poolMean",0,0
19,57,14.4705663772895,8.4705663772895,0.0406632191371928,11.4190446613081,0.0576777700473315,11.489901654052,11.4043862019012,3.0622049860867,38,32060,5760,940,38,"CB","CB_noDistinctFam","mechanism","highest-ranking eligible lines admitted",5,8015,0,"core",3.2085187848686,2.7914812151314,8,0.356100009617921,0.3,3,2,"poolMean",0,0
20,60,14.5707245669842,8.57072456698415,0.0316053699635383,8.87541957593582,0.0493948866442065,9.83988093314364,10.8681960070848,2.85148774267288,0,33760,6060,990,40,"CB","CB_noDistinctFam","mechanism","highest-ranking eligible lines admitted",5,8015,0,"core",3.2085187848686,2.7914812151314,8,0.356100009617921,0.3,3,2,"poolMean",0,0
1,3,6.36834944615014,0.368349446150145,0.23243114966253,92.4127481167143,0.295449074593186,94.6645739159522,NA,NA,0,1260,260,30,0,"GSRS","GSRS_base","baseline","baseline",6,8016,0,"core",NA,NA,11,0.251514162709431,0.3,3,2,"poolMean",0,0
2,6,6.75334163177537,0.753341631775375,0.193631992730495,76.9865166416867,0.229730898218038,73.6078717629569,NA,NA,0,2460,460,60,0,"GSRS","GSRS_base","baseline","baseline",6,8016,0,"core",NA,NA,11,0.251514162709431,0.3,3,2,"poolMean",0,0
3,9,7.11302244658647,1.11302244658647,0.158295295205433,62.9369310659089,0.210831832788706,67.5524391008617,NA,NA,0,3660,660,90,0,"GSRS","GSRS_base","baseline","baseline",6,8016,0,"core",NA,NA,11,0.251514162709431,0.3,3,2,"poolMean",0,0
4,12,7.66792924411337,1.66792924411337,0.127586731498291,50.7274541218138,0.176740069016848,56.6291275421775,NA,NA,0,4860,860,120,0,"GSRS","GSRS_base","baseline","baseline",6,8016,0,"core",NA,NA,11,0.251514162709431,0.3,3,2,"poolMean",0,0
5,15,8.17346683810963,2.17346683810963,0.0864272148211589,34.3627626731328,0.142047998909715,45.5134723671662,NA,NA,0,6060,1060,150,0,"GSRS","GSRS_base","baseline","baseline",6,8016,0,"core",NA,NA,11,0.251514162709431,0.3,3,2,"poolMean",0,0
6,18,8.44300826409535,2.44300826409535,0.082810965708803,32.9249712289454,0.123190352062907,39.4713105960773,NA,NA,0,7260,1260,180,0,"GSRS","GSRS_base","baseline","baseline",6,8016,0,"core",NA,NA,11,0.251514162709431,0.3,3,2,"poolMean",0,0
7,21,8.74077231027539,2.74077231027539,0.0702650178749957,27.9368036845588,0.117693224638331,37.7099809113396,NA,NA,0,8460,1460,210,0,"GSRS","GSRS_base","baseline","baseline",6,8016,0,"core",NA,NA,11,0.251514162709431,0.3,3,2,"poolMean",0,0
8,24,9.00721349365857,3.00721349365857,0.059207248079562,23.5403237105032,0.113954841792644,36.512169005146,NA,NA,0,9660,1660,240,0,"GSRS","GSRS_base","baseline","baseline",6,8016,0,"core",NA,NA,11,0.251514162709431,0.3,3,2,"poolMean",0,0
9,27,9.19959178992022,3.19959178992022,0.0540041572855842,21.4716168281839,0.0971932604476263,31.1416057080075,NA,NA,0,10860,1860,270,0,"GSRS","GSRS_base","baseline","baseline",6,8016,0,"core",NA,NA,11,0.251514162709431,0.3,3,2,"poolMean",0,0
10,30,9.39750639262467,3.39750639262467,0.0484929318454166,19.2803980988694,0.091817664522321,29.4192158223257,NA,NA,0,12060,2060,300,0,"GSRS","GSRS_base","baseline","baseline",6,8016,0,"core",NA,NA,11,0.251514162709431,0.3,3,2,"poolMean",0,0
11,33,9.60314670103076,3.60314670103076,0.0469554043027438,18.6690895641492,0.0772518118167894,24.7521839760074,NA,NA,0,13260,2260,330,0,"GSRS","GSRS_base","baseline","baseline",6,8016,0,"core",NA,NA,11,0.251514162709431,0.3,3,2,"poolMean",0,0
12,36,9.70877985695988,3.70877985695988,0.0401757060082975,15.9735362714789,0.061566885624971,19.7265907941837,NA,NA,0,14460,2460,360,0,"GSRS","GSRS_base","baseline","baseline",6,8016,0,"core",NA,NA,11,0.251514162709431,0.3,3,2,"poolMean",0,0
13,39,9.86125725561264,3.86125725561264,0.0223403599972872,8.88234672617483,0.0538340957488953,17.248934501612,NA,NA,0,15660,2660,390,0,"GSRS","GSRS_base","baseline","baseline",6,8016,0,"core",NA,NA,11,0.251514162709431,0.3,3,2,"poolMean",0,0
14,42,9.91300773412193,3.91300773412193,0.0306627232986087,12.1912511678448,0.0524995933016,16.8213477652617,NA,NA,0,16860,2860,420,0,"GSRS","GSRS_base","baseline","baseline",6,8016,0,"core",NA,NA,11,0.251514162709431,0.3,3,2,"poolMean",0,0
15,45,10.0840726556533,4.08407265565327,0.0222027471252361,8.82763295953496,0.0385547947136527,12.3533073136561,NA,NA,0,18060,3060,450,0,"GSRS","GSRS_base","baseline","baseline",6,8016,0,"core",NA,NA,11,0.251514162709431,0.3,3,2,"poolMean",0,0
16,48,10.239322064835,4.23932206483501,0.0161096495156649,6.40506655455263,0.0302940790579499,9.70649879389786,NA,NA,0,19260,3260,480,0,"GSRS","GSRS_base","baseline","baseline",6,8016,0,"core",NA,NA,11,0.251514162709431,0.3,3,2,"poolMean",0,0
17,51,10.355698558704,4.355698558704,0.0106231007116104,4.22365905648145,0.0210849150213071,6.75579877613239,NA,NA,0,20460,3460,510,0,"GSRS","GSRS_base","baseline","baseline",6,8016,0,"core",NA,NA,11,0.251514162709431,0.3,3,2,"poolMean",0,0
18,54,10.429138005622,4.42913800562199,0.00658705079903039,2.61895820421066,0.0167180840175796,5.35662635733219,NA,NA,0,21660,3660,540,0,"GSRS","GSRS_base","baseline","baseline",6,8016,0,"core",NA,NA,11,0.251514162709431,0.3,3,2,"poolMean",0,0
19,57,10.4689508886801,4.46895088868014,0.00756308322366068,3.0070208143301,0.0166022228639566,5.31950338865735,NA,NA,0,22860,3860,570,0,"GSRS","GSRS_base","baseline","baseline",6,8016,0,"core",NA,NA,11,0.251514162709431,0.3,3,2,"poolMean",0,0
20,60,10.5117716337732,4.51177163377317,0.00535628186855841,2.12961441648374,0.0183129001934261,5.86761998277729,NA,NA,0,24060,4060,600,0,"GSRS","GSRS_base","baseline","baseline",6,8016,0,"core",NA,NA,11,0.251514162709431,0.3,3,2,"poolMean",0,0
1,3,6.36834944615014,0.368349446150145,0.23243114966253,92.4127481167143,0.295449074593186,94.6645739159522,5.45597789144938,3.43685785402472,0,1460,360,40,0,"CB","CB_base","baseline","2 bridge lines per cycle (as specified)",6,8016,0,"core",3.46968256077905,2.53031743922095,11,0.251514162709431,0.3,3,2,"poolMean",0,0
2,6,6.78697112646112,0.786971126461122,0.216161835276483,85.9442000990656,0.240050207349626,76.9142723783384,6.01803023881618,3.47038747013229,10,3160,660,90,2,"CB","CB_base","baseline","2 bridge lines per cycle (as specified)",6,8016,0,"core",3.46968256077905,2.53031743922095,11,0.251514162709431,0.3,3,2,"poolMean",0,0
3,9,7.32046365991042,1.32046365991042,0.183422110783529,72.9271500290948,0.236054683150134,75.6340700408066,6.7117942765846,3.54759302725298,29,4860,960,140,4,"CB","CB_base","baseline","2 bridge lines per cycle (as specified)",6,8016,0,"core",3.46968256077905,2.53031743922095,11,0.251514162709431,0.3,3,2,"poolMean",0,0
4,12,7.76284023821082,1.76284023821082,0.13554492984974,53.8915695202149,0.184805134854083,59.2132480784736,6.96368506260313,3.61455731408026,95,6560,1260,190,6,"CB","CB_base","baseline","2 bridge lines per cycle (as specified)",6,8016,0,"core",3.46968256077905,2.53031743922095,11,0.251514162709431,0.3,3,2,"poolMean",0,0
5,15,8.13156027264245,2.13156027264245,0.12402455867071,49.3111629717618,0.160312886235536,51.3657085899485,7.10504313880636,3.61140427696558,71,8260,1560,240,8,"CB","CB_base","baseline","2 bridge lines per cycle (as specified)",6,8016,0,"core",3.46968256077905,2.53031743922095,11,0.251514162709431,0.3,3,2,"poolMean",0,0
6,18,8.61559854119005,2.61559854119005,0.123135054176415,48.9575031679908,0.150764856224144,48.3064328280945,7.54328491627481,3.69548697275632,67,9960,1860,290,10,"CB","CB_base","baseline","2 bridge lines per cycle (as specified)",6,8016,0,"core",3.46968256077905,2.53031743922095,11,0.251514162709431,0.3,3,2,"poolMean",0,0
7,21,9.10467234647346,3.10467234647346,0.0946310079187069,37.6245245592917,0.142656686565455,45.7085014348925,7.88921958345472,3.73088443437235,25,11660,2160,340,12,"CB","CB_base","baseline","2 bridge lines per cycle (as specified)",6,8016,0,"core",3.46968256077905,2.53031743922095,11,0.251514162709431,0.3,3,2,"poolMean",0,0
8,24,9.44846870398803,3.44846870398803,0.0741541601347507,29.4830952404137,0.132258174639317,42.3767235229013,8.04333325787554,3.80101123363963,44,13360,2460,390,14,"CB","CB_base","baseline","2 bridge lines per cycle (as specified)",6,8016,0,"core",3.46968256077905,2.53031743922095,11,0.251514162709431,0.3,3,2,"poolMean",0,0
9,27,9.815989860672,3.815989860672,0.0694959519142749,27.6310292691398,0.115809831665633,37.1065246523474,8.35911082191273,3.75505910172441,59,15060,2760,440,16,"CB","CB_base","baseline","2 bridge lines per cycle (as specified)",6,8016,0,"core",3.46968256077905,2.53031743922095,11,0.251514162709431,0.3,3,2,"poolMean",0,0
10,30,10.1381314371621,4.13813143716211,0.0594103045494634,23.6210573231611,0.0960465976883626,30.774204518207,8.50171973586341,3.74335489780028,115,16760,3060,490,18,"CB","CB_base","baseline","2 bridge lines per cycle (as specified)",6,8016,0,"core",3.46968256077905,2.53031743922095,11,0.251514162709431,0.3,3,2,"poolMean",0,0
11,33,10.3652913200835,4.3652913200835,0.0398778654139851,15.8551172563809,0.0710428219231298,22.7627670738186,8.51840162562839,3.81600220331999,60,18460,3360,540,20,"CB","CB_base","baseline","2 bridge lines per cycle (as specified)",6,8016,0,"core",3.46968256077905,2.53031743922095,11,0.251514162709431,0.3,3,2,"poolMean",0,0
12,36,10.4694235071067,4.4694235071067,0.0452188569864825,17.978652374627,0.0664008069887975,21.2754232177746,8.85945037011694,3.8288264367863,51,20160,3660,590,22,"CB","CB_base","baseline","2 bridge lines per cycle (as specified)",6,8016,0,"core",3.46968256077905,2.53031743922095,11,0.251514162709431,0.3,3,2,"poolMean",0,0
13,39,10.73904942076,4.73904942076002,0.0463449450187898,18.4263758825904,0.0584663152140821,18.7331398001423,8.71182930040903,3.80118432107963,52,21860,3960,640,24,"CB","CB_base","baseline","2 bridge lines per cycle (as specified)",6,8016,0,"core",3.46968256077905,2.53031743922095,11,0.251514162709431,0.3,3,2,"poolMean",0,0
14,42,10.8338593869378,4.83385938693778,0.0327906164193331,13.0372842889231,0.0550426559012669,17.6361681798139,8.86556500286557,3.85138757208596,59,23560,4260,690,26,"CB","CB_base","baseline","2 bridge lines per cycle (as specified)",6,8016,0,"core",3.46968256077905,2.53031743922095,11,0.251514162709431,0.3,3,2,"poolMean",0,0
15,45,11.0518688660876,5.05186886608758,0.031232354079482,12.4177317662879,0.0543024625122824,17.3990034776394,8.92382561194547,3.89017102002414,5,25260,4560,740,28,"CB","CB_base","baseline","2 bridge lines per cycle (as specified)",6,8016,0,"core",3.46968256077905,2.53031743922095,11,0.251514162709431,0.3,3,2,"poolMean",0,0
16,48,11.1417690210146,5.1417690210146,0.0389035203104247,15.467725511493,0.0608330059612356,19.491449067073,9.16965014281479,3.96183827026481,41,26960,4860,790,30,"CB","CB_base","baseline","2 bridge lines per cycle (as specified)",6,8016,0,"core",3.46968256077905,2.53031743922095,11,0.251514162709431,0.3,3,2,"poolMean",0,0
17,51,11.3473124050605,5.34731240506046,0.0265533534942187,10.5573989186825,0.0483231946589671,15.4831916090701,9.16478212485449,3.88731000567502,31,28660,5160,840,32,"CB","CB_base","baseline","2 bridge lines per cycle (as specified)",6,8016,0,"core",3.46968256077905,2.53031743922095,11,0.251514162709431,0.3,3,2,"poolMean",0,0
18,54,11.3680059487375,5.36800594873749,0.0256263056431322,10.1888121794309,0.0475324342705422,15.229824779802,9.38984819336946,3.7422556845465,80,30360,5460,890,34,"CB","CB_base","baseline","2 bridge lines per cycle (as specified)",6,8016,0,"core",3.46968256077905,2.53031743922095,11,0.251514162709431,0.3,3,2,"poolMean",0,0
19,57,11.421437227259,5.42143722725898,0.0272417396656635,10.8310957014119,0.046635533322025,14.9424495485439,9.20143746125318,3.75811230909314,63,32060,5760,940,36,"CB","CB_base","baseline","2 bridge lines per cycle (as specified)",6,8016,0,"core",3.46968256077905,2.53031743922095,11,0.251514162709431,0.3,3,2,"poolMean",0,0
20,60,11.4912633857448,5.49126338574481,0.0191818595835584,7.62655246802891,0.0383904372714968,12.3006456925188,9.25764564072435,3.71242485731411,26,33760,6060,990,37,"CB","CB_base","baseline","2 bridge lines per cycle (as specified)",6,8016,0,"core",3.46968256077905,2.53031743922095,11,0.251514162709431,0.3,3,2,"poolMean",0,0
1,3,6.36834944615014,0.368349446150145,0.23243114966253,92.4127481167143,0.295449074593186,94.6645739159522,5.37334097426419,3.5937514964418,0,1460,360,40,0,"CB","CB_nB1","inflow_rate","1 bridge line per cycle",6,8016,0,"core",3.58196667604272,2.41803332395728,11,0.251514162709431,0.3,3,1,"poolMean",0,0
2,6,6.82183187756063,0.821831877560633,0.204198423845448,81.1876443241705,0.24130161117076,77.3152335581543,6.34101531414565,3.6088361856848,30,3160,660,90,1,"CB","CB_nB1","inflow_rate","1 bridge line per cycle",6,8016,0,"core",3.58196667604272,2.41803332395728,11,0.251514162709431,0.3,3,1,"poolMean",0,0
3,9,7.43653664063003,1.43653664063003,0.144778170767244,57.562631546321,0.234093806941745,75.0057874475215,6.55658717885862,3.59146957408774,26,4860,960,140,2,"CB","CB_nB1","inflow_rate","1 bridge line per cycle",6,8016,0,"core",3.58196667604272,2.41803332395728,11,0.251514162709431,0.3,3,1,"poolMean",0,0
4,12,7.72207496082618,1.72207496082618,0.157992405396208,62.8165045237365,0.202038875434788,64.7350954942994,6.99620404537951,3.6308011104133,63,6560,1260,190,3,"CB","CB_nB1","inflow_rate","1 bridge line per cycle",6,8016,0,"core",3.58196667604272,2.41803332395728,11,0.251514162709431,0.3,3,1,"poolMean",0,0
5,15,8.35655606960703,2.35655606960703,0.147031520548216,58.4585452223932,0.172959253280004,55.4177197512549,7.33421006557249,3.52361684940306,64,8260,1560,240,4,"CB","CB_nB1","inflow_rate","1 bridge line per cycle",6,8016,0,"core",3.58196667604272,2.41803332395728,11,0.251514162709431,0.3,3,1,"poolMean",0,0
6,18,8.87903383000651,2.87903383000651,0.122787205248304,48.8192012432146,0.153646307744395,49.2296761342364,7.44917099095117,3.45470449622379,63,9960,1860,290,5,"CB","CB_nB1","inflow_rate","1 bridge line per cycle",6,8016,0,"core",3.58196667604272,2.41803332395728,11,0.251514162709431,0.3,3,1,"poolMean",0,0
7,21,9.39487844821475,3.39487844821475,0.0729167310511731,28.9911034295958,0.132933545447935,42.5931184800395,7.64554921129498,3.4874784728365,3,11660,2160,340,6,"CB","CB_nB1","inflow_rate","1 bridge line per cycle",6,8016,0,"core",3.58196667604272,2.41803332395728,11,0.251514162709431,0.3,3,1,"poolMean",0,0
8,24,9.56275623505537,3.56275623505537,0.0655169820159925,26.0490229696062,0.11908994595191,38.1575031390245,7.77531841894118,3.38943877313498,17,13360,2460,390,7,"CB","CB_nB1","inflow_rate","1 bridge line per cycle",6,8016,0,"core",3.58196667604272,2.41803332395728,11,0.251514162709431,0.3,3,1,"poolMean",0,0
9,27,9.56935448739824,3.56935448739824,0.105853993446427,42.0866929743107,0.115311985917968,36.9470103413162,7.99122678878213,3.34376199559091,70,15060,2760,440,8,"CB","CB_nB1","inflow_rate","1 bridge line per cycle",6,8016,0,"core",3.58196667604272,2.41803332395728,11,0.251514162709431,0.3,3,1,"poolMean",0,0
10,30,9.84350355400623,3.84350355400623,0.0529965862631938,21.0710147262839,0.0901931939877677,28.8987206703126,8.22763108744331,3.27043051780579,87,16760,3060,490,9,"CB","CB_nB1","inflow_rate","1 bridge line per cycle",6,8016,0,"core",3.58196667604272,2.41803332395728,11,0.251514162709431,0.3,3,1,"poolMean",0,0
11,33,10.0830831370148,4.08308313701479,0.0558344748628203,22.1993363162315,0.0835243713432183,26.7619691674129,8.22844642414787,3.39487407333673,38,18460,3360,540,10,"CB","CB_nB1","inflow_rate","1 bridge line per cycle",6,8016,0,"core",3.58196667604272,2.41803332395728,11,0.251514162709431,0.3,3,1,"poolMean",0,0
12,36,10.351764298064,4.35176429806397,0.037807645024523,15.0320143475186,0.0721287096513713,23.1106953902504,8.50793703617288,3.44694602391292,58,20160,3660,590,11,"CB","CB_nB1","inflow_rate","1 bridge line per cycle",6,8016,0,"core",3.58196667604272,2.41803332395728,11,0.251514162709431,0.3,3,1,"poolMean",0,0
13,39,10.4869938612805,4.4869938612805,0.0332428193252799,13.2170765125798,0.0497899925664647,15.9531670155771,8.41247151986592,3.46688958712262,31,21860,3960,640,12,"CB","CB_nB1","inflow_rate","1 bridge line per cycle",6,8016,0,"core",3.58196667604272,2.41803332395728,11,0.251514162709431,0.3,3,1,"poolMean",0,0
14,42,10.5473968797354,4.54739687973545,0.0304554876884549,12.1088559627711,0.0408134920668807,13.0770145137644,8.36068492493241,3.42987990140807,42,23560,4260,690,13,"CB","CB_nB1","inflow_rate","1 bridge line per cycle",6,8016,0,"core",3.58196667604272,2.41803332395728,11,0.251514162709431,0.3,3,1,"poolMean",0,0
15,45,10.6517468320414,4.65174683204138,0.0249732028292912,9.92914377475522,0.038032047461521,12.1858143338357,8.45395221416369,3.47876597265722,1,25260,4560,740,14,"CB","CB_nB1","inflow_rate","1 bridge line per cycle",6,8016,0,"core",3.58196667604272,2.41803332395728,11,0.251514162709431,0.3,3,1,"poolMean",0,0
16,48,10.717010919304,4.71701091930401,0.0254014056997925,10.0993937781302,0.0333241957260815,10.6773757671944,8.56000806578606,3.55918072885851,23,26960,4860,790,15,"CB","CB_nB1","inflow_rate","1 bridge line per cycle",6,8016,0,"core",3.58196667604272,2.41803332395728,11,0.251514162709431,0.3,3,1,"poolMean",0,0
17,51,10.7904697227506,4.79046972275055,0.0198665333846876,7.89877324230006,0.036441492124203,11.6761859198552,8.65700276963052,3.67575122522599,40,28660,5160,840,16,"CB","CB_nB1","inflow_rate","1 bridge line per cycle",6,8016,0,"core",3.58196667604272,2.41803332395728,11,0.251514162709431,0.3,3,1,"poolMean",0,0
18,54,10.8307805363292,4.8307805363292,0.0222402773029458,8.84255465511879,0.0378527734177753,12.1283732977156,8.80665097693175,3.68306154305988,85,30360,5460,890,17,"CB","CB_nB1","inflow_rate","1 bridge line per cycle",6,8016,0,"core",3.58196667604272,2.41803332395728,11,0.251514162709431,0.3,3,1,"poolMean",0,0
19,57,10.863775442007,4.86377544200702,0.0382310358476927,15.200351119734,0.0525722413757537,16.844624869768,8.87990944593935,3.59077793486832,73,32060,5760,940,18,"CB","CB_nB1","inflow_rate","1 bridge line per cycle",6,8016,0,"core",3.58196667604272,2.41803332395728,11,0.251514162709431,0.3,3,1,"poolMean",0,0
20,60,11.1140509776499,5.11405097764988,0.0522129517964406,20.7594479905138,0.0710950046554789,22.7794868964492,9.12523161463367,3.48213999917921,36,33760,6060,990,19,"CB","CB_nB1","inflow_rate","1 bridge line per cycle",6,8016,0,"core",3.58196667604272,2.41803332395728,11,0.251514162709431,0.3,3,1,"poolMean",0,0
1,3,6.36834944615014,0.368349446150145,0.23243114966253,92.4127481167143,0.295449074593186,94.6645739159522,5.37334097426419,3.5937514964418,0,1460,360,40,0,"CB","CB_nB4","inflow_rate","4 bridge lines per cycle",6,8016,0,"core",3.58196667604272,2.41803332395728,11,0.251514162709431,0.3,3,4,"poolMean",0,0
2,6,6.82183187756063,0.821831877560633,0.204198423845448,81.1876443241705,0.24130161117076,77.3152335581543,6.34101531414565,3.6088361856848,30,3160,660,90,4,"CB","CB_nB4","inflow_rate","4 bridge lines per cycle",6,8016,0,"core",3.58196667604272,2.41803332395728,11,0.251514162709431,0.3,3,4,"poolMean",0,0
3,9,7.29598736957081,1.29598736957081,0.222256070065246,88.3672186373112,0.266502202136504,85.3897323850238,6.69046655503514,3.59146957408774,53,4860,960,140,8,"CB","CB_nB4","inflow_rate","4 bridge lines per cycle",6,8016,0,"core",3.58196667604272,2.41803332395728,11,0.251514162709431,0.3,3,4,"poolMean",0,0
4,12,7.73463655721342,1.73463655721342,0.19190984895875,76.301806185149,0.238226217866035,76.3298495381955,6.9861410680175,3.6308011104133,110,6560,1260,190,12,"CB","CB_nB4","inflow_rate","4 bridge lines per cycle",6,8016,0,"core",3.58196667604272,2.41803332395728,11,0.251514162709431,0.3,3,4,"poolMean",0,0
5,15,8.24248691959336,2.24248691959336,0.137247601600743,54.5685380585514,0.188403257443707,60.3661193213881,7.28511222002427,3.52361684940306,104,8260,1560,240,16,"CB","CB_nB4","inflow_rate","4 bridge lines per cycle",6,8016,0,"core",3.58196667604272,2.41803332395728,11,0.251514162709431,0.3,3,4,"poolMean",0,0
6,18,8.7982516183839,2.7982516183839,0.113765169538776,45.2321127022203,0.168235009873997,53.9040291440981,7.60275957146588,3.45470449622379,66,9960,1860,290,20,"CB","CB_nB4","inflow_rate","4 bridge lines per cycle",6,8016,0,"core",3.58196667604272,2.41803332395728,11,0.251514162709431,0.3,3,4,"poolMean",0,0
7,21,9.1636804564401,3.1636804564401,0.0965551846777246,38.3895617000593,0.156355340338924,50.0976748464972,7.79964677611971,3.4874784728365,40,11660,2160,340,23,"CB","CB_nB4","inflow_rate","4 bridge lines per cycle",6,8016,0,"core",3.58196667604272,2.41803332395728,11,0.251514162709431,0.3,3,4,"poolMean",0,0
8,24,9.5457185407673,3.5457185407673,0.105572021625434,41.9745832553371,0.147514771970024,47.2650762371797,8.19151886025534,3.38943877313498,38,13360,2460,390,26,"CB","CB_nB4","inflow_rate","4 bridge lines per cycle",6,8016,0,"core",3.58196667604272,2.41803332395728,11,0.251514162709431,0.3,3,4,"poolMean",0,0
9,27,10.0386840631786,4.0386840631786,0.0501382048392434,19.9345453548741,0.108760249129277,34.8477742128397,8.21998543400202,3.34376199559091,65,15060,2760,440,30,"CB","CB_nB4","inflow_rate","4 bridge lines per cycle",6,8016,0,"core",3.58196667604272,2.41803332395728,11,0.251514162709431,0.3,3,4,"poolMean",0,0
10,30,10.1893823755101,4.18938237551007,0.044122577618962,17.5427805510642,0.0998096208710383,31.9799114127517,8.20806967039586,3.27043051780579,104,16760,3060,490,34,"CB","CB_nB4","inflow_rate","4 bridge lines per cycle",6,8016,0,"core",3.58196667604272,2.41803332395728,11,0.251514162709431,0.3,3,4,"poolMean",0,0
11,33,10.3313239972929,4.33132399729294,0.0725677621196266,28.8523562004985,0.0947309620505758,30.3526628794281,8.42384039047984,3.39487407333673,53,18460,3360,540,37,"CB","CB_nB4","inflow_rate","4 bridge lines per cycle",6,8016,0,"core",3.58196667604272,2.41803332395728,11,0.251514162709431,0.3,3,4,"poolMean",0,0
12,36,10.5799943293536,4.57999432935357,0.0480457896953645,19.1026179908885,0.0929293043952124,29.7753953604074,8.78747905443842,3.44694602391292,67,20160,3660,590,41,"CB","CB_nB4","inflow_rate","4 bridge lines per cycle",6,8016,0,"core",3.58196667604272,2.41803332395728,11,0.251514162709431,0.3,3,4,"poolMean",0,0
13,39,10.8292979309712,4.82929793097121,0.065080534773479,25.8754950704963,0.0860418756887965,27.5686004846166,8.61397860166835,3.46688958712262,73,21860,3960,640,45,"CB","CB_nB4","inflow_rate","4 bridge lines per cycle",6,8016,0,"core",3.58196667604272,2.41803332395728,11,0.251514162709431,0.3,3,4,"poolMean",0,0
14,42,11.1768705695151,5.17687056951509,0.0513753606998709,20.4264285344535,0.0729803716868257,23.3835756618088,8.8903461495748,3.42987990140807,60,23560,4260,690,48,"CB","CB_nB4","inflow_rate","4 bridge lines per cycle",6,8016,0,"core",3.58196667604272,2.41803332395728,11,0.251514162709431,0.3,3,4,"poolMean",0,0
15,45,11.2838789035725,5.28387890357253,0.115397356464191,45.8810570431008,0.0759253022507435,24.3271582315942,9.04427473830995,3.47876597265722,5,25260,4560,740,50,"CB","CB_nB4","inflow_rate","4 bridge lines per cycle",6,8016,0,"core",3.58196667604272,2.41803332395728,11,0.251514162709431,0.3,3,4,"poolMean",0,0
16,48,11.530217770972,5.53021777097204,0.0584273828257068,23.2302555833433,0.0478521230735859,15.3322559834451,9.24053086529157,3.55918072885851,44,26960,4860,790,53,"CB","CB_nB4","inflow_rate","4 bridge lines per cycle",6,8016,0,"core",3.58196667604272,2.41803332395728,11,0.251514162709431,0.3,3,4,"poolMean",0,0
17,51,11.8074021018748,5.80740210187484,0.023312973078712,9.26904983304854,0.0318646206159027,10.2097146107205,9.46051087784936,3.67575122522599,34,28660,5160,840,55,"CB","CB_nB4","inflow_rate","4 bridge lines per cycle",6,8016,0,"core",3.58196667604272,2.41803332395728,11,0.251514162709431,0.3,3,4,"poolMean",0,0
18,54,11.8862146864404,5.88621468644035,0.0195582368620696,7.77619703454424,0.0326749067074906,10.4693376530868,9.5551959585623,3.68306154305988,91,30360,5460,890,59,"CB","CB_nB4","inflow_rate","4 bridge lines per cycle",6,8016,0,"core",3.58196667604272,2.41803332395728,11,0.251514162709431,0.3,3,4,"poolMean",0,0
19,57,12.0002816383186,6.00028163831862,0.0301021514858493,11.9683723419685,0.0369128146086288,11.8272019358187,9.65894135280921,3.59077793486832,55,32060,5760,940,63,"CB","CB_nB4","inflow_rate","4 bridge lines per cycle",6,8016,0,"core",3.58196667604272,2.41803332395728,11,0.251514162709431,0.3,3,4,"poolMean",0,0
20,60,12.1545512267328,6.15455122673282,0.0356144035449792,14.159999246692,0.0350178838454775,11.2200488636998,9.81827154299277,3.48213999917921,31,33760,6060,990,67,"CB","CB_nB4","inflow_rate","4 bridge lines per cycle",6,8016,0,"core",3.58196667604272,2.41803332395728,11,0.251514162709431,0.3,3,4,"poolMean",0,0
1,3,6.36834944615014,0.368349446150145,0.23243114966253,92.4127481167143,0.295449074593186,94.6645739159522,5.37334097426419,3.5937514964418,0,1460,360,40,0,"CB","CB_nB8","inflow_rate","8 bridge lines per cycle",6,8016,0,"core",3.58196667604272,2.41803332395728,11,0.251514162709431,0.3,3,8,"poolMean",0,0
2,6,6.82183187756063,0.821831877560633,0.204198423845448,81.1876443241705,0.24130161117076,77.3152335581543,6.34101531414565,3.6088361856848,30,3160,660,90,7,"CB","CB_nB8","inflow_rate","8 bridge lines per cycle",6,8016,0,"core",3.58196667604272,2.41803332395728,11,0.251514162709431,0.3,3,8,"poolMean",0,0
3,9,7.21080200884017,1.21080200884017,0.280072860921,111.354707784214,0.282500750501502,90.5158129670384,6.64213020108161,3.59146957408774,75,4860,960,140,15,"CB","CB_nB8","inflow_rate","8 bridge lines per cycle",6,8016,0,"core",3.58196667604272,2.41803332395728,11,0.251514162709431,0.3,3,8,"poolMean",0,0
4,12,7.78479702298308,1.78479702298308,0.295887934079243,117.642653157896,0.263915984365071,84.5610846604584,7.02997238852929,3.6308011104133,134,6560,1260,190,23,"CB","CB_nB8","inflow_rate","8 bridge lines per cycle",6,8016,0,"core",3.58196667604272,2.41803332395728,11,0.251514162709431,0.3,3,8,"poolMean",0,0
5,15,8.44113658614008,2.44113658614008,0.189156382167147,75.2070500243261,0.246920071844677,79.1154395208647,7.49158880189237,3.52361684940306,109,8260,1560,240,31,"CB","CB_nB8","inflow_rate","8 bridge lines per cycle",6,8016,0,"core",3.58196667604272,2.41803332395728,11,0.251514162709431,0.3,3,8,"poolMean",0,0
6,18,8.89428981748281,2.89428981748281,0.222222632544514,88.3539241490915,0.219359611847131,70.2848171667828,7.58339833735335,3.45470449622379,104,9960,1860,290,38,"CB","CB_nB8","inflow_rate","8 bridge lines per cycle",6,8016,0,"core",3.58196667604272,2.41803332395728,11,0.251514162709431,0.3,3,8,"poolMean",0,0
7,21,9.31613475250161,3.31613475250161,0.132449222170237,52.6607411461171,0.195901452900396,62.7686094257263,7.76294772307054,3.4874784728365,42,11660,2160,340,41,"CB","CB_nB8","inflow_rate","8 bridge lines per cycle",6,8016,0,"core",3.58196667604272,2.41803332395728,11,0.251514162709431,0.3,3,8,"poolMean",0,0
8,24,9.77642623648481,3.77642623648481,0.112625402096526,44.7789503713316,0.181892620505201,58.2800519591743,7.96397368515876,3.38943877313498,19,13360,2460,390,43,"CB","CB_nB8","inflow_rate","8 bridge lines per cycle",6,8016,0,"core",3.58196667604272,2.41803332395728,11,0.251514162709431,0.3,3,8,"poolMean",0,0
9,27,10.0616363105236,4.06163631052356,0.0961165607767625,38.2151683791278,0.159503186829224,51.1062735268871,8.21822473947989,3.34376199559091,50,15060,2760,440,49,"CB","CB_nB8","inflow_rate","8 bridge lines per cycle",6,8016,0,"core",3.58196667604272,2.41803332395728,11,0.251514162709431,0.3,3,8,"poolMean",0,0
10,30,10.1799904254515,4.17999042545152,0.0962243516057953,38.2580251422904,0.159531753415939,51.1154265214034,8.28435182465568,3.27043051780579,79,16760,3060,490,54,"CB","CB_nB8","inflow_rate","8 bridge lines per cycle",6,8016,0,"core",3.58196667604272,2.41803332395728,11,0.251514162709431,0.3,3,8,"poolMean",0,0
11,33,10.3403845730513,4.34038457305132,0.0952537913267726,37.8721382130744,0.152984366917247,49.0175842654572,8.49136186500322,3.39487407333673,75,18460,3360,540,58,"CB","CB_nB8","inflow_rate","8 bridge lines per cycle",6,8016,0,"core",3.58196667604272,2.41803332395728,11,0.251514162709431,0.3,3,8,"poolMean",0,0
12,36,10.6999723024337,4.6999723024337,0.0746124198674457,29.6652956094738,0.121476956951535,38.922323199887,8.75975951101514,3.44694602391292,53,20160,3660,590,64,"CB","CB_nB8","inflow_rate","8 bridge lines per cycle",6,8016,0,"core",3.58196667604272,2.41803332395728,11,0.251514162709431,0.3,3,8,"poolMean",0,0
13,39,10.8172634776154,4.8172634776154,0.0796694767057941,31.6759405703267,0.123887402184094,39.6946518023784,8.67988134670703,3.46688958712262,49,21860,3960,640,68,"CB","CB_nB8","inflow_rate","8 bridge lines per cycle",6,8016,0,"core",3.58196667604272,2.41803332395728,11,0.251514162709431,0.3,3,8,"poolMean",0,0
14,42,11.0846064883974,5.08460648839736,0.0717151095394563,28.5133484201871,0.103826748208994,33.2670355925695,8.83092970374517,3.42987990140807,42,23560,4260,690,70,"CB","CB_nB8","inflow_rate","8 bridge lines per cycle",6,8016,0,"core",3.58196667604272,2.41803332395728,11,0.251514162709431,0.3,3,8,"poolMean",0,0
15,45,11.3948096328282,5.39480963282816,0.0710238718902521,28.2385179129274,0.0953333345449072,30.5456685119321,8.97579261713479,3.47876597265722,7,25260,4560,740,72,"CB","CB_nB8","inflow_rate","8 bridge lines per cycle",6,8016,0,"core",3.58196667604272,2.41803332395728,11,0.251514162709431,0.3,3,8,"poolMean",0,0
16,48,11.6327147625887,5.63271476258874,0.0631351814095849,25.1020382826408,0.0769653256097888,24.6603911864858,9.17928044630306,3.55918072885851,23,26960,4860,790,75,"CB","CB_nB8","inflow_rate","8 bridge lines per cycle",6,8016,0,"core",3.58196667604272,2.41803332395728,11,0.251514162709431,0.3,3,8,"poolMean",0,0
17,51,11.8834754916569,5.88347549165687,0.0419150195763145,16.6650733003604,0.0623613126676473,19.9811324528631,9.58022700796106,3.67575122522599,29,28660,5160,840,76,"CB","CB_nB8","inflow_rate","8 bridge lines per cycle",6,8016,0,"core",3.58196667604272,2.41803332395728,11,0.251514162709431,0.3,3,8,"poolMean",0,0
18,54,12.1196506228269,6.11965062282689,0.0286095643776226,11.3749317610693,0.0520829190287817,16.6878415339344,9.68599417678847,3.68306154305988,54,30360,5460,890,80,"CB","CB_nB8","inflow_rate","8 bridge lines per cycle",6,8016,0,"core",3.58196667604272,2.41803332395728,11,0.251514162709431,0.3,3,8,"poolMean",0,0
19,57,12.1601880602778,6.16018806027781,0.0447297710164552,17.7841957425398,0.05171076402319,16.5685996812275,9.70740435831475,3.59077793486832,36,32060,5760,940,84,"CB","CB_nB8","inflow_rate","8 bridge lines per cycle",6,8016,0,"core",3.58196667604272,2.41803332395728,11,0.251514162709431,0.3,3,8,"poolMean",0,0
20,60,12.2139215838318,6.21392158383177,0.0452457161438816,17.9893313587088,0.0510191752351227,16.3470083357898,9.92829043878489,3.48213999917921,33,33760,6060,990,87,"CB","CB_nB8","inflow_rate","8 bridge lines per cycle",6,8016,0,"core",3.58196667604272,2.41803332395728,11,0.251514162709431,0.3,3,8,"poolMean",0,0
1,3,6.36834944615014,0.368349446150145,0.23243114966253,92.4127481167143,0.295449074593186,94.6645739159522,6.99998587968517,3.51857828898942,298,1760,360,50,2,"CB","CB_noRecurrent","mechanism","bridge pool rebuilt each cycle (not recurrent)",6,8016,0,"core",3.58196667604272,2.41803332395728,11,0.251514162709431,0.3,3,2,"poolMean",0,0
2,6,6.86183034478448,0.86183034478448,0.175420262759285,69.7456798732819,0.263823770740617,84.5315385754685,7.557590790098,3.52620693665926,214,3460,660,100,4,"CB","CB_noRecurrent","mechanism","bridge pool rebuilt each cycle (not recurrent)",6,8016,0,"core",3.58196667604272,2.41803332395728,11,0.251514162709431,0.3,3,2,"poolMean",0,0
3,9,7.61001838144366,1.61001838144366,0.231431551539284,92.0153159751291,0.313132638018541,100.330548667377,8.0272448513117,3.48337673808917,136,5160,960,150,6,"CB","CB_noRecurrent","mechanism","bridge pool rebuilt each cycle (not recurrent)",6,8016,0,"core",3.58196667604272,2.41803332395728,11,0.251514162709431,0.3,3,2,"poolMean",0,0
4,12,8.16636580080715,2.16636580080715,0.186873369846523,74.2993427620272,0.323186087025083,103.55176527772,7.94235434945838,3.61596783651316,26,6860,1260,200,8,"CB","CB_noRecurrent","mechanism","bridge pool rebuilt each cycle (not recurrent)",6,8016,0,"core",3.58196667604272,2.41803332395728,11,0.251514162709431,0.3,3,2,"poolMean",0,0
5,15,8.46926638348397,2.46926638348397,0.205443678141066,81.6827473761034,0.316504463803254,101.410912353296,8.67754476910536,3.55301022934793,53,8560,1560,250,10,"CB","CB_noRecurrent","mechanism","bridge pool rebuilt each cycle (not recurrent)",6,8016,0,"core",3.58196667604272,2.41803332395728,11,0.251514162709431,0.3,3,2,"poolMean",0,0
6,18,9.03737471245219,3.03737471245219,0.200384719498741,79.6713462733474,0.270203492425136,86.5756594981652,8.82564783957354,3.72422404414042,5,10260,1860,300,12,"CB","CB_noRecurrent","mechanism","bridge pool rebuilt each cycle (not recurrent)",6,8016,0,"core",3.58196667604272,2.41803332395728,11,0.251514162709431,0.3,3,2,"poolMean",0,0
7,21,9.53751754388323,3.53751754388323,0.221969460384827,88.2532649428827,0.227935618477711,73.0326477859924,9.50727127001231,3.71974762708942,33,11960,2160,350,14,"CB","CB_noRecurrent","mechanism","bridge pool rebuilt each cycle (not recurrent)",6,8016,0,"core",3.58196667604272,2.41803332395728,11,0.251514162709431,0.3,3,2,"poolMean",0,0
8,24,10.2170219911138,4.21702199111377,0.160590969431534,63.8496725995748,0.194668479667502,62.3735535742148,10.3026216017124,3.70339260744881,16,13660,2460,400,16,"CB","CB_noRecurrent","mechanism","bridge pool rebuilt each cycle (not recurrent)",6,8016,0,"core",3.58196667604272,2.41803332395728,11,0.251514162709431,0.3,3,2,"poolMean",0,0
9,27,10.8994622726499,4.89946227264987,0.178683613900426,71.0431619339285,0.180778586158087,57.9231052097472,10.9923735787603,3.62429560263208,16,15360,2760,450,18,"CB","CB_noRecurrent","mechanism","bridge pool rebuilt each cycle (not recurrent)",6,8016,0,"core",3.58196667604272,2.41803332395728,11,0.251514162709431,0.3,3,2,"poolMean",0,0
10,30,11.4462250605514,5.44622506055136,0.111914679478876,44.496372797968,0.149368186105105,47.8589270036065,10.7202088142969,3.66397548881957,0,17060,3060,500,20,"CB","CB_noRecurrent","mechanism","bridge pool rebuilt each cycle (not recurrent)",6,8016,0,"core",3.58196667604272,2.41803332395728,11,0.251514162709431,0.3,3,2,"poolMean",0,0
11,33,11.7503617873711,5.75036178737111,0.10704311904263,42.5594797086215,0.129455734466973,41.4787961721215,11.2621791721733,3.80195353769699,1,18760,3360,550,21,"CB","CB_noRecurrent","mechanism","bridge pool rebuilt each cycle (not recurrent)",6,8016,0,"core",3.58196667604272,2.41803332395728,11,0.251514162709431,0.3,3,2,"poolMean",0,0
12,36,12.1001478524095,6.10014785240947,0.0698480416835967,27.7710173181343,0.104467150983754,33.4722264732338,11.5983162702241,3.71432360939432,0,20460,3660,600,22,"CB","CB_noRecurrent","mechanism","bridge pool rebuilt each cycle (not recurrent)",6,8016,0,"core",3.58196667604272,2.41803332395728,11,0.251514162709431,0.3,3,2,"poolMean",0,0
13,39,12.3872577885105,6.38725778851049,0.0731641115154542,29.0894599044822,0.0826977963548591,26.4971270141913,11.6853965082399,3.72014604485458,0,22160,3960,650,23,"CB","CB_noRecurrent","mechanism","bridge pool rebuilt each cycle (not recurrent)",6,8016,0,"core",3.58196667604272,2.41803332395728,11,0.251514162709431,0.3,3,2,"poolMean",0,0
14,42,12.6619375043421,6.6619375043421,0.0645107434059621,25.6489506241006,0.067398674360518,21.5951490104467,11.7876903849988,3.77400522391598,0,23860,4260,700,24,"CB","CB_noRecurrent","mechanism","bridge pool rebuilt each cycle (not recurrent)",6,8016,0,"core",3.58196667604272,2.41803332395728,11,0.251514162709431,0.3,3,2,"poolMean",0,0
15,45,12.842877496581,6.84287749658097,0.0996031030746757,39.6013894413353,0.0732058355975783,23.4558163519319,12.1403393529013,3.68509771584746,0,25560,4560,750,25,"CB","CB_noRecurrent","mechanism","bridge pool rebuilt each cycle (not recurrent)",6,8016,0,"core",3.58196667604272,2.41803332395728,11,0.251514162709431,0.3,3,2,"poolMean",0,0
16,48,13.0420185265847,7.04201852658469,0.0857448119139845,34.0914447879596,0.0575767977464935,18.4481303034092,12.1720865128138,3.67719570823903,0,27260,4860,800,26,"CB","CB_noRecurrent","mechanism","bridge pool rebuilt each cycle (not recurrent)",6,8016,0,"core",3.58196667604272,2.41803332395728,11,0.251514162709431,0.3,3,2,"poolMean",0,0
17,51,13.2834052699808,7.28340526998077,0.0838586635126297,33.3415274151022,0.0450812484364289,14.4444425175808,12.0127027767243,3.73931568475015,0,28960,5160,850,27,"CB","CB_noRecurrent","mechanism","bridge pool rebuilt each cycle (not recurrent)",6,8016,0,"core",3.58196667604272,2.41803332395728,11,0.251514162709431,0.3,3,2,"poolMean",0,0
18,54,13.3577214398601,7.35772143986005,0.0562929636104646,22.381627739786,0.0366167439521966,11.7323382014213,12.1227949540851,3.73434160298587,0,30660,5460,900,28,"CB","CB_noRecurrent","mechanism","bridge pool rebuilt each cycle (not recurrent)",6,8016,0,"core",3.58196667604272,2.41803332395728,11,0.251514162709431,0.3,3,2,"poolMean",0,0
19,57,13.3597540378492,7.35975403784923,0.0787788236880279,31.3218241228981,0.0330202308451675,10.5799826513867,12.2621390230821,3.63884244463921,0,32360,5760,950,29,"CB","CB_noRecurrent","mechanism","bridge pool rebuilt each cycle (not recurrent)",6,8016,0,"core",3.58196667604272,2.41803332395728,11,0.251514162709431,0.3,3,2,"poolMean",0,0
20,60,13.5005672407974,7.50056724079744,0.0349641321606856,13.9014565955393,0.0220658343987538,7.07009427710748,12.2659037209776,3.77091500464137,0,34060,6060,1000,30,"CB","CB_noRecurrent","mechanism","bridge pool rebuilt each cycle (not recurrent)",6,8016,0,"core",3.58196667604272,2.41803332395728,11,0.251514162709431,0.3,3,2,"poolMean",0,0
1,3,6.36834944615014,0.368349446150145,0.23243114966253,92.4127481167143,0.295449074593186,94.6645739159522,5.45305197782763,3.45050479403615,0,1460,360,40,0,"CB","CB_noWithinFam","mechanism","bridge pool selected across families",6,8016,0,"core",3.53026949994862,2.46973050005138,11,0.251514162709431,0.3,3,2,"poolMean",0,0
2,6,6.74214640122181,0.742146401221806,0.223364238918369,88.8078176243367,0.253322165026379,81.1667284749781,6.97495380988984,3.4293674823046,20,3160,660,90,2,"CB","CB_noWithinFam","mechanism","bridge pool selected across families",6,8016,0,"core",3.53026949994862,2.46973050005138,11,0.251514162709431,0.3,3,2,"poolMean",0,0
3,9,7.28613158619636,1.28613158619636,0.160778878718062,63.924383814444,0.185370000510747,59.3942361786446,7.76248478938291,3.34894288373115,119,4860,960,140,4,"CB","CB_noWithinFam","mechanism","bridge pool selected across families",6,8016,0,"core",3.53026949994862,2.46973050005138,11,0.251514162709431,0.3,3,2,"poolMean",0,0
4,12,7.91221008067628,1.91221008067628,0.0996468692741497,39.6187905288139,0.15421055953415,49.4104675458596,8.55439372146597,3.16570973292837,203,6560,1260,190,6,"CB","CB_noWithinFam","mechanism","bridge pool selected across families",6,8016,0,"core",3.53026949994862,2.46973050005138,11,0.251514162709431,0.3,3,2,"poolMean",0,0
5,15,8.2844355616394,2.2844355616394,0.117721906179148,46.8052792379528,0.135596563055139,43.4463735713399,9.05100389677576,3.2104291935698,280,8260,1560,240,8,"CB","CB_noWithinFam","mechanism","bridge pool selected across families",6,8016,0,"core",3.53026949994862,2.46973050005138,11,0.251514162709431,0.3,3,2,"poolMean",0,0
6,18,9.05011820566872,3.05011820566872,0.0949594202219629,37.7550986389849,0.102413879642718,32.8143396380809,9.36808294932472,3.21652456557808,258,9960,1860,290,10,"CB","CB_noWithinFam","mechanism","bridge pool selected across families",6,8016,0,"core",3.53026949994862,2.46973050005138,11,0.251514162709431,0.3,3,2,"poolMean",0,0
7,21,9.40615752871242,3.40615752871242,0.0770863539919394,30.6489118392095,0.0949706806497047,30.4294709015128,9.58770859303446,3.25973552233235,258,11660,2160,340,12,"CB","CB_noWithinFam","mechanism","bridge pool selected across families",6,8016,0,"core",3.53026949994862,2.46973050005138,11,0.251514162709431,0.3,3,2,"poolMean",0,0
8,24,9.68072243687581,3.68072243687581,0.0749671375675135,29.8063285025112,0.0825920177744925,26.4632345938016,9.96954578724989,3.22743382541448,251,13360,2460,390,14,"CB","CB_noWithinFam","mechanism","bridge pool selected across families",6,8016,0,"core",3.53026949994862,2.46973050005138,11,0.251514162709431,0.3,3,2,"poolMean",0,0
9,27,10.0462776711207,4.0462776711207,0.0484966225318606,19.2818654859956,0.0728721503707885,23.3489005666663,10.2417187244508,3.1347428535299,249,15060,2760,440,16,"CB","CB_noWithinFam","mechanism","bridge pool selected across families",6,8016,0,"core",3.53026949994862,2.46973050005138,11,0.251514162709431,0.3,3,2,"poolMean",0,0
10,30,10.2477446846083,4.24774468460825,0.0487626626869672,19.3876409032686,0.0653456648016159,20.9373460526732,10.3129152062355,3.1181677086227,258,16760,3060,490,18,"CB","CB_noWithinFam","mechanism","bridge pool selected across families",6,8016,0,"core",3.53026949994862,2.46973050005138,11,0.251514162709431,0.3,3,2,"poolMean",0,0
11,33,10.4586922948582,4.45869229485817,0.0319217006732593,12.6918104051809,0.0508893829555609,16.3054217075046,10.4551229016473,3.05089399301463,236,18460,3360,540,20,"CB","CB_noWithinFam","mechanism","bridge pool selected across families",6,8016,0,"core",3.53026949994862,2.46973050005138,11,0.251514162709431,0.3,3,2,"poolMean",0,0
12,36,10.5626725386306,4.56267253863063,0.035622122214616,14.1630681274078,0.0441607485608166,14.1495059751851,10.6318847580494,3.04565761483668,265,20160,3660,590,22,"CB","CB_noWithinFam","mechanism","bridge pool selected across families",6,8016,0,"core",3.53026949994862,2.46973050005138,11,0.251514162709431,0.3,3,2,"poolMean",0,0
13,39,10.7925322074688,4.79253220746879,0.0165095944025649,6.56408141184402,0.024737876145026,7.92624078474096,10.7020650060856,3.20227040327854,207,21860,3960,640,24,"CB","CB_noWithinFam","mechanism","bridge pool selected across families",6,8016,0,"core",3.53026949994862,2.46973050005138,11,0.251514162709431,0.3,3,2,"poolMean",0,0
14,42,10.7855728409222,4.78557284092225,0.0183230401765155,7.28509280715287,0.0233750266520923,7.48957139683449,10.8351081312964,3.11460497064531,264,23560,4260,690,26,"CB","CB_noWithinFam","mechanism","bridge pool selected across families",6,8016,0,"core",3.53026949994862,2.46973050005138,11,0.251514162709431,0.3,3,2,"poolMean",0,0
15,45,10.8105699412564,4.81056994125636,0.0137410974554475,5.46334938256431,0.0187890002039508,6.02016676160801,10.9261770257303,3.201130153527,284,25260,4560,740,28,"CB","CB_noWithinFam","mechanism","bridge pool selected across families",6,8016,0,"core",3.53026949994862,2.46973050005138,11,0.251514162709431,0.3,3,2,"poolMean",0,0
16,48,10.943395439235,4.94339543923495,0.0100913879532556,4.01225435758618,0.0173996251793933,5.57499835182264,10.9525984517936,3.16940748777806,239,26960,4860,790,30,"CB","CB_noWithinFam","mechanism","bridge pool selected across families",6,8016,0,"core",3.53026949994862,2.46973050005138,11,0.251514162709431,0.3,3,2,"poolMean",0,0
17,51,10.9793010093464,4.9793010093464,0.0102600864993344,4.0793275371883,0.0147799445429781,4.73562882059774,11.0177777921733,3.07412719594456,192,28660,5160,840,32,"CB","CB_noWithinFam","mechanism","bridge pool selected across families",6,8016,0,"core",3.53026949994862,2.46973050005138,11,0.251514162709431,0.3,3,2,"poolMean",0,0
18,54,11.0855465537101,5.08554655371014,0.00365299414981054,1.45240097434623,0.00942151574692852,3.01873943945665,11.037593799239,2.96781024716989,210,30360,5460,890,34,"CB","CB_noWithinFam","mechanism","bridge pool selected across families",6,8016,0,"core",3.53026949994862,2.46973050005138,11,0.251514162709431,0.3,3,2,"poolMean",0,0
19,57,11.0477846380694,5.04778463806936,0.00251531551133049,1.00006913496811,0.0068049422051248,2.18036544963907,11.0793788187755,3.01450738045234,286,32060,5760,940,36,"CB","CB_noWithinFam","mechanism","bridge pool selected across families",6,8016,0,"core",3.53026949994862,2.46973050005138,11,0.251514162709431,0.3,3,2,"poolMean",0,0
20,60,11.0662119561467,5.06621195614666,0.00182767753002841,0.726669826597355,0.00677810737655782,2.17176732620308,11.1088878882752,3.10020469177132,255,33760,6060,990,38,"CB","CB_noWithinFam","mechanism","bridge pool selected across families",6,8016,0,"core",3.53026949994862,2.46973050005138,11,0.251514162709431,0.3,3,2,"poolMean",0,0
1,3,6.36834944615014,0.368349446150145,0.23243114966253,92.4127481167143,0.295449074593186,94.6645739159522,5.26427648176715,3.40257063682727,0,1460,360,40,0,"CB","CB_noDistinctFam","mechanism","highest-ranking eligible lines admitted",6,8016,0,"core",3.45690117050807,2.54309882949193,11,0.251514162709431,0.3,3,2,"poolMean",0,0
2,6,6.79286449752657,0.792864497526573,0.219623455756053,87.3205124475552,0.244988488008445,78.4965424703606,6.36356736188871,3.46047891752388,40,3160,660,90,2,"CB","CB_noDistinctFam","mechanism","highest-ranking eligible lines admitted",6,8016,0,"core",3.45690117050807,2.54309882949193,11,0.251514162709431,0.3,3,2,"poolMean",0,0
3,9,7.52308881815531,1.52308881815531,0.147112099097241,58.4905826027761,0.202217284542368,64.792259396996,6.61156022852713,3.45633764261089,70,4860,960,140,4,"CB","CB_noDistinctFam","mechanism","highest-ranking eligible lines admitted",6,8016,0,"core",3.45690117050807,2.54309882949193,11,0.251514162709431,0.3,3,2,"poolMean",0,0
4,12,7.93666283025907,1.93666283025907,0.113704803925784,45.2081118219751,0.168444367542416,53.9711092475109,7.09332604044659,3.39003129146852,84,6560,1260,190,6,"CB","CB_noDistinctFam","mechanism","highest-ranking eligible lines admitted",6,8016,0,"core",3.45690117050807,2.54309882949193,11,0.251514162709431,0.3,3,2,"poolMean",0,0
5,15,8.4444342274306,2.4444342274306,0.119122654111646,47.3622053042262,0.160222461324595,51.3367356250562,7.43265599299247,3.4913898899458,70,8260,1560,240,8,"CB","CB_noDistinctFam","mechanism","highest-ranking eligible lines admitted",6,8016,0,"core",3.45690117050807,2.54309882949193,11,0.251514162709431,0.3,3,2,"poolMean",0,0
6,18,8.98201665896288,2.98201665896288,0.144471312111259,57.440627022727,0.152308549877787,48.8010463318938,8.00930585976969,3.56510647906218,91,9960,1860,290,10,"CB","CB_noDistinctFam","mechanism","highest-ranking eligible lines admitted",6,8016,0,"core",3.45690117050807,2.54309882949193,11,0.251514162709431,0.3,3,2,"poolMean",0,0
7,21,9.50429392894291,3.50429392894291,0.0974578574220538,38.7484570937044,0.134663121886743,43.1472905208905,8.13814497898981,3.65283738506308,38,11660,2160,340,12,"CB","CB_noDistinctFam","mechanism","highest-ranking eligible lines admitted",6,8016,0,"core",3.45690117050807,2.54309882949193,11,0.251514162709431,0.3,3,2,"poolMean",0,0
8,24,9.90340122476479,3.90340122476479,0.111555340616651,44.3535025681748,0.135673330529413,43.4709705691568,8.33025684738936,3.68334521260509,37,13360,2460,390,14,"CB","CB_noDistinctFam","mechanism","highest-ranking eligible lines admitted",6,8016,0,"core",3.45690117050807,2.54309882949193,11,0.251514162709431,0.3,3,2,"poolMean",0,0
9,27,10.2419795373922,4.24197953739223,0.0853985955818067,33.9537919701428,0.113195380163751,36.2688305834444,8.54059212733244,3.74967420466991,51,15060,2760,440,16,"CB","CB_noDistinctFam","mechanism","highest-ranking eligible lines admitted",6,8016,0,"core",3.45690117050807,2.54309882949193,11,0.251514162709431,0.3,3,2,"poolMean",0,0
10,30,10.5396957746187,4.53969577461865,0.0637030235327639,25.3278077252288,0.0908560677830572,29.1111114705801,8.67794936525264,3.6219821712844,97,16760,3060,490,18,"CB","CB_noDistinctFam","mechanism","highest-ranking eligible lines admitted",6,8016,0,"core",3.45690117050807,2.54309882949193,11,0.251514162709431,0.3,3,2,"poolMean",0,0
11,33,10.7583613949019,4.75836139490189,0.0657406705880681,26.1379597394747,0.0809530556882473,25.9380962166636,8.66108436215003,3.69209597960194,47,18460,3360,540,20,"CB","CB_noDistinctFam","mechanism","highest-ranking eligible lines admitted",6,8016,0,"core",3.45690117050807,2.54309882949193,11,0.251514162709431,0.3,3,2,"poolMean",0,0
12,36,10.8311302156615,4.83113021566152,0.0490995868590142,19.5215992332559,0.0676433328828847,21.6735398289207,9.16861410121937,3.86716517734696,48,20160,3660,590,22,"CB","CB_noDistinctFam","mechanism","highest-ranking eligible lines admitted",6,8016,0,"core",3.45690117050807,2.54309882949193,11,0.251514162709431,0.3,3,2,"poolMean",0,0
13,39,11.0042933167809,5.00429331678087,0.0497609369093255,19.7845466725519,0.059270186186551,18.9907073799256,8.83678549979316,3.76755365515563,36,21860,3960,640,24,"CB","CB_noDistinctFam","mechanism","highest-ranking eligible lines admitted",6,8016,0,"core",3.45690117050807,2.54309882949193,11,0.251514162709431,0.3,3,2,"poolMean",0,0
14,42,11.1044865201221,5.10448652012207,0.0615463522853275,24.4703326533666,0.0528434112311131,16.9315101607502,9.0676184173516,3.60843215693959,52,23560,4260,690,26,"CB","CB_noDistinctFam","mechanism","highest-ranking eligible lines admitted",6,8016,0,"core",3.45690117050807,2.54309882949193,11,0.251514162709431,0.3,3,2,"poolMean",0,0
15,45,11.5282456720806,5.52824567208056,0.0644372103327695,25.6197144680128,0.0455875069380172,14.6066523515773,9.2650723736757,3.52360092998081,3,25260,4560,740,28,"CB","CB_noDistinctFam","mechanism","highest-ranking eligible lines admitted",6,8016,0,"core",3.45690117050807,2.54309882949193,11,0.251514162709431,0.3,3,2,"poolMean",0,0
16,48,11.6150653127696,5.61506531276965,0.0444780659901897,17.6841198567312,0.0476666101780446,15.2728159623975,9.40007499612338,3.56023388010065,24,26960,4860,790,30,"CB","CB_noDistinctFam","mechanism","highest-ranking eligible lines admitted",6,8016,0,"core",3.45690117050807,2.54309882949193,11,0.251514162709431,0.3,3,2,"poolMean",0,0
17,51,11.8269631087727,5.82696310877271,0.023221346074463,9.23261967608961,0.0264387436815582,8.47121423187393,9.44269729796714,3.52469602411244,26,28660,5160,840,32,"CB","CB_noDistinctFam","mechanism","highest-ranking eligible lines admitted",6,8016,0,"core",3.45690117050807,2.54309882949193,11,0.251514162709431,0.3,3,2,"poolMean",0,0
18,54,11.9504486246583,5.95044862465827,0.0163378198180423,6.4957852241971,0.0214488956365109,6.87242147972141,9.68884834002659,3.56912217884345,64,30360,5460,890,34,"CB","CB_noDistinctFam","mechanism","highest-ranking eligible lines admitted",6,8016,0,"core",3.45690117050807,2.54309882949193,11,0.251514162709431,0.3,3,2,"poolMean",0,0
19,57,12.1028848918083,6.10288489180827,0.0213775711648114,8.49954966134788,0.0265917756452204,8.5202470665699,9.56849764485113,3.50853258338035,50,32060,5760,940,36,"CB","CB_noDistinctFam","mechanism","highest-ranking eligible lines admitted",6,8016,0,"core",3.45690117050807,2.54309882949193,11,0.251514162709431,0.3,3,2,"poolMean",0,0
20,60,12.1739971776614,6.17399717766143,0.0120255152958222,4.78124777001724,0.0158618711884914,5.08228797005303,9.74299738336926,3.50417988317762,28,33760,6060,990,38,"CB","CB_noDistinctFam","mechanism","highest-ranking eligible lines admitted",6,8016,0,"core",3.45690117050807,2.54309882949193,11,0.251514162709431,0.3,3,2,"poolMean",0,0
