"cycle","year","meanG","gain","varG","varGpct","varGenic","varGenicPct","bridgePoolY","donorPoolY","nElig","nGeno","nPheno","nCross","nBridgeIn","strategy","scenario","axis","level","rep","seed","donorImprove","group","donorMeanObs","donorGapObs","burnInUsed","eliteVarObs","h2","cycleYears","nBridge","bridgeBar","bridgeLag","varGxERatio"
1,3,6.12368275145102,0.123682751451021,0.178093790006545,109.530806522221,0.186620776060099,95.6765686552711,5.16362332969484,3.6398241044698,0,1460,360,40,0,"CB","CB_bar_q75","bridge_bar","elite top quartile",1,8101,0,"peripheral",3.54285652046133,2.45714347953867,17,0.162596985872111,0.3,3,2,"q75",0,0
2,6,6.51465796733179,0.514657967331788,0.131237284835824,80.7132334784158,0.147408940754497,75.5734808216455,5.68405593307503,3.64977490997583,0,3160,660,90,0,"CB","CB_bar_q75","bridge_bar","elite top quartile",1,8101,0,"peripheral",3.54285652046133,2.45714347953867,17,0.162596985872111,0.3,3,2,"q75",0,0
3,9,6.76453436500172,0.764534365001724,0.111702811124211,68.699189302359,0.13754587864496,70.5168951670531,6.04578360386955,3.61552205992678,5,4860,960,140,2,"CB","CB_bar_q75","bridge_bar","elite top quartile",1,8101,0,"peripheral",3.54285652046133,2.45714347953867,17,0.162596985872111,0.3,3,2,"q75",0,0
4,12,6.90914150429373,0.909141504293734,0.0980979063424458,60.3319340861605,0.120294105355386,61.6722718276159,6.03719521704955,3.67245432364205,16,6560,1260,190,4,"CB","CB_bar_q75","bridge_bar","elite top quartile",1,8101,0,"peripheral",3.54285652046133,2.45714347953867,17,0.162596985872111,0.3,3,2,"q75",0,0
5,15,7.21129099191263,1.21129099191263,0.0959831823920807,59.0313417418298,0.108216010689833,55.4800853096393,6.43114209153902,3.67568986349279,17,8260,1560,240,6,"CB","CB_bar_q75","bridge_bar","elite top quartile",1,8101,0,"peripheral",3.54285652046133,2.45714347953867,17,0.162596985872111,0.3,3,2,"q75",0,0
6,18,7.53372204107821,1.53372204107821,0.081260746240373,49.9767851196749,0.0740934142717715,37.9861438106638,6.64740432200757,3.76044762067735,13,9960,1860,290,8,"CB","CB_bar_q75","bridge_bar","elite top quartile",1,8101,0,"peripheral",3.54285652046133,2.45714347953867,17,0.162596985872111,0.3,3,2,"q75",0,0
7,21,7.85655807165194,1.85655807165194,0.0370462140073584,22.7840718009968,0.0522532352669256,26.7891408289185,6.93849844463382,3.7575059969259,37,11660,2160,340,10,"CB","CB_bar_q75","bridge_bar","elite top quartile",1,8101,0,"peripheral",3.54285652046133,2.45714347953867,17,0.162596985872111,0.3,3,2,"q75",0,0
8,24,8.04835240970018,2.04835240970018,0.0367909609044939,22.6270866628681,0.051596074765747,26.4522283846776,7.01999326456416,3.74628291855472,68,13360,2460,390,12,"CB","CB_bar_q75","bridge_bar","elite top quartile",1,8101,0,"peripheral",3.54285652046133,2.45714347953867,17,0.162596985872111,0.3,3,2,"q75",0,0
9,27,8.30176692050336,2.30176692050336,0.0255116424974527,15.6901078827615,0.0421030275365505,21.5853416202615,6.99292867270705,3.77434614599055,61,15060,2760,440,14,"CB","CB_bar_q75","bridge_bar","elite top quartile",1,8101,0,"peripheral",3.54285652046133,2.45714347953867,17,0.162596985872111,0.3,3,2,"q75",0,0
10,30,8.39608370105203,2.39608370105203,0.0271191356314482,16.678744372776,0.035563006972749,18.2324098637355,7.2149572193766,3.8321091740017,27,16760,3060,490,16,"CB","CB_bar_q75","bridge_bar","elite top quartile",1,8101,0,"peripheral",3.54285652046133,2.45714347953867,17,0.162596985872111,0.3,3,2,"q75",0,0
11,33,8.5268670247817,2.5268670247817,0.0251935007289691,15.4944451115378,0.034266184658474,17.5675561866429,7.20007419908715,3.82212816652107,0,18460,3360,540,18,"CB","CB_bar_q75","bridge_bar","elite top quartile",1,8101,0,"peripheral",3.54285652046133,2.45714347953867,17,0.162596985872111,0.3,3,2,"q75",0,0
12,36,8.49717625762505,2.49717625762505,0.0200207654436047,12.3131221259857,0.0262516926732675,13.4586937713843,7.21943905078002,3.70685730890765,22,20160,3660,590,20,"CB","CB_bar_q75","bridge_bar","elite top quartile",1,8101,0,"peripheral",3.54285652046133,2.45714347953867,17,0.162596985872111,0.3,3,2,"q75",0,0
13,39,8.62500582475775,2.62500582475775,0.0169593293810351,10.4302852172022,0.0255595200578085,13.1038313484409,7.08906349741963,3.68603674025882,16,21860,3960,640,22,"CB","CB_bar_q75","bridge_bar","elite top quartile",1,8101,0,"peripheral",3.54285652046133,2.45714347953867,17,0.162596985872111,0.3,3,2,"q75",0,0
14,42,8.71235271493858,2.71235271493858,0.029602366589064,18.2059749941167,0.0269380194039679,13.8105591314804,7.28315852133985,3.79087595456014,29,23560,4260,690,24,"CB","CB_bar_q75","bridge_bar","elite top quartile",1,8101,0,"peripheral",3.54285652046133,2.45714347953867,17,0.162596985872111,0.3,3,2,"q75",0,0
15,45,8.7996960633957,2.7996960633957,0.0196294620165311,12.0724636506918,0.0238826247724301,12.2441222084064,7.27509360558244,3.71660466726477,1,25260,4560,740,25,"CB","CB_bar_q75","bridge_bar","elite top quartile",1,8101,0,"peripheral",3.54285652046133,2.45714347953867,17,0.162596985872111,0.3,3,2,"q75",0,0
16,48,8.98952966941024,2.98952966941024,0.0167970156653041,10.3304594333105,0.0144894191916987,7.42842216893968,7.42746498772546,3.6838360011017,4,26960,4860,790,26,"CB","CB_bar_q75","bridge_bar","elite top quartile",1,8101,0,"peripheral",3.54285652046133,2.45714347953867,17,0.162596985872111,0.3,3,2,"q75",0,0
17,51,9.03387573957107,3.03387573957107,0.00693264008723179,4.26369532623722,0.00888120954985815,4.55321038299193,7.43513974925687,3.61777568078628,3,28660,5160,840,27,"CB","CB_bar_q75","bridge_bar","elite top quartile",1,8101,0,"peripheral",3.54285652046133,2.45714347953867,17,0.162596985872111,0.3,3,2,"q75",0,0
18,54,9.0102115136482,3.0102115136482,0.00692124555206993,4.25668748713076,0.00828640753464265,4.24826783025743,7.49775565876692,3.58250840053255,23,30360,5460,890,29,"CB","CB_bar_q75","bridge_bar","elite top quartile",1,8101,0,"peripheral",3.54285652046133,2.45714347953867,17,0.162596985872111,0.3,3,2,"q75",0,0
19,57,8.99408259878054,2.99408259878054,0.00952846790733137,5.86017499415757,0.00921077838337874,4.72217343090475,7.30934326026658,3.66280529267455,5,32060,5760,940,31,"CB","CB_bar_q75","bridge_bar","elite top quartile",1,8101,0,"peripheral",3.54285652046133,2.45714347953867,17,0.162596985872111,0.3,3,2,"q75",0,0
20,60,8.94104668964542,2.94104668964542,0.0210370053911864,12.9381275294567,0.0236943910170025,12.1476186989653,7.54030168640558,3.71696010123022,16,33760,6060,990,33,"CB","CB_bar_q75","bridge_bar","elite top quartile",1,8101,0,"peripheral",3.54285652046133,2.45714347953867,17,0.162596985872111,0.3,3,2,"q75",0,0
1,3,6.12368275145102,0.123682751451021,0.178093790006545,109.530806522221,0.186620776060099,95.6765686552711,4.9885704634803,3.37874199973748,0,1460,360,40,0,"CB","CB_bar_parentMean","bridge_bar","mean of the selected elite parents",1,8101,0,"peripheral",3.43432951651885,2.56567048348115,17,0.162596985872111,0.3,3,2,"parentMean",0,0
2,6,6.60383896913579,0.603838969135793,0.101649389758394,62.5161587179391,0.148265591166667,76.012667570859,5.80619101990068,3.34738600904411,0,3160,660,90,0,"CB","CB_bar_parentMean","bridge_bar","mean of the selected elite parents",1,8101,0,"peripheral",3.43432951651885,2.56567048348115,17,0.162596985872111,0.3,3,2,"parentMean",0,0
3,9,6.94006074529895,0.940060745298948,0.0860546572335634,52.9251245169138,0.114413229592279,58.6572698241904,6.11195884814271,3.3871122594634,1,4860,960,140,1,"CB","CB_bar_parentMean","bridge_bar","mean of the selected elite parents",1,8101,0,"peripheral",3.43432951651885,2.56567048348115,17,0.162596985872111,0.3,3,2,"parentMean",0,0
4,12,7.2352181951104,1.2352181951104,0.0718269610725914,44.1748416720874,0.108624305126741,55.6894093278387,6.19236376413283,3.30706335324,8,6560,1260,190,3,"CB","CB_bar_parentMean","bridge_bar","mean of the selected elite parents",1,8101,0,"peripheral",3.43432951651885,2.56567048348115,17,0.162596985872111,0.3,3,2,"parentMean",0,0
5,15,7.37021043983483,1.37021043983483,0.0625605943788681,38.4758635243549,0.101887498343247,52.2355893923206,6.27008549045232,3.35869693366701,1,8260,1560,240,4,"CB","CB_bar_parentMean","bridge_bar","mean of the selected elite parents",1,8101,0,"peripheral",3.43432951651885,2.56567048348115,17,0.162596985872111,0.3,3,2,"parentMean",0,0
6,18,7.56441601635886,1.56441601635886,0.0765937185977717,47.1064812099381,0.0905750096774224,46.4359130575205,6.37783341112283,3.21573521764351,4,9960,1860,290,6,"CB","CB_bar_parentMean","bridge_bar","mean of the selected elite parents",1,8101,0,"peripheral",3.43432951651885,2.56567048348115,17,0.162596985872111,0.3,3,2,"parentMean",0,0
7,21,7.82304861782556,1.82304861782556,0.0657715907806279,40.4506826666269,0.0803819993325747,41.2101698436532,6.86577534494604,3.30386179695352,2,11660,2160,340,7,"CB","CB_bar_parentMean","bridge_bar","mean of the selected elite parents",1,8101,0,"peripheral",3.43432951651885,2.56567048348115,17,0.162596985872111,0.3,3,2,"parentMean",0,0
8,24,8.14614082393747,2.14614082393747,0.0430758812903986,26.492423004864,0.0675175650036541,34.6148434268033,6.88870965655797,3.27627295320189,7,13360,2460,390,9,"CB","CB_bar_parentMean","bridge_bar","mean of the selected elite parents",1,8101,0,"peripheral",3.43432951651885,2.56567048348115,17,0.162596985872111,0.3,3,2,"parentMean",0,0
9,27,8.21986046903892,2.21986046903892,0.0493983038703723,30.3808238544016,0.0585664730760326,30.0258058103435,7.0124097394848,3.17917751934792,9,15060,2760,440,11,"CB","CB_bar_parentMean","bridge_bar","mean of the selected elite parents",1,8101,0,"peripheral",3.43432951651885,2.56567048348115,17,0.162596985872111,0.3,3,2,"parentMean",0,0
10,30,8.39541506144394,2.39541506144394,0.0342892460200563,21.0884881021264,0.0493464123865081,25.2988735352201,6.83622967635166,3.19474512178507,1,16760,3060,490,12,"CB","CB_bar_parentMean","bridge_bar","mean of the selected elite parents",1,8101,0,"peripheral",3.43432951651885,2.56567048348115,17,0.162596985872111,0.3,3,2,"parentMean",0,0
11,33,8.57107359618221,2.57107359618221,0.0320860547430835,19.7334867992698,0.0417042103673391,21.3808763989901,6.90700552516986,3.26334330040172,0,18460,3360,540,13,"CB","CB_bar_parentMean","bridge_bar","mean of the selected elite parents",1,8101,0,"peripheral",3.43432951651885,2.56567048348115,17,0.162596985872111,0.3,3,2,"parentMean",0,0
12,36,8.6754389142372,2.6754389142372,0.0370864549650166,22.808820696213,0.0389965471957136,19.9927141225031,7.09008895115504,3.24334404169058,2,20160,3660,590,14,"CB","CB_bar_parentMean","bridge_bar","mean of the selected elite parents",1,8101,0,"peripheral",3.43432951651885,2.56567048348115,17,0.162596985872111,0.3,3,2,"parentMean",0,0
13,39,8.77241158504834,2.77241158504834,0.0375325113191196,23.0831531825814,0.0335847380872288,17.2181927822294,7.22062358342223,3.2398056542957,0,21860,3960,640,15,"CB","CB_bar_parentMean","bridge_bar","mean of the selected elite parents",1,8101,0,"peripheral",3.43432951651885,2.56567048348115,17,0.162596985872111,0.3,3,2,"parentMean",0,0
14,42,8.91809037659206,2.91809037659206,0.0264727753860129,16.2812214777676,0.0306059776365729,15.6910446008661,7.36111385377825,3.24431899578068,1,23560,4260,690,16,"CB","CB_bar_parentMean","bridge_bar","mean of the selected elite parents",1,8101,0,"peripheral",3.43432951651885,2.56567048348115,17,0.162596985872111,0.3,3,2,"parentMean",0,0
15,45,9.06890577884785,3.06890577884785,0.022765862570509,14.0014050373696,0.0208042148437892,10.6658858238795,7.29989501209457,3.2024931020727,0,25260,4560,740,17,"CB","CB_bar_parentMean","bridge_bar","mean of the selected elite parents",1,8101,0,"peripheral",3.43432951651885,2.56567048348115,17,0.162596985872111,0.3,3,2,"parentMean",0,0
16,48,9.13305624337079,3.13305624337079,0.0231463341631565,14.2354017443854,0.019237235550659,9.86252831414401,7.43369005149825,3.27371689959049,0,26960,4860,790,18,"CB","CB_bar_parentMean","bridge_bar","mean of the selected elite parents",1,8101,0,"peripheral",3.43432951651885,2.56567048348115,17,0.162596985872111,0.3,3,2,"parentMean",0,0
17,51,9.18252121671983,3.18252121671983,0.0209312890266815,12.8731101098914,0.0154104706992832,7.90062601280361,7.51634800330717,3.27752304801162,1,28660,5160,840,19,"CB","CB_bar_parentMean","bridge_bar","mean of the selected elite parents",1,8101,0,"peripheral",3.43432951651885,2.56567048348115,17,0.162596985872111,0.3,3,2,"parentMean",0,0
18,54,9.24444368819946,3.24444368819946,0.0281651517178301,17.3220626242008,0.0154999194988291,7.94648454148171,7.67863930627339,3.22074145614654,0,30360,5460,890,20,"CB","CB_bar_parentMean","bridge_bar","mean of the selected elite parents",1,8101,0,"peripheral",3.43432951651885,2.56567048348115,17,0.162596985872111,0.3,3,2,"parentMean",0,0
19,57,9.62892089759189,3.62892089759189,0.0205095818480097,12.613752793758,0.0190963825155183,9.79031590901177,7.68160532984036,3.3231690265628,2,32060,5760,940,22,"CB","CB_bar_parentMean","bridge_bar","mean of the selected elite parents",1,8101,0,"peripheral",3.43432951651885,2.56567048348115,17,0.162596985872111,0.3,3,2,"parentMean",0,0
20,60,9.77832791689715,3.77832791689715,0.0196400370105859,12.0789674576339,0.0203987933683434,10.4580347129329,7.9414739333586,3.39825838837934,1,33760,6060,990,23,"CB","CB_bar_parentMean","bridge_bar","mean of the selected elite parents",1,8101,0,"peripheral",3.43432951651885,2.56567048348115,17,0.162596985872111,0.3,3,2,"parentMean",0,0
1,3,6.12368275145102,0.123682751451021,0.178093790006545,109.530806522221,0.186620776060099,95.6765686552711,5.35035045912058,4.02935358818042,0,1460,360,40,0,"CB","CB_donorImp1","donor_quality","donors pre-improved one cycle",1,8101,1,"peripheral",4.01456649593302,1.98543350406698,17,0.162596985872111,0.3,3,2,"poolMean",0,0
2,6,6.46821721241469,0.468217212414693,0.115661339464279,71.1337537063883,0.147275890463913,75.5052687204507,6.05939767210383,4.0771392002437,13,3160,660,90,2,"CB","CB_donorImp1","donor_quality","donors pre-improved one cycle",1,8101,1,"peripheral",4.01456649593302,1.98543350406698,17,0.162596985872111,0.3,3,2,"poolMean",0,0
3,9,6.61632978368542,0.616329783685421,0.183480737544029,112.843873802399,0.153502358009583,78.697448402638,6.24119684218833,4.10539063202652,129,4860,960,140,4,"CB","CB_donorImp1","donor_quality","donors pre-improved one cycle",1,8101,1,"peripheral",4.01456649593302,1.98543350406698,17,0.162596985872111,0.3,3,2,"poolMean",0,0
4,12,7.21757134730986,1.21757134730986,0.105254012323493,64.7330648590741,0.106258737589726,54.4766323281812,6.43831753799633,4.00243898869586,50,6560,1260,190,6,"CB","CB_donorImp1","donor_quality","donors pre-improved one cycle",1,8101,1,"peripheral",4.01456649593302,1.98543350406698,17,0.162596985872111,0.3,3,2,"poolMean",0,0
5,15,7.56217131912603,1.56217131912603,0.0591669162658614,36.3886919234767,0.0835083233555176,42.8129707821907,6.64996427138041,4.07544452671204,36,8260,1560,240,8,"CB","CB_donorImp1","donor_quality","donors pre-improved one cycle",1,8101,1,"peripheral",4.01456649593302,1.98543350406698,17,0.162596985872111,0.3,3,2,"poolMean",0,0
6,18,7.8386804220695,1.8386804220695,0.0686926470552819,42.2471835420808,0.0701410111002962,35.9598293703724,6.95488199202943,4.10688998581509,35,9960,1860,290,10,"CB","CB_donorImp1","donor_quality","donors pre-improved one cycle",1,8101,1,"peripheral",4.01456649593302,1.98543350406698,17,0.162596985872111,0.3,3,2,"poolMean",0,0
7,21,8.0352316232199,2.0352316232199,0.0562194023410866,34.5759191288487,0.0584877178412122,29.985429648641,7.14260926108902,4.01970195891542,161,11660,2160,340,12,"CB","CB_donorImp1","donor_quality","donors pre-improved one cycle",1,8101,1,"peripheral",4.01456649593302,1.98543350406698,17,0.162596985872111,0.3,3,2,"poolMean",0,0
8,24,8.44131044985554,2.44131044985554,0.0471400001327849,28.9919274210054,0.0522973863404282,26.81177616087,7.29593148977552,4.05555493890241,107,13360,2460,390,14,"CB","CB_donorImp1","donor_quality","donors pre-improved one cycle",1,8101,1,"peripheral",4.01456649593302,1.98543350406698,17,0.162596985872111,0.3,3,2,"poolMean",0,0
9,27,8.65257816053551,2.65257816053551,0.0327803881210834,20.1605140127668,0.0366226405366002,18.7756618293611,7.44584582220145,4.0221578239927,110,15060,2760,440,16,"CB","CB_donorImp1","donor_quality","donors pre-improved one cycle",1,8101,1,"peripheral",4.01456649593302,1.98543350406698,17,0.162596985872111,0.3,3,2,"poolMean",0,0
10,30,8.759598747419,2.759598747419,0.0188017054589799,11.5633788401023,0.0295587742843779,15.1541653447749,7.43468586981774,4.04668739412288,31,16760,3060,490,18,"CB","CB_donorImp1","donor_quality","donors pre-improved one cycle",1,8101,1,"peripheral",4.01456649593302,1.98543350406698,17,0.162596985872111,0.3,3,2,"poolMean",0,0
11,33,8.86229152809179,2.86229152809179,0.0149346984786712,9.18510167858703,0.0279332358174964,14.3207857714401,7.48632899072788,4.01551082852068,28,18460,3360,540,20,"CB","CB_donorImp1","donor_quality","donors pre-improved one cycle",1,8101,1,"peripheral",4.01456649593302,1.98543350406698,17,0.162596985872111,0.3,3,2,"poolMean",0,0
12,36,8.93729072947917,2.93729072947917,0.0111350186579212,6.84823190183814,0.0240933131841572,12.3521377504861,7.60318307927847,4.15278777851604,50,20160,3660,590,22,"CB","CB_donorImp1","donor_quality","donors pre-improved one cycle",1,8101,1,"peripheral",4.01456649593302,1.98543350406698,17,0.162596985872111,0.3,3,2,"poolMean",0,0
13,39,8.97315349291259,2.97315349291259,0.0121575037776004,7.4770781957562,0.0206034917952229,10.5629793150637,7.50855365115742,4.11307744628722,30,21860,3960,640,23,"CB","CB_donorImp1","donor_quality","donors pre-improved one cycle",1,8101,1,"peripheral",4.01456649593302,1.98543350406698,17,0.162596985872111,0.3,3,2,"poolMean",0,0
14,42,9.0176012957886,3.0176012957886,0.0082481976685773,5.0727863277028,0.0175339321592395,8.9892802904758,7.52996641459419,4.1034845343496,23,23560,4260,690,25,"CB","CB_donorImp1","donor_quality","donors pre-improved one cycle",1,8101,1,"peripheral",4.01456649593302,1.98543350406698,17,0.162596985872111,0.3,3,2,"poolMean",0,0
15,45,9.03019500049451,3.03019500049451,0.00924827521693031,5.68785157198697,0.0186469364461687,9.55989430955857,7.53426164393175,4.16561883250887,0,25260,4560,740,27,"CB","CB_donorImp1","donor_quality","donors pre-improved one cycle",1,8101,1,"peripheral",4.01456649593302,1.98543350406698,17,0.162596985872111,0.3,3,2,"poolMean",0,0
16,48,9.09392867473463,3.09392867473463,0.017538237660817,10.7863239695055,0.0295249841340345,15.1368418414252,7.80199008203747,4.13653434008594,20,26960,4860,790,29,"CB","CB_donorImp1","donor_quality","donors pre-improved one cycle",1,8101,1,"peripheral",4.01456649593302,1.98543350406698,17,0.162596985872111,0.3,3,2,"poolMean",0,0
17,51,9.10157924249449,3.10157924249449,0.0226570097992439,13.9344586726008,0.0363781869053634,18.6503355654486,7.90192965240648,4.16000162473997,53,28660,5160,840,31,"CB","CB_donorImp1","donor_quality","donors pre-improved one cycle",1,8101,1,"peripheral",4.01456649593302,1.98543350406698,17,0.162596985872111,0.3,3,2,"poolMean",0,0
18,54,9.32210223210009,3.32210223210009,0.0283904171847611,17.4606048399269,0.0409616540276619,21.0001832944311,7.97093775751176,4.11971583965258,46,30360,5460,890,33,"CB","CB_donorImp1","donor_quality","donors pre-improved one cycle",1,8101,1,"peripheral",4.01456649593302,1.98543350406698,17,0.162596985872111,0.3,3,2,"poolMean",0,0
19,57,9.51160211975658,3.51160211975658,0.0378194325979092,23.2596148047023,0.0412064869488052,21.1257040123457,8.05254984326407,4.13447461400843,45,32060,5760,940,35,"CB","CB_donorImp1","donor_quality","donors pre-improved one cycle",1,8101,1,"peripheral",4.01456649593302,1.98543350406698,17,0.162596985872111,0.3,3,2,"poolMean",0,0
20,60,9.72040667068428,3.72040667068428,0.0377527820388727,23.2186235411318,0.0452056334547603,23.1759827825737,8.29868314133237,4.18323766728564,38,33760,6060,990,37,"CB","CB_donorImp1","donor_quality","donors pre-improved one cycle",1,8101,1,"peripheral",4.01456649593302,1.98543350406698,17,0.162596985872111,0.3,3,2,"poolMean",0,0
1,3,6.12368275145102,0.123682751451021,0.178093790006545,109.530806522221,0.186620776060099,95.6765686552711,5.79006698367983,4.6863856502999,0,1460,360,40,0,"CB","CB_donorImp2","donor_quality","donors pre-improved two cycles",1,8101,2,"peripheral",4.57321849565928,1.42678150434072,17,0.162596985872111,0.3,3,2,"poolMean",0,0
2,6,6.57994189372966,0.579941893729658,0.115146190975959,70.8169283448626,0.146183984295925,74.9454712656752,6.15194293335854,4.69148755357973,23,3160,660,90,2,"CB","CB_donorImp2","donor_quality","donors pre-improved two cycles",1,8101,2,"peripheral",4.57321849565928,1.42678150434072,17,0.162596985872111,0.3,3,2,"poolMean",0,0
3,9,6.71208915118482,0.71208915118482,0.131960302583996,81.1579020829995,0.148419324705522,76.0914835408457,6.41402656779622,4.77305463039152,128,4860,960,140,4,"CB","CB_donorImp2","donor_quality","donors pre-improved two cycles",1,8101,2,"peripheral",4.57321849565928,1.42678150434072,17,0.162596985872111,0.3,3,2,"poolMean",0,0
4,12,7.05367896019181,1.05367896019181,0.12473136909145,76.7119811123414,0.130246998547393,66.7749119993456,6.96320965988413,4.84057301312582,94,6560,1260,190,6,"CB","CB_donorImp2","donor_quality","donors pre-improved two cycles",1,8101,2,"peripheral",4.57321849565928,1.42678150434072,17,0.162596985872111,0.3,3,2,"poolMean",0,0
5,15,7.80893932489613,1.80893932489613,0.102808758541613,63.2291908673364,0.112792570574464,57.8263918423364,7.21280869008867,4.85230983983754,32,8260,1560,240,8,"CB","CB_donorImp2","donor_quality","donors pre-improved two cycles",1,8101,2,"peripheral",4.57321849565928,1.42678150434072,17,0.162596985872111,0.3,3,2,"poolMean",0,0
6,18,8.25024973319361,2.25024973319361,0.0624940649727247,38.43494677194,0.0976602012795404,50.0683426029721,7.54499620585298,4.83069292202572,111,9960,1860,290,10,"CB","CB_donorImp2","donor_quality","donors pre-improved two cycles",1,8101,2,"peripheral",4.57321849565928,1.42678150434072,17,0.162596985872111,0.3,3,2,"poolMean",0,0
7,21,8.54152938497764,2.54152938497764,0.0668451608852527,41.1109471228631,0.078237823900636,40.1108959457847,7.81235674396187,4.70733635160726,153,11660,2160,340,12,"CB","CB_donorImp2","donor_quality","donors pre-improved two cycles",1,8101,2,"peripheral",4.57321849565928,1.42678150434072,17,0.162596985872111,0.3,3,2,"poolMean",0,0
8,24,8.75606550399542,2.75606550399542,0.0771903024925112,47.4733907756595,0.0670705920005867,34.3856897167081,7.96096499465639,4.76070832803883,113,13360,2460,390,14,"CB","CB_donorImp2","donor_quality","donors pre-improved two cycles",1,8101,2,"peripheral",4.57321849565928,1.42678150434072,17,0.162596985872111,0.3,3,2,"poolMean",0,0
9,27,9.27437324748321,3.27437324748321,0.0321444638961027,19.7694094534972,0.0441256411281868,22.6222933051101,8.02966500378067,4.80292630062016,112,15060,2760,440,16,"CB","CB_donorImp2","donor_quality","donors pre-improved two cycles",1,8101,2,"peripheral",4.57321849565928,1.42678150434072,17,0.162596985872111,0.3,3,2,"poolMean",0,0
10,30,9.38283590222436,3.38283590222436,0.0199554367171487,12.2729438126513,0.0348757405652172,17.8800627509815,8.13448257892469,4.85559218844471,23,16760,3060,490,18,"CB","CB_donorImp2","donor_quality","donors pre-improved two cycles",1,8101,2,"peripheral",4.57321849565928,1.42678150434072,17,0.162596985872111,0.3,3,2,"poolMean",0,0
11,33,9.52315202933808,3.52315202933808,0.0259826065517047,15.9797590418687,0.0282061326974782,14.4606942940849,8.17987332400613,4.91168155389318,36,18460,3360,540,20,"CB","CB_donorImp2","donor_quality","donors pre-improved two cycles",1,8101,2,"peripheral",4.57321849565928,1.42678150434072,17,0.162596985872111,0.3,3,2,"poolMean",0,0
12,36,9.62428543236494,3.62428543236494,0.0272705728255279,16.7718809049617,0.0241250759277194,12.368421844783,8.289612025821,4.76859803676532,54,20160,3660,590,22,"CB","CB_donorImp2","donor_quality","donors pre-improved two cycles",1,8101,2,"peripheral",4.57321849565928,1.42678150434072,17,0.162596985872111,0.3,3,2,"poolMean",0,0
13,39,9.62431373131172,3.62431373131172,0.0219831082814852,13.5199974117453,0.0214609539948073,11.0025822507059,8.09680200383398,4.82366589313674,28,21860,3960,640,23,"CB","CB_donorImp2","donor_quality","donors pre-improved two cycles",1,8101,2,"peripheral",4.57321849565928,1.42678150434072,17,0.162596985872111,0.3,3,2,"poolMean",0,0
14,42,9.69187335452187,3.69187335452187,0.023854786103336,14.6711121214133,0.0215264389639292,11.0361550247365,8.41037249182949,4.92230715192496,38,23560,4260,690,25,"CB","CB_donorImp2","donor_quality","donors pre-improved two cycles",1,8101,2,"peripheral",4.57321849565928,1.42678150434072,17,0.162596985872111,0.3,3,2,"poolMean",0,0
15,45,9.75464028491566,3.75464028491566,0.022429483834672,13.7945262111523,0.0186595892261974,9.56638112524248,8.28760262740419,4.98303291909434,1,25260,4560,740,26,"CB","CB_donorImp2","donor_quality","donors pre-improved two cycles",1,8101,2,"peripheral",4.57321849565928,1.42678150434072,17,0.162596985872111,0.3,3,2,"poolMean",0,0
16,48,9.87308260325471,3.87308260325471,0.0157669210254272,9.69693315091864,0.0151795552483974,7.78224049080191,8.6011381644081,4.93736944413992,34,26960,4860,790,28,"CB","CB_donorImp2","donor_quality","donors pre-improved two cycles",1,8101,2,"peripheral",4.57321849565928,1.42678150434072,17,0.162596985872111,0.3,3,2,"poolMean",0,0
17,51,10.0515462367027,4.05154623670272,0.0133872776677179,8.23341072155389,0.0135431168553793,6.94327275331219,8.76351562323582,4.9283632244117,58,28660,5160,840,30,"CB","CB_donorImp2","donor_quality","donors pre-improved two cycles",1,8101,2,"peripheral",4.57321849565928,1.42678150434072,17,0.162596985872111,0.3,3,2,"poolMean",0,0
18,54,10.2528846865949,4.25288468659493,0.0324823388072387,19.9772084537824,0.0272062351795099,13.9480677497856,8.86238962850028,4.92809612793997,77,30360,5460,890,32,"CB","CB_donorImp2","donor_quality","donors pre-improved two cycles",1,8101,2,"peripheral",4.57321849565928,1.42678150434072,17,0.162596985872111,0.3,3,2,"poolMean",0,0
19,57,10.3843175568074,4.38431755680739,0.0317850335068731,19.5483534558711,0.0323965496619598,16.6090334279192,8.97544887185921,4.96133923103536,46,32060,5760,940,34,"CB","CB_donorImp2","donor_quality","donors pre-improved two cycles",1,8101,2,"peripheral",4.57321849565928,1.42678150434072,17,0.162596985872111,0.3,3,2,"poolMean",0,0
20,60,10.5784743935345,4.57847439353449,0.0321924079070415,19.7988958616749,0.0299328344852337,15.3459381861699,8.98078426820152,4.9222066651811,36,33760,6060,990,36,"CB","CB_donorImp2","donor_quality","donors pre-improved two cycles",1,8101,2,"peripheral",4.57321849565928,1.42678150434072,17,0.162596985872111,0.3,3,2,"poolMean",0,0
1,3,6.12368275145102,0.123682751451021,0.178093790006545,109.530806522221,0.186620776060099,95.6765686552711,5.98182291978582,5.02932085968979,0,1460,360,40,0,"CB","CB_donorImp3","donor_quality","donors pre-improved three cycles",1,8101,3,"peripheral",5.0579947537175,0.942005246282503,17,0.162596985872111,0.3,3,2,"poolMean",0,0
2,6,6.51107106703165,0.511071067031654,0.134229485564885,82.5534894419643,0.146917795571076,75.3216809585573,6.44134728859464,4.9755860238719,27,3160,660,90,2,"CB","CB_donorImp3","donor_quality","donors pre-improved three cycles",1,8101,3,"peripheral",5.0579947537175,0.942005246282503,17,0.162596985872111,0.3,3,2,"poolMean",0,0
3,9,6.89171360697456,0.891713606974564,0.146500731878366,90.1005212935466,0.147420863861808,75.5795935493881,6.90260195289602,4.92993920399017,146,4860,960,140,4,"CB","CB_donorImp3","donor_quality","donors pre-improved three cycles",1,8101,3,"peripheral",5.0579947537175,0.942005246282503,17,0.162596985872111,0.3,3,2,"poolMean",0,0
4,12,7.36642552413675,1.36642552413675,0.112883669809644,69.4254381187799,0.119490097414067,61.2600737721742,7.08067424950789,4.9196458271597,86,6560,1260,190,6,"CB","CB_donorImp3","donor_quality","donors pre-improved three cycles",1,8101,3,"peripheral",5.0579947537175,0.942005246282503,17,0.162596985872111,0.3,3,2,"poolMean",0,0
5,15,7.8652706269634,1.8652706269634,0.0795422413467304,48.9198744491448,0.106773973305195,54.7407829031892,7.05599072027894,4.91886779505469,27,8260,1560,240,8,"CB","CB_donorImp3","donor_quality","donors pre-improved three cycles",1,8101,3,"peripheral",5.0579947537175,0.942005246282503,17,0.162596985872111,0.3,3,2,"poolMean",0,0
6,18,8.11772850959458,2.11772850959458,0.0691221203338664,42.5113171459609,0.0879137488237039,45.0715402789057,7.3798791984228,4.954226878868,72,9960,1860,290,10,"CB","CB_donorImp3","donor_quality","donors pre-improved three cycles",1,8101,3,"peripheral",5.0579947537175,0.942005246282503,17,0.162596985872111,0.3,3,2,"poolMean",0,0
7,21,8.2949224589735,2.2949224589735,0.092391682738557,56.8225064216299,0.0879406338437762,45.0853236663883,7.5635019930547,4.94747786589793,167,11660,2160,340,12,"CB","CB_donorImp3","donor_quality","donors pre-improved three cycles",1,8101,3,"peripheral",5.0579947537175,0.942005246282503,17,0.162596985872111,0.3,3,2,"poolMean",0,0
8,24,8.63192498759124,2.63192498759124,0.0509639331792987,31.3437133572598,0.0674832210250415,34.5972359872835,7.62090271231373,5.02734036660122,54,13360,2460,390,14,"CB","CB_donorImp3","donor_quality","donors pre-improved three cycles",1,8101,3,"peripheral",5.0579947537175,0.942005246282503,17,0.162596985872111,0.3,3,2,"poolMean",0,0
9,27,8.77461134664289,2.77461134664289,0.0561510581846634,34.5338862731615,0.0581637469368924,29.819336541947,7.92567236313677,5.06357623985837,106,15060,2760,440,16,"CB","CB_donorImp3","donor_quality","donors pre-improved three cycles",1,8101,3,"peripheral",5.0579947537175,0.942005246282503,17,0.162596985872111,0.3,3,2,"poolMean",0,0
10,30,9.06073074175199,3.06073074175199,0.0535612162853698,32.9410880515939,0.0490521292785491,25.1480007407909,8.14115535499427,5.16281372422627,61,16760,3060,490,18,"CB","CB_donorImp3","donor_quality","donors pre-improved three cycles",1,8101,3,"peripheral",5.0579947537175,0.942005246282503,17,0.162596985872111,0.3,3,2,"poolMean",0,0
11,33,9.38501501082887,3.38501501082887,0.0383015682089002,23.5561366672725,0.0450041080460616,23.0726649204996,8.21336254458794,5.1698363600262,70,18460,3360,540,20,"CB","CB_donorImp3","donor_quality","donors pre-improved three cycles",1,8101,3,"peripheral",5.0579947537175,0.942005246282503,17,0.162596985872111,0.3,3,2,"poolMean",0,0
12,36,9.58161669297809,3.58161669297809,0.0236934662018267,14.5718975507102,0.0445353507559104,22.8323428620415,8.52534223202728,5.21450299496328,59,20160,3660,590,22,"CB","CB_donorImp3","donor_quality","donors pre-improved three cycles",1,8101,3,"peripheral",5.0579947537175,0.942005246282503,17,0.162596985872111,0.3,3,2,"poolMean",0,0
13,39,9.76273394402438,3.76273394402438,0.0217475233587151,13.3751085495646,0.0404944450268338,20.760655011526,8.4349111231982,5.28307263210177,30,21860,3960,640,23,"CB","CB_donorImp3","donor_quality","donors pre-improved three cycles",1,8101,3,"peripheral",5.0579947537175,0.942005246282503,17,0.162596985872111,0.3,3,2,"poolMean",0,0
14,42,9.94945179116198,3.94945179116198,0.013122418725709,8.07051782376233,0.0300418374111737,15.4018217064697,8.66613731601042,5.27511620566272,45,23560,4260,690,25,"CB","CB_donorImp3","donor_quality","donors pre-improved three cycles",1,8101,3,"peripheral",5.0579947537175,0.942005246282503,17,0.162596985872111,0.3,3,2,"poolMean",0,0
15,45,9.98803502954924,3.98803502954924,0.016854678280065,10.3659229534069,0.0281806496729015,14.4476296803697,8.6426056603708,5.27140194156048,0,25260,4560,740,27,"CB","CB_donorImp3","donor_quality","donors pre-improved three cycles",1,8101,3,"peripheral",5.0579947537175,0.942005246282503,17,0.162596985872111,0.3,3,2,"poolMean",0,0
16,48,10.0652911142491,4.06529111424914,0.0162637725928959,10.0025055849977,0.0253611207716698,13.0021161840195,8.91264688061894,5.24075245817991,33,26960,4860,790,29,"CB","CB_donorImp3","donor_quality","donors pre-improved three cycles",1,8101,3,"peripheral",5.0579947537175,0.942005246282503,17,0.162596985872111,0.3,3,2,"poolMean",0,0
17,51,10.186278344604,4.18627834460395,0.0151186254535971,9.29821999621108,0.0229189356803995,11.7500589667751,8.87531197082838,5.30525398234137,47,28660,5160,840,31,"CB","CB_donorImp3","donor_quality","donors pre-improved three cycles",1,8101,3,"peripheral",5.0579947537175,0.942005246282503,17,0.162596985872111,0.3,3,2,"poolMean",0,0
18,54,10.3274565139427,4.32745651394271,0.0135268259237529,8.31923534818305,0.0211829926963111,10.8600773066126,9.04758571125967,5.27149715966244,36,30360,5460,890,33,"CB","CB_donorImp3","donor_quality","donors pre-improved three cycles",1,8101,3,"peripheral",5.0579947537175,0.942005246282503,17,0.162596985872111,0.3,3,2,"poolMean",0,0
19,57,10.4170022583785,4.41700225837848,0.0249316027093561,15.3333732329858,0.0272659393304411,13.9786768192375,8.97980554636437,5.25431474356191,36,32060,5760,940,35,"CB","CB_donorImp3","donor_quality","donors pre-improved three cycles",1,8101,3,"peripheral",5.0579947537175,0.942005246282503,17,0.162596985872111,0.3,3,2,"poolMean",0,0
20,60,10.6449501338997,4.64495013389971,0.0314317117667553,19.3310543846597,0.0233206644159271,11.9560168872004,9.1141331792911,5.32467750715862,7,33760,6060,990,37,"CB","CB_donorImp3","donor_quality","donors pre-improved three cycles",1,8101,3,"peripheral",5.0579947537175,0.942005246282503,17,0.162596985872111,0.3,3,2,"poolMean",0,0
1,3,6.06988291645382,0.0698829164538228,0.159694947362492,98.2151953838176,0.186370759826834,95.5483905616426,NA,NA,0,1260,260,30,0,"GSRS","GSRS_h2_0.15","heritability","h2 = 0.15",1,8101,0,"peripheral",NA,NA,17,0.162596985872111,0.15,3,2,"poolMean",0,0
2,6,6.40159686802129,0.401596868021287,0.152798217126021,93.9735852460407,0.152105211069979,77.9811603884598,NA,NA,0,2460,460,60,0,"GSRS","GSRS_h2_0.15","heritability","h2 = 0.15",1,8101,0,"peripheral",NA,NA,17,0.162596985872111,0.15,3,2,"poolMean",0,0
3,9,6.88604569574067,0.886045695740666,0.176517786374359,108.561536628482,0.138832405633346,71.1764706458925,NA,NA,0,3660,660,90,0,"GSRS","GSRS_h2_0.15","heritability","h2 = 0.15",1,8101,0,"peripheral",NA,NA,17,0.162596985872111,0.15,3,2,"poolMean",0,0
4,12,7.45547468796982,1.45547468796982,0.0847569523706877,52.1270132506345,0.105211823538952,53.939901390878,NA,NA,0,4860,860,120,0,"GSRS","GSRS_h2_0.15","heritability","h2 = 0.15",1,8101,0,"peripheral",NA,NA,17,0.162596985872111,0.15,3,2,"poolMean",0,0
5,15,7.77778124630708,1.77778124630708,0.0880661729147352,54.1622419643146,0.094536300977776,48.4667842555899,NA,NA,0,6060,1060,150,0,"GSRS","GSRS_h2_0.15","heritability","h2 = 0.15",1,8101,0,"peripheral",NA,NA,17,0.162596985872111,0.15,3,2,"poolMean",0,0
6,18,7.97419843300345,1.97419843300345,0.0751047632931312,46.1907475653971,0.077307907326572,39.6341471677524,NA,NA,0,7260,1260,180,0,"GSRS","GSRS_h2_0.15","heritability","h2 = 0.15",1,8101,0,"peripheral",NA,NA,17,0.162596985872111,0.15,3,2,"poolMean",0,0
7,21,8.11333760178317,2.11333760178317,0.0563342161566945,34.6465316405088,0.0641566338221069,32.8917643049301,NA,NA,0,8460,1460,210,0,"GSRS","GSRS_h2_0.15","heritability","h2 = 0.15",1,8101,0,"peripheral",NA,NA,17,0.162596985872111,0.15,3,2,"poolMean",0,0
8,24,8.35809496071159,2.35809496071159,0.0442119430134172,27.1911209031831,0.0545576135119364,27.9705473583581,NA,NA,0,9660,1660,240,0,"GSRS","GSRS_h2_0.15","heritability","h2 = 0.15",1,8101,0,"peripheral",NA,NA,17,0.162596985872111,0.15,3,2,"poolMean",0,0
9,27,8.59048943785859,2.59048943785859,0.0260340616906039,16.0114048553647,0.0350642955574045,17.9767309517904,NA,NA,0,10860,1860,270,0,"GSRS","GSRS_h2_0.15","heritability","h2 = 0.15",1,8101,0,"peripheral",NA,NA,17,0.162596985872111,0.15,3,2,"poolMean",0,0
10,30,8.69244919264912,2.69244919264912,0.0206309101682391,12.6883718400943,0.0261658710706887,13.4146948307273,NA,NA,0,12060,2060,300,0,"GSRS","GSRS_h2_0.15","heritability","h2 = 0.15",1,8101,0,"peripheral",NA,NA,17,0.162596985872111,0.15,3,2,"poolMean",0,0
11,33,8.85507251317181,2.85507251317181,0.0187508770155105,11.5321184552946,0.0226708359449747,11.6228634215048,NA,NA,0,13260,2260,330,0,"GSRS","GSRS_h2_0.15","heritability","h2 = 0.15",1,8101,0,"peripheral",NA,NA,17,0.162596985872111,0.15,3,2,"poolMean",0,0
12,36,8.95615556556594,2.95615556556594,0.0166725783578027,10.2539283052371,0.0156626021104505,8.02988851390334,NA,NA,0,14460,2460,360,0,"GSRS","GSRS_h2_0.15","heritability","h2 = 0.15",1,8101,0,"peripheral",NA,NA,17,0.162596985872111,0.15,3,2,"poolMean",0,0
13,39,9.08303739367509,3.08303739367509,0.011424645479104,7.02635748001502,0.013241695746622,6.78874045516719,NA,NA,0,15660,2660,390,0,"GSRS","GSRS_h2_0.15","heritability","h2 = 0.15",1,8101,0,"peripheral",NA,NA,17,0.162596985872111,0.15,3,2,"poolMean",0,0
14,42,9.10175814860057,3.10175814860057,0.00991185978698192,6.09596772893317,0.0104161751047399,5.34015511870468,NA,NA,0,16860,2860,420,0,"GSRS","GSRS_h2_0.15","heritability","h2 = 0.15",1,8101,0,"peripheral",NA,NA,17,0.162596985872111,0.15,3,2,"poolMean",0,0
15,45,9.12783677648985,3.12783677648985,0.00579440307033226,3.56365958400348,0.00714540962947066,3.66330206859672,NA,NA,0,18060,3060,450,0,"GSRS","GSRS_h2_0.15","heritability","h2 = 0.15",1,8101,0,"peripheral",NA,NA,17,0.162596985872111,0.15,3,2,"poolMean",0,0
16,48,9.14362915609711,3.14362915609711,0.00709313921582879,4.36240510719419,0.00762453017772067,3.90893715273136,NA,NA,0,19260,3260,480,0,"GSRS","GSRS_h2_0.15","heritability","h2 = 0.15",1,8101,0,"peripheral",NA,NA,17,0.162596985872111,0.15,3,2,"poolMean",0,0
17,51,9.11131543842276,3.11131543842276,0.00446367383066949,2.74523774639977,0.00700071570756324,3.58912052115252,NA,NA,0,20460,3460,510,0,"GSRS","GSRS_h2_0.15","heritability","h2 = 0.15",1,8101,0,"peripheral",NA,NA,17,0.162596985872111,0.15,3,2,"poolMean",0,0
18,54,9.10788282407981,3.10788282407981,0.00400854398965967,2.46532490633777,0.00697288226890635,3.57485089929804,NA,NA,0,21660,3660,540,0,"GSRS","GSRS_h2_0.15","heritability","h2 = 0.15",1,8101,0,"peripheral",NA,NA,17,0.162596985872111,0.15,3,2,"poolMean",0,0
19,57,9.09168157257816,3.09168157257816,0.00353705717790268,2.17535224219022,0.00600159263692354,3.07689101980086,NA,NA,0,22860,3860,570,0,"GSRS","GSRS_h2_0.15","heritability","h2 = 0.15",1,8101,0,"peripheral",NA,NA,17,0.162596985872111,0.15,3,2,"poolMean",0,0
20,60,9.08761618988149,3.08761618988149,0.00297008898237002,1.82665685125683,0.00502230666001023,2.57483158150382,NA,NA,0,24060,4060,600,0,"GSRS","GSRS_h2_0.15","heritability","h2 = 0.15",1,8101,0,"peripheral",NA,NA,17,0.162596985872111,0.15,3,2,"poolMean",0,0
1,3,6.06988291645382,0.0698829164538228,0.159694947362492,98.2151953838176,0.186370759826834,95.5483905616426,4.94553545543589,3.47173737420919,0,1460,360,40,0,"CB","CB_h2_0.15","heritability","h2 = 0.15",1,8101,0,"peripheral",3.42615828103791,2.57384171896209,17,0.162596985872111,0.15,3,2,"poolMean",0,0
2,6,6.53991156824758,0.53991156824758,0.160023313813239,98.4171465140834,0.150086082492618,76.9459953975397,5.77401636429336,3.62585749194374,0,3160,660,90,0,"CB","CB_h2_0.15","heritability","h2 = 0.15",1,8101,0,"peripheral",3.42615828103791,2.57384171896209,17,0.162596985872111,0.15,3,2,"poolMean",0,0
3,9,7.01504500528656,1.01504500528656,0.0919262493194414,56.536256700198,0.140510269916103,72.0366765706161,6.29427161584077,3.61361425672517,16,4860,960,140,2,"CB","CB_h2_0.15","heritability","h2 = 0.15",1,8101,0,"peripheral",3.42615828103791,2.57384171896209,17,0.162596985872111,0.15,3,2,"poolMean",0,0
4,12,7.21501261813778,1.21501261813778,0.0946054531541607,58.1840140804157,0.127267843159614,65.2475613419795,6.45347344065668,3.55401357180424,83,6560,1260,190,4,"CB","CB_h2_0.15","heritability","h2 = 0.15",1,8101,0,"peripheral",3.42615828103791,2.57384171896209,17,0.162596985872111,0.15,3,2,"poolMean",0,0
5,15,7.55443224066371,1.55443224066371,0.0964406166181829,59.3126718191672,0.125903575737241,64.5481299686004,6.63286566617625,3.60826932179261,43,8260,1560,240,6,"CB","CB_h2_0.15","heritability","h2 = 0.15",1,8101,0,"peripheral",3.42615828103791,2.57384171896209,17,0.162596985872111,0.15,3,2,"poolMean",0,0
6,18,7.87396194690938,1.87396194690938,0.0681976482777609,41.9427506063372,0.115289210546294,59.1063669379036,6.95452244183599,3.58768262003139,94,9960,1860,290,8,"CB","CB_h2_0.15","heritability","h2 = 0.15",1,8101,0,"peripheral",3.42615828103791,2.57384171896209,17,0.162596985872111,0.15,3,2,"poolMean",0,0
7,21,8.178553691598,2.178553691598,0.0706478099958696,43.4496430649931,0.0995715180054916,51.048234712592,7.15667097638935,3.58778591552433,140,11660,2160,340,10,"CB","CB_h2_0.15","heritability","h2 = 0.15",1,8101,0,"peripheral",3.42615828103791,2.57384171896209,17,0.162596985872111,0.15,3,2,"poolMean",0,0
8,24,8.42801927884017,2.42801927884017,0.0473912913585887,29.1464759352082,0.0846066987330483,43.376084865393,7.12008053807689,3.60386949359931,70,13360,2460,390,12,"CB","CB_h2_0.15","heritability","h2 = 0.15",1,8101,0,"peripheral",3.42615828103791,2.57384171896209,17,0.162596985872111,0.15,3,2,"poolMean",0,0
9,27,8.63543573049425,2.63543573049425,0.0489987340074208,30.1350813759612,0.0664189984751198,34.0516313444795,7.41495704228385,3.57756048581796,98,15060,2760,440,14,"CB","CB_h2_0.15","heritability","h2 = 0.15",1,8101,0,"peripheral",3.42615828103791,2.57384171896209,17,0.162596985872111,0.15,3,2,"poolMean",0,0
10,30,8.80585663230166,2.80585663230166,0.0297107948946754,18.2726603050588,0.047135040995903,24.1651496747674,7.3183473608915,3.57785771700639,34,16760,3060,490,16,"CB","CB_h2_0.15","heritability","h2 = 0.15",1,8101,0,"peripheral",3.42615828103791,2.57384171896209,17,0.162596985872111,0.15,3,2,"poolMean",0,0
11,33,8.88188213270097,2.88188213270097,0.0346333239069226,21.3001020413521,0.0470721342719528,24.1328987131116,7.40906250796916,3.6957126327833,28,18460,3360,540,18,"CB","CB_h2_0.15","heritability","h2 = 0.15",1,8101,0,"peripheral",3.42615828103791,2.57384171896209,17,0.162596985872111,0.15,3,2,"poolMean",0,0
12,36,8.97021314773114,2.97021314773114,0.0297335328239171,18.2866445306088,0.0493238313859933,25.2872967285447,7.53412651492565,3.66738714726741,55,20160,3660,590,20,"CB","CB_h2_0.15","heritability","h2 = 0.15",1,8101,0,"peripheral",3.42615828103791,2.57384171896209,17,0.162596985872111,0.15,3,2,"poolMean",0,0
13,39,9.01106166530791,3.01106166530791,0.0251535554612021,15.4698780707942,0.0397752091225108,20.3919178064191,7.44918553071531,3.72530097003308,31,21860,3960,640,22,"CB","CB_h2_0.15","heritability","h2 = 0.15",1,8101,0,"peripheral",3.42615828103791,2.57384171896209,17,0.162596985872111,0.15,3,2,"poolMean",0,0
14,42,9.100557553514,3.100557553514,0.0291253539242268,17.9126038333423,0.0401818220224416,20.6003797357801,7.73513434837091,3.74191330096203,48,23560,4260,690,24,"CB","CB_h2_0.15","heritability","h2 = 0.15",1,8101,0,"peripheral",3.42615828103791,2.57384171896209,17,0.162596985872111,0.15,3,2,"poolMean",0,0
15,45,9.11219074060681,3.11219074060681,0.0309374616487789,19.0270818876756,0.0399371636014071,20.4749484804216,7.53473911397046,3.77886144575254,0,25260,4560,740,26,"CB","CB_h2_0.15","heritability","h2 = 0.15",1,8101,0,"peripheral",3.42615828103791,2.57384171896209,17,0.162596985872111,0.15,3,2,"poolMean",0,0
16,48,9.19810549273494,3.19810549273494,0.0250334148022139,15.3959894569655,0.0339229303785963,17.3915768966181,7.69537192985405,3.8246846110202,6,26960,4860,790,28,"CB","CB_h2_0.15","heritability","h2 = 0.15",1,8101,0,"peripheral",3.42615828103791,2.57384171896209,17,0.162596985872111,0.15,3,2,"poolMean",0,0
17,51,9.22808290815688,3.22808290815688,0.0230602236673993,14.1824422781964,0.0239886173770834,12.2984623999443,7.64334234170007,3.87188724727149,33,28660,5160,840,30,"CB","CB_h2_0.15","heritability","h2 = 0.15",1,8101,0,"peripheral",3.42615828103791,2.57384171896209,17,0.162596985872111,0.15,3,2,"poolMean",0,0
18,54,9.25527485285091,3.25527485285091,0.0237660623734907,14.6165454703961,0.0278329738982708,14.2693835824619,7.74096011064047,3.71807215853301,24,30360,5460,890,32,"CB","CB_h2_0.15","heritability","h2 = 0.15",1,8101,0,"peripheral",3.42615828103791,2.57384171896209,17,0.162596985872111,0.15,3,2,"poolMean",0,0
19,57,9.37104784011374,3.37104784011374,0.0156406611422326,9.61928110680635,0.0261162082792265,13.3892337562572,7.63581498739934,3.65046143538131,27,32060,5760,940,34,"CB","CB_h2_0.15","heritability","h2 = 0.15",1,8101,0,"peripheral",3.42615828103791,2.57384171896209,17,0.162596985872111,0.15,3,2,"poolMean",0,0
20,60,9.48698657778426,3.48698657778426,0.0247599993295746,15.2278341426632,0.0209854291999701,10.7587906341397,7.75257424327545,3.73427990383204,15,33760,6060,990,36,"CB","CB_h2_0.15","heritability","h2 = 0.15",1,8101,0,"peripheral",3.42615828103791,2.57384171896209,17,0.162596985872111,0.15,3,2,"poolMean",0,0
1,3,6.26021794710061,0.260217947100612,0.14890742445601,91.5806794679034,0.183552858035183,94.1037112503432,NA,NA,0,1260,260,30,0,"GSRS","GSRS_h2_0.50","heritability","h2 = 0.50",1,8101,0,"peripheral",NA,NA,17,0.162596985872111,0.5,3,2,"poolMean",0,0
2,6,6.88166189877472,0.881661898774722,0.126299801799935,77.6765947551293,0.151030386039761,77.4301200757617,NA,NA,0,2460,460,60,0,"GSRS","GSRS_h2_0.50","heritability","h2 = 0.50",1,8101,0,"peripheral",NA,NA,17,0.162596985872111,0.5,3,2,"poolMean",0,0
3,9,7.45110898775265,1.45110898775265,0.0794056547915142,48.8358713204991,0.124572984494014,63.8659636679212,NA,NA,0,3660,660,90,0,"GSRS","GSRS_h2_0.50","heritability","h2 = 0.50",1,8101,0,"peripheral",NA,NA,17,0.162596985872111,0.5,3,2,"poolMean",0,0
4,12,7.83529217150871,1.83529217150871,0.0643123970093703,39.5532528874518,0.094059942805355,48.2225653837669,NA,NA,0,4860,860,120,0,"GSRS","GSRS_h2_0.50","heritability","h2 = 0.50",1,8101,0,"peripheral",NA,NA,17,0.162596985872111,0.5,3,2,"poolMean",0,0
5,15,8.16326390458131,2.16326390458131,0.0546151244158186,33.5892600486306,0.0807628400107917,41.4054188939756,NA,NA,0,6060,1060,150,0,"GSRS","GSRS_h2_0.50","heritability","h2 = 0.50",1,8101,0,"peripheral",NA,NA,17,0.162596985872111,0.5,3,2,"poolMean",0,0
6,18,8.48886700781651,2.48886700781651,0.0551404620776604,33.9123519306997,0.0691877012878526,35.4710873682995,NA,NA,0,7260,1260,180,0,"GSRS","GSRS_h2_0.50","heritability","h2 = 0.50",1,8101,0,"peripheral",NA,NA,17,0.162596985872111,0.5,3,2,"poolMean",0,0
7,21,8.67461282178512,2.67461282178512,0.0603460668783217,37.113890245042,0.0634153841180112,32.511741085105,NA,NA,0,8460,1460,210,0,"GSRS","GSRS_h2_0.50","heritability","h2 = 0.50",1,8101,0,"peripheral",NA,NA,17,0.162596985872111,0.5,3,2,"poolMean",0,0
8,24,8.80870928805711,2.80870928805711,0.0592904890302368,36.4646913423543,0.053093864200254,27.2201137010241,NA,NA,0,9660,1660,240,0,"GSRS","GSRS_h2_0.50","heritability","h2 = 0.50",1,8101,0,"peripheral",NA,NA,17,0.162596985872111,0.5,3,2,"poolMean",0,0
9,27,9.18259259077622,3.18259259077622,0.0271598756095031,16.7038001742944,0.0339258951350932,17.3930968652653,NA,NA,0,10860,1860,270,0,"GSRS","GSRS_h2_0.50","heritability","h2 = 0.50",1,8101,0,"peripheral",NA,NA,17,0.162596985872111,0.5,3,2,"poolMean",0,0
10,30,9.30014066366783,3.30014066366783,0.0230011491860207,14.1461104353509,0.0282612746878206,14.4889644392218,NA,NA,0,12060,2060,300,0,"GSRS","GSRS_h2_0.50","heritability","h2 = 0.50",1,8101,0,"peripheral",NA,NA,17,0.162596985872111,0.5,3,2,"poolMean",0,0
11,33,9.35977765307832,3.35977765307832,0.0224584477714253,13.8123395405926,0.0233832152923021,11.9880854132471,NA,NA,0,13260,2260,330,0,"GSRS","GSRS_h2_0.50","heritability","h2 = 0.50",1,8101,0,"peripheral",NA,NA,17,0.162596985872111,0.5,3,2,"poolMean",0,0
12,36,9.49225661898443,3.49225661898443,0.0169104241474113,10.4002076402031,0.0196732480540463,10.0860628052955,NA,NA,0,14460,2460,360,0,"GSRS","GSRS_h2_0.50","heritability","h2 = 0.50",1,8101,0,"peripheral",NA,NA,17,0.162596985872111,0.5,3,2,"poolMean",0,0
13,39,9.65529821430929,3.65529821430929,0.0120511119756028,7.41164537027853,0.014692159155425,7.53236270797368,NA,NA,0,15660,2660,390,0,"GSRS","GSRS_h2_0.50","heritability","h2 = 0.50",1,8101,0,"peripheral",NA,NA,17,0.162596985872111,0.5,3,2,"poolMean",0,0
14,42,9.77255877067931,3.77255877067931,0.00984731566315113,6.05627195998358,0.011366754226465,5.8274971527594,NA,NA,0,16860,2860,420,0,"GSRS","GSRS_h2_0.50","heritability","h2 = 0.50",1,8101,0,"peripheral",NA,NA,17,0.162596985872111,0.5,3,2,"poolMean",0,0
15,45,9.82075763103145,3.82075763103145,0.00930260921007941,5.72126793137253,0.00884514833067871,4.53472255015009,NA,NA,0,18060,3060,450,0,"GSRS","GSRS_h2_0.50","heritability","h2 = 0.50",1,8101,0,"peripheral",NA,NA,17,0.162596985872111,0.5,3,2,"poolMean",0,0
16,48,9.94325116330828,3.94325116330828,0.00707906134111795,4.35374696717067,0.00672119394505036,3.44581555979552,NA,NA,0,19260,3260,480,0,"GSRS","GSRS_h2_0.50","heritability","h2 = 0.50",1,8101,0,"peripheral",NA,NA,17,0.162596985872111,0.5,3,2,"poolMean",0,0
17,51,9.92688491720556,3.92688491720556,0.0104275690263128,6.41313796217262,0.00701414854285743,3.59600725485598,NA,NA,0,20460,3460,510,0,"GSRS","GSRS_h2_0.50","heritability","h2 = 0.50",1,8101,0,"peripheral",NA,NA,17,0.162596985872111,0.5,3,2,"poolMean",0,0
18,54,10.0157013528567,4.0157013528567,0.00527037018650387,3.24137016331239,0.00475129965584784,2.43589195866434,NA,NA,0,21660,3660,540,0,"GSRS","GSRS_h2_0.50","heritability","h2 = 0.50",1,8101,0,"peripheral",NA,NA,17,0.162596985872111,0.5,3,2,"poolMean",0,0
19,57,10.0424479946514,4.04244799465139,0.0043264689061282,2.66085430976632,0.00380294951215052,1.9496926750247,NA,NA,0,22860,3860,570,0,"GSRS","GSRS_h2_0.50","heritability","h2 = 0.50",1,8101,0,"peripheral",NA,NA,17,0.162596985872111,0.5,3,2,"poolMean",0,0
20,60,10.0389553756677,4.03895537566771,0.00486231350046954,2.99040813972649,0.00288052006893121,1.47678239238074,NA,NA,0,24060,4060,600,0,"GSRS","GSRS_h2_0.50","heritability","h2 = 0.50",1,8101,0,"peripheral",NA,NA,17,0.162596985872111,0.5,3,2,"poolMean",0,0
1,3,6.26021794710061,0.260217947100612,0.14890742445601,91.5806794679034,0.183552858035183,94.1037112503432,5.33044205699446,3.47173737420919,0,1460,360,40,0,"CB","CB_h2_0.50","heritability","h2 = 0.50",1,8101,0,"peripheral",3.42615828103791,2.57384171896209,17,0.162596985872111,0.5,3,2,"poolMean",0,0
2,6,6.81378023354699,0.813780233546987,0.108740956190999,66.8775965358472,0.146582386376212,75.1497236795368,6.08637526035796,3.62585749194374,5,3160,660,90,2,"CB","CB_h2_0.50","heritability","h2 = 0.50",1,8101,0,"peripheral",3.42615828103791,2.57384171896209,17,0.162596985872111,0.5,3,2,"poolMean",0,0
3,9,7.13444822871401,1.13444822871401,0.102641505194047,63.1263271231723,0.144708246369277,74.1888912961939,6.47025857270085,3.61361425672517,131,4860,960,140,4,"CB","CB_h2_0.50","heritability","h2 = 0.50",1,8101,0,"peripheral",3.42615828103791,2.57384171896209,17,0.162596985872111,0.5,3,2,"poolMean",0,0
4,12,7.57455617048926,1.57455617048926,0.101140758050996,62.2033412910537,0.11884417494065,60.9289228297197,6.67627395852955,3.55401357180424,65,6560,1260,190,6,"CB","CB_h2_0.50","heritability","h2 = 0.50",1,8101,0,"peripheral",3.42615828103791,2.57384171896209,17,0.162596985872111,0.5,3,2,"poolMean",0,0
5,15,7.92415528059172,1.92415528059172,0.0886087976870377,54.4959657227176,0.114432801081717,58.6673037174815,6.81388680821933,3.60826932179261,49,8260,1560,240,8,"CB","CB_h2_0.50","heritability","h2 = 0.50",1,8101,0,"peripheral",3.42615828103791,2.57384171896209,17,0.162596985872111,0.5,3,2,"poolMean",0,0
6,18,8.23325841399896,2.23325841399896,0.0821704523477147,50.5362703416563,0.102139413004313,52.3647407701766,7.29895977311978,3.58768262003139,92,9960,1860,290,10,"CB","CB_h2_0.50","heritability","h2 = 0.50",1,8101,0,"peripheral",3.42615828103791,2.57384171896209,17,0.162596985872111,0.5,3,2,"poolMean",0,0
7,21,8.68619800027979,2.68619800027979,0.0547365093887237,33.6639139373568,0.077487856952155,39.7264035770872,7.35462919881825,3.58778591552433,102,11660,2160,340,12,"CB","CB_h2_0.50","heritability","h2 = 0.50",1,8101,0,"peripheral",3.42615828103791,2.57384171896209,17,0.162596985872111,0.5,3,2,"poolMean",0,0
8,24,9.00705529329792,3.00705529329792,0.0567074211904071,34.8760592862464,0.0571349448269399,29.2918912178858,7.60421468202728,3.60386949359931,65,13360,2460,390,14,"CB","CB_h2_0.50","heritability","h2 = 0.50",1,8101,0,"peripheral",3.42615828103791,2.57384171896209,17,0.162596985872111,0.5,3,2,"poolMean",0,0
9,27,9.39298378808713,3.39298378808713,0.024251963656652,14.9153832874412,0.0461661576865564,23.6684234665568,7.9693457887718,3.57756048581796,74,15060,2760,440,16,"CB","CB_h2_0.50","heritability","h2 = 0.50",1,8101,0,"peripheral",3.42615828103791,2.57384171896209,17,0.162596985872111,0.5,3,2,"poolMean",0,0
10,30,9.50650401557774,3.50650401557774,0.0232564349791453,14.3031156785633,0.0421023110837433,21.5849743098921,7.81246529543792,3.57785771700639,15,16760,3060,490,17,"CB","CB_h2_0.50","heritability","h2 = 0.50",1,8101,0,"peripheral",3.42615828103791,2.57384171896209,17,0.162596985872111,0.5,3,2,"poolMean",0,0
11,33,9.63434619804545,3.63434619804545,0.0272604678252939,16.7656661524681,0.0346340339779254,17.7561448390444,8.04923720214876,3.6957126327833,26,18460,3360,540,19,"CB","CB_h2_0.50","heritability","h2 = 0.50",1,8101,0,"peripheral",3.42615828103791,2.57384171896209,17,0.162596985872111,0.5,3,2,"poolMean",0,0
12,36,9.84203826441224,3.84203826441224,0.0192827145774603,11.8592078900078,0.0223152718929677,11.440573168772,8.22898075545476,3.66738714726741,22,20160,3660,590,21,"CB","CB_h2_0.50","heritability","h2 = 0.50",1,8101,0,"peripheral",3.42615828103791,2.57384171896209,17,0.162596985872111,0.5,3,2,"poolMean",0,0
13,39,9.92928644508742,3.92928644508742,0.0133161780380132,8.18968320143827,0.0192773296872805,9.88308373940867,7.91936907827595,3.72530097003308,30,21860,3960,640,22,"CB","CB_h2_0.50","heritability","h2 = 0.50",1,8101,0,"peripheral",3.42615828103791,2.57384171896209,17,0.162596985872111,0.5,3,2,"poolMean",0,0
14,42,9.90724243547249,3.90724243547249,0.011255770625497,6.92249648117717,0.0133020436934649,6.81967958531775,8.20480138196003,3.74191330096203,39,23560,4260,690,24,"CB","CB_h2_0.50","heritability","h2 = 0.50",1,8101,0,"peripheral",3.42615828103791,2.57384171896209,17,0.162596985872111,0.5,3,2,"poolMean",0,0
15,45,9.96200470146996,3.96200470146996,0.0083750674731116,5.1508134841435,0.0134663868937007,6.90393490679025,8.12467785381189,3.77886144575254,0,25260,4560,740,26,"CB","CB_h2_0.50","heritability","h2 = 0.50",1,8101,0,"peripheral",3.42615828103791,2.57384171896209,17,0.162596985872111,0.5,3,2,"poolMean",0,0
16,48,10.0198195338302,4.0198195338302,0.00787552996470605,4.84358914924811,0.0116210469616796,5.95786771949339,8.20781268148655,3.8246846110202,28,26960,4860,790,28,"CB","CB_h2_0.50","heritability","h2 = 0.50",1,8101,0,"peripheral",3.42615828103791,2.57384171896209,17,0.162596985872111,0.5,3,2,"poolMean",0,0
17,51,10.0871606913216,4.08716069132162,0.00390039629599062,2.39881217666509,0.00709726113942864,3.63861734479261,8.26516874280809,3.87188724727149,24,28660,5160,840,30,"CB","CB_h2_0.50","heritability","h2 = 0.50",1,8101,0,"peripheral",3.42615828103791,2.57384171896209,17,0.162596985872111,0.5,3,2,"poolMean",0,0
18,54,10.0793664660934,4.07936646609338,0.00597076707770802,3.67212654384889,0.00958088442554505,4.91191905784209,8.35157966222298,3.71807215853301,12,30360,5460,890,32,"CB","CB_h2_0.50","heritability","h2 = 0.50",1,8101,0,"peripheral",3.42615828103791,2.57384171896209,17,0.162596985872111,0.5,3,2,"poolMean",0,0
19,57,10.0654654786007,4.06546547860065,0.00727973428208619,4.47716434781392,0.00790919868183248,4.05488074086045,8.1362106832688,3.65046143538131,6,32060,5760,940,34,"CB","CB_h2_0.50","heritability","h2 = 0.50",1,8101,0,"peripheral",3.42615828103791,2.57384171896209,17,0.162596985872111,0.5,3,2,"poolMean",0,0
20,60,10.1151354398487,4.11513543984871,0.00781176640844092,4.80437344305089,0.00548680160389372,2.81296842417874,8.21540534741286,3.73427990383204,14,33760,6060,990,36,"CB","CB_h2_0.50","heritability","h2 = 0.50",1,8101,0,"peripheral",3.42615828103791,2.57384171896209,17,0.162596985872111,0.5,3,2,"poolMean",0,0
1,2,6.12368275145102,0.123682751451021,0.178093790006545,109.530806522221,0.186620776060099,95.6765686552711,NA,NA,0,1260,260,30,0,"GSRS","GSRS_cyc2","cycle_length","2 yr",1,8101,0,"peripheral",NA,NA,17,0.162596985872111,0.3,2,2,"poolMean",0,0
2,4,6.45464510016091,0.45464510016091,0.115952389486995,71.3127545784867,0.145884715832568,74.7920425838038,NA,NA,0,2460,460,60,0,"GSRS","GSRS_cyc2","cycle_length","2 yr",1,8101,0,"peripheral",NA,NA,17,0.162596985872111,0.3,2,2,"poolMean",0,0
3,6,6.72388976994297,0.723889769942967,0.132393537793535,81.4243493404408,0.144701430646025,74.1853970174356,NA,NA,0,3660,660,90,0,"GSRS","GSRS_cyc2","cycle_length","2 yr",1,8101,0,"peripheral",NA,NA,17,0.162596985872111,0.3,2,2,"poolMean",0,0
4,8,7.17851491643207,1.17851491643207,0.137872123306007,84.7937755835455,0.12370278278009,63.419829449728,NA,NA,0,4860,860,120,0,"GSRS","GSRS_cyc2","cycle_length","2 yr",1,8101,0,"peripheral",NA,NA,17,0.162596985872111,0.3,2,2,"poolMean",0,0
5,10,7.37769919760111,1.37769919760111,0.0814447991587742,50.0899808947466,0.107811121117243,55.272506894162,NA,NA,0,6060,1060,150,0,"GSRS","GSRS_cyc2","cycle_length","2 yr",1,8101,0,"peripheral",NA,NA,17,0.162596985872111,0.3,2,2,"poolMean",0,0
6,12,7.62183189609182,1.62183189609182,0.108513041413404,66.7374249475657,0.104328976838178,53.4872843524002,NA,NA,0,7260,1260,180,0,"GSRS","GSRS_cyc2","cycle_length","2 yr",1,8101,0,"peripheral",NA,NA,17,0.162596985872111,0.3,2,2,"poolMean",0,0
7,14,8.13444773839908,2.13444773839908,0.0942151746367677,57.9439859425633,0.0950046604602867,48.706902366391,NA,NA,0,8460,1460,210,0,"GSRS","GSRS_cyc2","cycle_length","2 yr",1,8101,0,"peripheral",NA,NA,17,0.162596985872111,0.3,2,2,"poolMean",0,0
8,16,8.46749190274561,2.46749190274561,0.0730071287254047,44.9006654913195,0.0847426534761967,43.44578601867,NA,NA,0,9660,1660,240,0,"GSRS","GSRS_cyc2","cycle_length","2 yr",1,8101,0,"peripheral",NA,NA,17,0.162596985872111,0.3,2,2,"poolMean",0,0
9,18,8.79125377032324,2.79125377032324,0.0555896453769733,34.1886075432522,0.0746752798598589,38.2844541277791,NA,NA,0,10860,1860,270,0,"GSRS","GSRS_cyc2","cycle_length","2 yr",1,8101,0,"peripheral",NA,NA,17,0.162596985872111,0.3,2,2,"poolMean",0,0
10,20,8.92303571095138,2.92303571095138,0.0492917884985441,30.3153150313094,0.0636148763232749,32.6140165663031,NA,NA,0,12060,2060,300,0,"GSRS","GSRS_cyc2","cycle_length","2 yr",1,8101,0,"peripheral",NA,NA,17,0.162596985872111,0.3,2,2,"poolMean",0,0
11,22,9.12512763317382,3.12512763317382,0.0412048587648189,25.3417113139036,0.0534965740397612,27.4265746129397,NA,NA,0,13260,2260,330,0,"GSRS","GSRS_cyc2","cycle_length","2 yr",1,8101,0,"peripheral",NA,NA,17,0.162596985872111,0.3,2,2,"poolMean",0,0
12,24,9.219506937673,3.219506937673,0.0356050269426095,21.8977164623545,0.0479442219054717,24.5799998028365,NA,NA,0,14460,2460,360,0,"GSRS","GSRS_cyc2","cycle_length","2 yr",1,8101,0,"peripheral",NA,NA,17,0.162596985872111,0.3,2,2,"poolMean",0,0
13,26,9.35737369557176,3.35737369557176,0.0278300411686033,17.1159637550063,0.0372300117934101,19.0870483693715,NA,NA,0,15660,2660,390,0,"GSRS","GSRS_cyc2","cycle_length","2 yr",1,8101,0,"peripheral",NA,NA,17,0.162596985872111,0.3,2,2,"poolMean",0,0
14,28,9.39133868426265,3.39133868426265,0.0308641485543901,18.9819930479314,0.0343934522270538,17.6328036072136,NA,NA,0,16860,2860,420,0,"GSRS","GSRS_cyc2","cycle_length","2 yr",1,8101,0,"peripheral",NA,NA,17,0.162596985872111,0.3,2,2,"poolMean",0,0
15,30,9.49251813555046,3.49251813555046,0.0241921908541557,14.8786219648523,0.0318920594824275,16.3503918644397,NA,NA,0,18060,3060,450,0,"GSRS","GSRS_cyc2","cycle_length","2 yr",1,8101,0,"peripheral",NA,NA,17,0.162596985872111,0.3,2,2,"poolMean",0,0
16,32,9.66370326802855,3.66370326802855,0.0188537534959913,11.5953892963431,0.0306348708434408,15.7058575437171,NA,NA,0,19260,3260,480,0,"GSRS","GSRS_cyc2","cycle_length","2 yr",1,8101,0,"peripheral",NA,NA,17,0.162596985872111,0.3,2,2,"poolMean",0,0
17,34,9.64836500197936,3.64836500197936,0.0224141634995709,13.7851039361828,0.0269264519862922,13.8046287583742,NA,NA,0,20460,3460,510,0,"GSRS","GSRS_cyc2","cycle_length","2 yr",1,8101,0,"peripheral",NA,NA,17,0.162596985872111,0.3,2,2,"poolMean",0,0
18,36,9.59634257182138,3.59634257182138,0.0278742811795798,17.1431721381994,0.0229387097233404,11.7601967050107,NA,NA,0,21660,3660,540,0,"GSRS","GSRS_cyc2","cycle_length","2 yr",1,8101,0,"peripheral",NA,NA,17,0.162596985872111,0.3,2,2,"poolMean",0,0
19,38,9.63452140503075,3.63452140503075,0.0251352157805164,15.4585988452986,0.0217722375117492,11.1621707992518,NA,NA,0,22860,3860,570,0,"GSRS","GSRS_cyc2","cycle_length","2 yr",1,8101,0,"peripheral",NA,NA,17,0.162596985872111,0.3,2,2,"poolMean",0,0
20,40,9.66223374369486,3.66223374369486,0.017202616539974,10.5799110898061,0.0173901523763302,8.91556740297645,NA,NA,0,24060,4060,600,0,"GSRS","GSRS_cyc2","cycle_length","2 yr",1,8101,0,"peripheral",NA,NA,17,0.162596985872111,0.3,2,2,"poolMean",0,0
21,42,9.7404903496099,3.7404903496099,0.0135516420590054,8.33449770690359,0.0148163536650838,7.5960346355095,NA,NA,0,25260,4260,630,0,"GSRS","GSRS_cyc2","cycle_length","2 yr",1,8101,0,"peripheral",NA,NA,17,0.162596985872111,0.3,2,2,"poolMean",0,0
22,44,9.78742429843673,3.78742429843673,0.00784431053079738,4.82438864947179,0.0100458080413446,5.15027567164259,NA,NA,0,26460,4460,660,0,"GSRS","GSRS_cyc2","cycle_length","2 yr",1,8101,0,"peripheral",NA,NA,17,0.162596985872111,0.3,2,2,"poolMean",0,0
23,46,9.81390786293203,3.81390786293203,0.00687536902220043,4.22847261609645,0.00882821715973915,4.52604229293001,NA,NA,0,27660,4660,690,0,"GSRS","GSRS_cyc2","cycle_length","2 yr",1,8101,0,"peripheral",NA,NA,17,0.162596985872111,0.3,2,2,"poolMean",0,0
24,48,9.91117671541096,3.91117671541096,0.00368134085809981,2.26408923778903,0.00401590318756239,2.05886957041696,NA,NA,0,28860,4860,720,0,"GSRS","GSRS_cyc2","cycle_length","2 yr",1,8101,0,"peripheral",NA,NA,17,0.162596985872111,0.3,2,2,"poolMean",0,0
25,50,9.93703426689148,3.93703426689148,0.00150640538432179,0.926465749805865,0.00155158378908977,0.795464556815728,NA,NA,0,30060,5060,750,0,"GSRS","GSRS_cyc2","cycle_length","2 yr",1,8101,0,"peripheral",NA,NA,17,0.162596985872111,0.3,2,2,"poolMean",0,0
26,52,9.9409568166249,3.9409568166249,0.00169988756667912,1.04546068770066,0.00145452453249012,0.745704305981189,NA,NA,0,31260,5260,780,0,"GSRS","GSRS_cyc2","cycle_length","2 yr",1,8101,0,"peripheral",NA,NA,17,0.162596985872111,0.3,2,2,"poolMean",0,0
27,54,9.96488184375626,3.96488184375626,0.000985716837461578,0.606233155045619,0.00111059388651228,0.569378257203248,NA,NA,0,32460,5460,810,0,"GSRS","GSRS_cyc2","cycle_length","2 yr",1,8101,0,"peripheral",NA,NA,17,0.162596985872111,0.3,2,2,"poolMean",0,0
28,56,9.96801460832839,3.96801460832839,0.000616714291595847,0.37929011309036,0.000550647725019806,0.28230557165168,NA,NA,0,33660,5660,840,0,"GSRS","GSRS_cyc2","cycle_length","2 yr",1,8101,0,"peripheral",NA,NA,17,0.162596985872111,0.3,2,2,"poolMean",0,0
29,58,9.95834773857727,3.95834773857727,0.000555636507301921,0.341726203792579,0.000632985071461804,0.324518207061651,NA,NA,0,34860,5860,870,0,"GSRS","GSRS_cyc2","cycle_length","2 yr",1,8101,0,"peripheral",NA,NA,17,0.162596985872111,0.3,2,2,"poolMean",0,0
30,60,9.97359745121637,3.97359745121637,0.000272398160826327,0.167529649682792,0.000282861107105637,0.145016973486292,NA,NA,0,36060,6060,900,0,"GSRS","GSRS_cyc2","cycle_length","2 yr",1,8101,0,"peripheral",NA,NA,17,0.162596985872111,0.3,2,2,"poolMean",0,0
1,2,6.12368275145102,0.123682751451021,0.178093790006545,109.530806522221,0.186620776060099,95.6765686552711,5.18667361618466,3.49239784955616,0,1460,360,40,0,"CB","CB_cyc2","cycle_length","2 yr",1,8101,0,"peripheral",3.4997377001911,2.5002622998089,17,0.162596985872111,0.3,2,2,"poolMean",0,0
2,4,6.4791053265272,0.4791053265272,0.126322747530239,77.69070678198,0.14426915911414,73.9637804441296,5.90049273554428,3.4184842803163,8,3160,660,90,2,"CB","CB_cyc2","cycle_length","2 yr",1,8101,0,"peripheral",3.4997377001911,2.5002622998089,17,0.162596985872111,0.3,2,2,"poolMean",0,0
3,6,6.8616870010635,0.861687001063505,0.128556501299108,79.0645045537457,0.155252180334764,79.5945457106879,6.17154059382729,3.42994650016445,148,4860,960,140,4,"CB","CB_cyc2","cycle_length","2 yr",1,8101,0,"peripheral",3.4997377001911,2.5002622998089,17,0.162596985872111,0.3,2,2,"poolMean",0,0
4,8,7.23737476713789,1.23737476713789,0.0950154751043191,58.4361847759297,0.121790584819625,62.4394855496044,6.27557378741499,3.34952148668913,54,6560,1260,190,6,"CB","CB_cyc2","cycle_length","2 yr",1,8101,0,"peripheral",3.4997377001911,2.5002622998089,17,0.162596985872111,0.3,2,2,"poolMean",0,0
5,10,7.4655042319927,1.4655042319927,0.0709192339523317,43.616573561894,0.0998181922889144,51.1746994584346,6.3782593043065,3.35894939386035,28,8260,1560,240,8,"CB","CB_cyc2","cycle_length","2 yr",1,8101,0,"peripheral",3.4997377001911,2.5002622998089,17,0.162596985872111,0.3,2,2,"poolMean",0,0
6,12,7.68437522324004,1.68437522324004,0.0527217551344643,32.4248047106679,0.0819544360731092,42.0163252725288,6.59003606476795,3.32276303741698,58,9960,1860,290,10,"CB","CB_cyc2","cycle_length","2 yr",1,8101,0,"peripheral",3.4997377001911,2.5002622998089,17,0.162596985872111,0.3,2,2,"poolMean",0,0
7,14,7.69826358794005,1.69826358794005,0.0435725536882062,26.797885246457,0.0708108809594711,36.3032576366379,6.636531291937,3.40978137747716,147,11660,2160,340,12,"CB","CB_cyc2","cycle_length","2 yr",1,8101,0,"peripheral",3.4997377001911,2.5002622998089,17,0.162596985872111,0.3,2,2,"poolMean",0,0
8,16,7.7836022489275,1.7836022489275,0.0528892150653597,32.5277955072052,0.0704175074672986,36.1015832747283,6.57383335188613,3.49034280711489,104,13360,2460,390,14,"CB","CB_cyc2","cycle_length","2 yr",1,8101,0,"peripheral",3.4997377001911,2.5002622998089,17,0.162596985872111,0.3,2,2,"poolMean",0,0
9,18,7.98839989468154,1.98839989468154,0.0318814461127632,19.6076489006009,0.0625046538140037,32.0448287064439,6.85129741728091,3.43183149858624,120,15060,2760,440,16,"CB","CB_cyc2","cycle_length","2 yr",1,8101,0,"peripheral",3.4997377001911,2.5002622998089,17,0.162596985872111,0.3,2,2,"poolMean",0,0
10,20,8.14635586657917,2.14635586657917,0.0304939047581172,18.7542866151909,0.0575356891978156,29.4973444751425,6.74766414823141,3.41545763922078,39,16760,3060,490,18,"CB","CB_cyc2","cycle_length","2 yr",1,8101,0,"peripheral",3.4997377001911,2.5002622998089,17,0.162596985872111,0.3,2,2,"poolMean",0,0
11,22,8.18703395288264,2.18703395288264,0.0267396429756671,16.4453497291142,0.0503929465925517,25.8354097340749,6.85760256338807,3.51761218704636,43,18460,3360,540,20,"CB","CB_cyc2","cycle_length","2 yr",1,8101,0,"peripheral",3.4997377001911,2.5002622998089,17,0.162596985872111,0.3,2,2,"poolMean",0,0
12,24,8.20368316124027,2.20368316124027,0.035080068975833,21.5748580994145,0.0494696577627085,25.3620588618832,6.89003799399174,3.59698397237186,70,20160,3660,590,22,"CB","CB_cyc2","cycle_length","2 yr",1,8101,0,"peripheral",3.4997377001911,2.5002622998089,17,0.162596985872111,0.3,2,2,"poolMean",0,0
13,26,8.22318302526422,2.22318302526422,0.0423342693432456,26.0363186415664,0.0471070134544426,24.1507805404653,6.8723606765547,3.58047148793962,32,21860,3960,640,24,"CB","CB_cyc2","cycle_length","2 yr",1,8101,0,"peripheral",3.4997377001911,2.5002622998089,17,0.162596985872111,0.3,2,2,"poolMean",0,0
14,28,8.35215077936411,2.35215077936411,0.0421363596660652,25.9146007166499,0.0445355291638077,22.832434328039,7.16733856184969,3.51985875564104,57,23560,4260,690,26,"CB","CB_cyc2","cycle_length","2 yr",1,8101,0,"peripheral",3.4997377001911,2.5002622998089,17,0.162596985872111,0.3,2,2,"poolMean",0,0
15,30,8.58468742977348,2.58468742977348,0.0264079326991404,16.2413420873074,0.032164748833253,16.4901939912266,7.28260331475512,3.53469427501049,8,25260,4560,740,28,"CB","CB_cyc2","cycle_length","2 yr",1,8101,0,"peripheral",3.4997377001911,2.5002622998089,17,0.162596985872111,0.3,2,2,"poolMean",0,0
16,32,8.82687075543363,2.82687075543363,0.0249771486070935,15.3613847594561,0.0263121620509769,13.4896951566004,7.35001374203188,3.57212892090062,54,26960,4860,790,30,"CB","CB_cyc2","cycle_length","2 yr",1,8101,0,"peripheral",3.4997377001911,2.5002622998089,17,0.162596985872111,0.3,2,2,"poolMean",0,0
17,34,8.88617176799721,2.88617176799721,0.0178597053214616,10.9840322227799,0.0155515689703228,7.97296414525204,7.53768337354774,3.64385152705324,56,28660,5160,840,32,"CB","CB_cyc2","cycle_length","2 yr",1,8101,0,"peripheral",3.4997377001911,2.5002622998089,17,0.162596985872111,0.3,2,2,"poolMean",0,0
18,36,8.92350710483053,2.92350710483053,0.0155915037324528,9.58904843704555,0.0168747176244059,8.65131478614069,7.57134628358053,3.71271951340239,56,30360,5460,890,34,"CB","CB_cyc2","cycle_length","2 yr",1,8101,0,"peripheral",3.4997377001911,2.5002622998089,17,0.162596985872111,0.3,2,2,"poolMean",0,0
19,38,9.16968031499248,3.16968031499248,0.0305005610535433,18.7583803537005,0.0358977425811755,18.4040218090778,7.51410786801063,3.7525810126441,48,32060,5760,940,36,"CB","CB_cyc2","cycle_length","2 yr",1,8101,0,"peripheral",3.4997377001911,2.5002622998089,17,0.162596985872111,0.3,2,2,"poolMean",0,0
20,40,9.29154333212561,3.29154333212561,0.0327064137163048,20.1150184555264,0.039332875769185,20.1651427477066,7.81661950451006,3.85736870174784,43,33760,6060,990,38,"CB","CB_cyc2","cycle_length","2 yr",1,8101,0,"peripheral",3.4997377001911,2.5002622998089,17,0.162596985872111,0.3,2,2,"poolMean",0,0
21,42,9.45330653739215,3.45330653739215,0.0138763114966107,8.53417510920222,0.0250709681866995,12.8533610223355,7.80391936203346,3.942564877872,16,35460,6360,1040,40,"CB","CB_cyc2","cycle_length","2 yr",1,8101,0,"peripheral",3.4997377001911,2.5002622998089,17,0.162596985872111,0.3,2,2,"poolMean",0,0
22,44,9.50749872484315,3.50749872484315,0.0146781353217887,9.02731083424487,0.0189027596165543,9.69104949839522,7.76821925689458,3.93562842610972,17,37160,6660,1090,41,"CB","CB_cyc2","cycle_length","2 yr",1,8101,0,"peripheral",3.4997377001911,2.5002622998089,17,0.162596985872111,0.3,2,2,"poolMean",0,0
23,46,9.56855454186086,3.56855454186086,0.0137912439702971,8.48185708752588,0.0186739556255254,9.57374647770031,7.74356508419282,4.0043316466455,3,38860,6960,1140,42,"CB","CB_cyc2","cycle_length","2 yr",1,8101,0,"peripheral",3.4997377001911,2.5002622998089,17,0.162596985872111,0.3,2,2,"poolMean",0,0
24,48,9.56934743858746,3.56934743858746,0.01280403583602,7.87470675876542,0.0134218576258662,6.88110568251478,8.00492379411028,4.04092280481135,36,40560,7260,1190,44,"CB","CB_cyc2","cycle_length","2 yr",1,8101,0,"peripheral",3.4997377001911,2.5002622998089,17,0.162596985872111,0.3,2,2,"poolMean",0,0
25,50,9.62908579616007,3.62908579616007,0.00942168696413492,5.79450284001295,0.0129505518878469,6.63947708813629,7.89245262052965,4.04463099210599,11,42260,7560,1240,46,"CB","CB_cyc2","cycle_length","2 yr",1,8101,0,"peripheral",3.4997377001911,2.5002622998089,17,0.162596985872111,0.3,2,2,"poolMean",0,0
26,52,9.68162599304684,3.68162599304684,0.00794035920166707,4.88346026777672,0.0111609707224938,5.72199625429842,7.87620634082294,4.02986772080875,0,43960,7860,1290,48,"CB","CB_cyc2","cycle_length","2 yr",1,8101,0,"peripheral",3.4997377001911,2.5002622998089,17,0.162596985872111,0.3,2,2,"poolMean",0,0
27,54,9.67074700248068,3.67074700248068,0.0113504427281367,6.98072148586094,0.0170806280559329,8.75688075770481,7.96981990047029,4.05929988749849,1,45660,8160,1340,49,"CB","CB_cyc2","cycle_length","2 yr",1,8101,0,"peripheral",3.4997377001911,2.5002622998089,17,0.162596985872111,0.3,2,2,"poolMean",0,0
28,56,9.63377886226348,3.63377886226348,0.00944521788133095,5.80897476707224,0.0130186808625629,6.67440538853477,7.99424772414156,3.96128371045794,6,47360,8460,1390,50,"CB","CB_cyc2","cycle_length","2 yr",1,8101,0,"peripheral",3.4997377001911,2.5002622998089,17,0.162596985872111,0.3,2,2,"poolMean",0,0
29,58,9.65338773833053,3.65338773833053,0.0113622384772053,6.98797607856161,0.0104498059557194,5.3573969526023,7.9413988018381,3.99843682149315,6,49060,8760,1440,51,"CB","CB_cyc2","cycle_length","2 yr",1,8101,0,"peripheral",3.4997377001911,2.5002622998089,17,0.162596985872111,0.3,2,2,"poolMean",0,0
30,60,9.5823730663365,3.5823730663365,0.0081161020076202,4.99154517784471,0.0092035426970361,4.71846384585348,7.92164443250347,4.02548099564325,34,50760,9060,1490,53,"CB","CB_cyc2","cycle_length","2 yr",1,8101,0,"peripheral",3.4997377001911,2.5002622998089,17,0.162596985872111,0.3,2,2,"poolMean",0,0
1,4,6.12368275145102,0.123682751451021,0.178093790006545,109.530806522221,0.186620776060099,95.6765686552711,NA,NA,0,1260,260,30,0,"GSRS","GSRS_cyc4","cycle_length","4 yr",1,8101,0,"peripheral",NA,NA,17,0.162596985872111,0.3,4,2,"poolMean",0,0
2,8,6.45464510016091,0.45464510016091,0.115952389486995,71.3127545784867,0.145884715832568,74.7920425838038,NA,NA,0,2460,460,60,0,"GSRS","GSRS_cyc4","cycle_length","4 yr",1,8101,0,"peripheral",NA,NA,17,0.162596985872111,0.3,4,2,"poolMean",0,0
3,12,6.72388976994297,0.723889769942967,0.132393537793535,81.4243493404408,0.144701430646025,74.1853970174356,NA,NA,0,3660,660,90,0,"GSRS","GSRS_cyc4","cycle_length","4 yr",1,8101,0,"peripheral",NA,NA,17,0.162596985872111,0.3,4,2,"poolMean",0,0
4,16,7.17851491643207,1.17851491643207,0.137872123306007,84.7937755835455,0.12370278278009,63.419829449728,NA,NA,0,4860,860,120,0,"GSRS","GSRS_cyc4","cycle_length","4 yr",1,8101,0,"peripheral",NA,NA,17,0.162596985872111,0.3,4,2,"poolMean",0,0
5,20,7.37769919760111,1.37769919760111,0.0814447991587742,50.0899808947466,0.107811121117243,55.272506894162,NA,NA,0,6060,1060,150,0,"GSRS","GSRS_cyc4","cycle_length","4 yr",1,8101,0,"peripheral",NA,NA,17,0.162596985872111,0.3,4,2,"poolMean",0,0
6,24,7.62183189609182,1.62183189609182,0.108513041413404,66.7374249475657,0.104328976838178,53.4872843524002,NA,NA,0,7260,1260,180,0,"GSRS","GSRS_cyc4","cycle_length","4 yr",1,8101,0,"peripheral",NA,NA,17,0.162596985872111,0.3,4,2,"poolMean",0,0
7,28,8.13444773839908,2.13444773839908,0.0942151746367677,57.9439859425633,0.0950046604602867,48.706902366391,NA,NA,0,8460,1460,210,0,"GSRS","GSRS_cyc4","cycle_length","4 yr",1,8101,0,"peripheral",NA,NA,17,0.162596985872111,0.3,4,2,"poolMean",0,0
8,32,8.46749190274561,2.46749190274561,0.0730071287254047,44.9006654913195,0.0847426534761967,43.44578601867,NA,NA,0,9660,1660,240,0,"GSRS","GSRS_cyc4","cycle_length","4 yr",1,8101,0,"peripheral",NA,NA,17,0.162596985872111,0.3,4,2,"poolMean",0,0
9,36,8.79125377032324,2.79125377032324,0.0555896453769733,34.1886075432522,0.0746752798598589,38.2844541277791,NA,NA,0,10860,1860,270,0,"GSRS","GSRS_cyc4","cycle_length","4 yr",1,8101,0,"peripheral",NA,NA,17,0.162596985872111,0.3,4,2,"poolMean",0,0
10,40,8.92303571095138,2.92303571095138,0.0492917884985441,30.3153150313094,0.0636148763232749,32.6140165663031,NA,NA,0,12060,2060,300,0,"GSRS","GSRS_cyc4","cycle_length","4 yr",1,8101,0,"peripheral",NA,NA,17,0.162596985872111,0.3,4,2,"poolMean",0,0
11,44,9.12512763317382,3.12512763317382,0.0412048587648189,25.3417113139036,0.0534965740397612,27.4265746129397,NA,NA,0,13260,2260,330,0,"GSRS","GSRS_cyc4","cycle_length","4 yr",1,8101,0,"peripheral",NA,NA,17,0.162596985872111,0.3,4,2,"poolMean",0,0
12,48,9.219506937673,3.219506937673,0.0356050269426095,21.8977164623545,0.0479442219054717,24.5799998028365,NA,NA,0,14460,2460,360,0,"GSRS","GSRS_cyc4","cycle_length","4 yr",1,8101,0,"peripheral",NA,NA,17,0.162596985872111,0.3,4,2,"poolMean",0,0
13,52,9.35737369557176,3.35737369557176,0.0278300411686033,17.1159637550063,0.0372300117934101,19.0870483693715,NA,NA,0,15660,2660,390,0,"GSRS","GSRS_cyc4","cycle_length","4 yr",1,8101,0,"peripheral",NA,NA,17,0.162596985872111,0.3,4,2,"poolMean",0,0
14,56,9.39133868426265,3.39133868426265,0.0308641485543901,18.9819930479314,0.0343934522270538,17.6328036072136,NA,NA,0,16860,2860,420,0,"GSRS","GSRS_cyc4","cycle_length","4 yr",1,8101,0,"peripheral",NA,NA,17,0.162596985872111,0.3,4,2,"poolMean",0,0
15,60,9.49251813555046,3.49251813555046,0.0241921908541557,14.8786219648523,0.0318920594824275,16.3503918644397,NA,NA,0,18060,3060,450,0,"GSRS","GSRS_cyc4","cycle_length","4 yr",1,8101,0,"peripheral",NA,NA,17,0.162596985872111,0.3,4,2,"poolMean",0,0
1,4,6.12368275145102,0.123682751451021,0.178093790006545,109.530806522221,0.186620776060099,95.6765686552711,5.09836939326954,3.39634273745246,0,1460,360,40,0,"CB","CB_cyc4","cycle_length","4 yr",1,8101,0,"peripheral",3.41206600669444,2.58793399330556,17,0.162596985872111,0.3,4,2,"poolMean",0,0
2,8,6.49722312535153,0.497223125351526,0.147326482459806,90.6083723936209,0.142164270281316,72.8846479639361,5.97169795196548,3.42530977457461,4,3160,660,90,1,"CB","CB_cyc4","cycle_length","4 yr",1,8101,0,"peripheral",3.41206600669444,2.58793399330556,17,0.162596985872111,0.3,4,2,"poolMean",0,0
3,12,7.08483455948739,1.08483455948739,0.10344489610223,63.6204266317663,0.121086462617492,62.0784968235026,6.30567203165957,3.35029857713812,69,4860,960,140,3,"CB","CB_cyc4","cycle_length","4 yr",1,8101,0,"peripheral",3.41206600669444,2.58793399330556,17,0.162596985872111,0.3,4,2,"poolMean",0,0
4,16,7.39603649051487,1.39603649051487,0.0927539945695416,57.0453345565067,0.106310979731831,54.5034157817782,6.41876822036733,3.39592170673019,61,6560,1260,190,5,"CB","CB_cyc4","cycle_length","4 yr",1,8101,0,"peripheral",3.41206600669444,2.58793399330556,17,0.162596985872111,0.3,4,2,"poolMean",0,0
5,20,7.79191798178738,1.79191798178738,0.0804763058776292,49.4943405291209,0.0927007451624681,47.5257331802942,6.74316412373214,3.4624896768061,49,8260,1560,240,7,"CB","CB_cyc4","cycle_length","4 yr",1,8101,0,"peripheral",3.41206600669444,2.58793399330556,17,0.162596985872111,0.3,4,2,"poolMean",0,0
6,24,8.0913154433914,2.0913154433914,0.0634228209360861,39.0061479897116,0.0845365654751261,43.3401290109149,7.05141568205962,3.48943562045885,71,9960,1860,290,9,"CB","CB_cyc4","cycle_length","4 yr",1,8101,0,"peripheral",3.41206600669444,2.58793399330556,17,0.162596985872111,0.3,4,2,"poolMean",0,0
7,28,8.32375314948587,2.32375314948587,0.0517914613875467,31.8526577290201,0.0741608580822145,38.02072084167,7.19398937925641,3.44809480253337,136,11660,2160,340,11,"CB","CB_cyc4","cycle_length","4 yr",1,8101,0,"peripheral",3.41206600669444,2.58793399330556,17,0.162596985872111,0.3,4,2,"poolMean",0,0
8,32,8.43855220471426,2.43855220471426,0.0525479785280565,32.3179290478285,0.0690772970997587,35.4144854502012,7.23419867169947,3.52223906978015,95,13360,2460,390,13,"CB","CB_cyc4","cycle_length","4 yr",1,8101,0,"peripheral",3.41206600669444,2.58793399330556,17,0.162596985872111,0.3,4,2,"poolMean",0,0
9,36,8.72148790198398,2.72148790198398,0.0519214719346113,31.9326164972391,0.0561751076858119,28.7998027909176,7.43031041338299,3.56955682598748,110,15060,2760,440,15,"CB","CB_cyc4","cycle_length","4 yr",1,8101,0,"peripheral",3.41206600669444,2.58793399330556,17,0.162596985872111,0.3,4,2,"poolMean",0,0
10,40,9.09785599160198,3.09785599160198,0.0394942543021047,24.2896595470524,0.0497405848115799,25.5009574933173,7.56798480884864,3.43146915300127,33,16760,3060,490,17,"CB","CB_cyc4","cycle_length","4 yr",1,8101,0,"peripheral",3.41206600669444,2.58793399330556,17,0.162596985872111,0.3,4,2,"poolMean",0,0
11,44,9.14627656737493,3.14627656737493,0.0571860214489915,35.1704068450386,0.045948562290322,23.5568668579819,7.61507546005952,3.53418568872845,53,18460,3360,540,19,"CB","CB_cyc4","cycle_length","4 yr",1,8101,0,"peripheral",3.41206600669444,2.58793399330556,17,0.162596985872111,0.3,4,2,"poolMean",0,0
12,48,9.50607211721086,3.50607211721086,0.0335749763748142,20.6491997343802,0.0324240070606866,16.6231102619665,7.78212629858956,3.54646263044886,51,20160,3660,590,21,"CB","CB_cyc4","cycle_length","4 yr",1,8101,0,"peripheral",3.41206600669444,2.58793399330556,17,0.162596985872111,0.3,4,2,"poolMean",0,0
13,52,9.59109732677918,3.59109732677918,0.013312236465455,8.18725906513765,0.0267040817725721,13.6906242007411,7.80585442702881,3.50077499334024,30,21860,3960,640,22,"CB","CB_cyc4","cycle_length","4 yr",1,8101,0,"peripheral",3.41206600669444,2.58793399330556,17,0.162596985872111,0.3,4,2,"poolMean",0,0
14,56,9.62224884189583,3.62224884189583,0.0119433741881503,7.34538474012321,0.0218600672027938,11.2071992448655,7.90917350343046,3.49893940857046,39,23560,4260,690,24,"CB","CB_cyc4","cycle_length","4 yr",1,8101,0,"peripheral",3.41206600669444,2.58793399330556,17,0.162596985872111,0.3,4,2,"poolMean",0,0
15,60,9.64390810402525,3.64390810402525,0.0131240840429438,8.07154202308915,0.0229620376827419,11.7721564618844,7.90956728023557,3.46686039238362,0,25260,4560,740,26,"CB","CB_cyc4","cycle_length","4 yr",1,8101,0,"peripheral",3.41206600669444,2.58793399330556,17,0.162596985872111,0.3,4,2,"poolMean",0,0
1,3,5.94621335541469,-0.0537866445853137,0.145859710300649,95.8975662447191,0.150472754706376,98.8110795805218,NA,NA,0,1260,260,30,0,"GSRS","GSRS_gxe0.5","gxe","varGxE/varA = 0.5",1,8101,0,"peripheral",NA,NA,21,0.152099491167932,0.3,3,2,"poolMean",0,0.5
2,6,6.17177308948861,0.171773089488612,0.135529223489223,89.1056389791509,0.128562575992966,84.4233027587391,NA,NA,0,2460,460,60,0,"GSRS","GSRS_gxe0.5","gxe","varGxE/varA = 0.5",1,8101,0,"peripheral",NA,NA,21,0.152099491167932,0.3,3,2,"poolMean",0,0.5
3,9,6.17420593489432,0.174205934894317,0.132069192192532,86.8307915946378,0.105270247001069,69.1279080666891,NA,NA,0,3660,660,90,0,"GSRS","GSRS_gxe0.5","gxe","varGxE/varA = 0.5",1,8101,0,"peripheral",NA,NA,21,0.152099491167932,0.3,3,2,"poolMean",0,0.5
4,12,6.65881824604055,0.658818246040554,0.0868090334911289,57.0738487187203,0.108385308484615,71.1734783013108,NA,NA,0,4860,860,120,0,"GSRS","GSRS_gxe0.5","gxe","varGxE/varA = 0.5",1,8101,0,"peripheral",NA,NA,21,0.152099491167932,0.3,3,2,"poolMean",0,0.5
5,15,6.74914488912957,0.749144889129571,0.11458576054145,75.3360577747999,0.103556430909998,68.0024949080633,NA,NA,0,6060,1060,150,0,"GSRS","GSRS_gxe0.5","gxe","varGxE/varA = 0.5",1,8101,0,"peripheral",NA,NA,21,0.152099491167932,0.3,3,2,"poolMean",0,0.5
6,18,6.91733208363736,0.917332083637362,0.118261324660598,77.7526103161165,0.0960804596795602,63.0932421357994,NA,NA,0,7260,1260,180,0,"GSRS","GSRS_gxe0.5","gxe","varGxE/varA = 0.5",1,8101,0,"peripheral",NA,NA,21,0.152099491167932,0.3,3,2,"poolMean",0,0.5
7,21,7.07846954368086,1.07846954368086,0.0734931799504166,48.319149121461,0.0833587240688092,54.7392485355014,NA,NA,0,8460,1460,210,0,"GSRS","GSRS_gxe0.5","gxe","varGxE/varA = 0.5",1,8101,0,"peripheral",NA,NA,21,0.152099491167932,0.3,3,2,"poolMean",0,0.5
8,24,7.17316956278646,1.17316956278646,0.0607021059763979,39.9094734047315,0.0722047828813946,47.4147799135457,NA,NA,0,9660,1660,240,0,"GSRS","GSRS_gxe0.5","gxe","varGxE/varA = 0.5",1,8101,0,"peripheral",NA,NA,21,0.152099491167932,0.3,3,2,"poolMean",0,0.5
9,27,7.34631419357159,1.34631419357159,0.0787380409857787,51.767458510985,0.0673634082484286,44.2355900657184,NA,NA,0,10860,1860,270,0,"GSRS","GSRS_gxe0.5","gxe","varGxE/varA = 0.5",1,8101,0,"peripheral",NA,NA,21,0.152099491167932,0.3,3,2,"poolMean",0,0.5
10,30,7.5468177119716,1.5468177119716,0.0564277708193481,37.0992502250034,0.0563416718331879,36.9979364707733,NA,NA,0,12060,2060,300,0,"GSRS","GSRS_gxe0.5","gxe","varGxE/varA = 0.5",1,8101,0,"peripheral",NA,NA,21,0.152099491167932,0.3,3,2,"poolMean",0,0.5
11,33,7.70055986633973,1.70055986633973,0.0795098341581056,52.2748850423959,0.0533566658298585,35.0377698856738,NA,NA,0,13260,2260,330,0,"GSRS","GSRS_gxe0.5","gxe","varGxE/varA = 0.5",1,8101,0,"peripheral",NA,NA,21,0.152099491167932,0.3,3,2,"poolMean",0,0.5
12,36,7.89154324526927,1.89154324526927,0.0572672324875607,37.6511663831487,0.0476873485369731,31.3148941844371,NA,NA,0,14460,2460,360,0,"GSRS","GSRS_gxe0.5","gxe","varGxE/varA = 0.5",1,8101,0,"peripheral",NA,NA,21,0.152099491167932,0.3,3,2,"poolMean",0,0.5
13,39,8.01254068455891,2.01254068455891,0.0358461523750927,23.5675688983832,0.0384413343712946,25.2433057210621,NA,NA,0,15660,2660,390,0,"GSRS","GSRS_gxe0.5","gxe","varGxE/varA = 0.5",1,8101,0,"peripheral",NA,NA,21,0.152099491167932,0.3,3,2,"poolMean",0,0.5
14,42,8.20290064228405,2.20290064228405,0.0316686389025568,20.8210025289247,0.0386497247313122,25.3801496067721,NA,NA,0,16860,2860,420,0,"GSRS","GSRS_gxe0.5","gxe","varGxE/varA = 0.5",1,8101,0,"peripheral",NA,NA,21,0.152099491167932,0.3,3,2,"poolMean",0,0.5
15,45,8.31342928773547,2.31342928773547,0.0251736905053822,16.5508052078807,0.0338110662602179,22.2027433834115,NA,NA,0,18060,3060,450,0,"GSRS","GSRS_gxe0.5","gxe","varGxE/varA = 0.5",1,8101,0,"peripheral",NA,NA,21,0.152099491167932,0.3,3,2,"poolMean",0,0.5
16,48,8.40818315968956,2.40818315968956,0.0195549830238795,12.8567050906758,0.0285370134920021,18.7394263941734,NA,NA,0,19260,3260,480,0,"GSRS","GSRS_gxe0.5","gxe","varGxE/varA = 0.5",1,8101,0,"peripheral",NA,NA,21,0.152099491167932,0.3,3,2,"poolMean",0,0.5
17,51,8.55821942266163,2.55821942266163,0.0174097686450269,11.4463030160995,0.0224941419969061,14.7712485179728,NA,NA,0,20460,3460,510,0,"GSRS","GSRS_gxe0.5","gxe","varGxE/varA = 0.5",1,8101,0,"peripheral",NA,NA,21,0.152099491167932,0.3,3,2,"poolMean",0,0.5
18,54,8.56683445456397,2.56683445456397,0.0188499572586955,12.393175752234,0.0188214866996198,12.3595226506547,NA,NA,0,21660,3660,540,0,"GSRS","GSRS_gxe0.5","gxe","varGxE/varA = 0.5",1,8101,0,"peripheral",NA,NA,21,0.152099491167932,0.3,3,2,"poolMean",0,0.5
19,57,8.46875213820225,2.46875213820225,0.00727912566678965,4.78576595549081,0.012508709619075,8.21410563016483,NA,NA,0,22860,3860,570,0,"GSRS","GSRS_gxe0.5","gxe","varGxE/varA = 0.5",1,8101,0,"peripheral",NA,NA,21,0.152099491167932,0.3,3,2,"poolMean",0,0.5
20,60,8.49633988081885,2.49633988081885,0.00736384719625104,4.84146734463474,0.00649452501712058,4.26476560196314,NA,NA,0,24060,4060,600,0,"GSRS","GSRS_gxe0.5","gxe","varGxE/varA = 0.5",1,8101,0,"peripheral",NA,NA,21,0.152099491167932,0.3,3,2,"poolMean",0,0.5
1,3,5.94621335541469,-0.0537866445853137,0.145859710300649,95.8975662447191,0.150472754706376,98.8110795805218,4.87159120042441,3.51510501032237,0,1460,360,40,0,"CB","CB_gxe0.5","gxe","varGxE/varA = 0.5",1,8101,0,"peripheral",3.47877965312548,2.52122034687452,21,0.152099491167932,0.3,3,2,"poolMean",0,0.5
2,6,6.29688150079896,0.296881500798961,0.108098114334272,71.070661383687,0.13594565290921,89.2715545378972,5.64166466054899,3.53805097392179,4,3160,660,90,2,"CB","CB_gxe0.5","gxe","varGxE/varA = 0.5",1,8101,0,"peripheral",3.47877965312548,2.52122034687452,21,0.152099491167932,0.3,3,2,"poolMean",0,0.5
3,9,6.51603586877626,0.516035868776264,0.109076484832221,71.7139051515895,0.120431309262142,79.0837364990681,5.91833470036359,3.52681188220952,57,4860,960,140,4,"CB","CB_gxe0.5","gxe","varGxE/varA = 0.5",1,8101,0,"peripheral",3.47877965312548,2.52122034687452,21,0.152099491167932,0.3,3,2,"poolMean",0,0.5
4,12,7.0513939206301,1.0513939206301,0.0618369468817888,40.6555908944593,0.091649487492127,60.1835516321205,6.1683566890131,3.55573722122025,87,6560,1260,190,6,"CB","CB_gxe0.5","gxe","varGxE/varA = 0.5",1,8101,0,"peripheral",3.47877965312548,2.52122034687452,21,0.152099491167932,0.3,3,2,"poolMean",0,0.5
5,15,7.19346421454948,1.19346421454948,0.0587816034479627,38.6468113710271,0.0782203292314539,51.3650141621039,6.09210576315411,3.660864193883,180,8260,1560,240,8,"CB","CB_gxe0.5","gxe","varGxE/varA = 0.5",1,8101,0,"peripheral",3.47877965312548,2.52122034687452,21,0.152099491167932,0.3,3,2,"poolMean",0,0.5
6,18,7.21406092002899,1.21406092002899,0.0870559101714952,57.2361613461134,0.0813230624543031,53.402488786652,6.08132626785047,3.72061691396894,253,9960,1860,290,10,"CB","CB_gxe0.5","gxe","varGxE/varA = 0.5",1,8101,0,"peripheral",3.47877965312548,2.52122034687452,21,0.152099491167932,0.3,3,2,"poolMean",0,0.5
7,21,7.22593906313346,1.22593906313346,0.0805395043229262,52.9518565147618,0.0850467866260622,55.8477500978414,6.17015668299258,3.76110343705417,181,11660,2160,340,12,"CB","CB_gxe0.5","gxe","varGxE/varA = 0.5",1,8101,0,"peripheral",3.47877965312548,2.52122034687452,21,0.152099491167932,0.3,3,2,"poolMean",0,0.5
8,24,7.24473058103246,1.24473058103246,0.125785264414999,82.699332817702,0.0976841503344704,64.1463391249126,6.46603322186059,3.7052087020948,122,13360,2460,390,14,"CB","CB_gxe0.5","gxe","varGxE/varA = 0.5",1,8101,0,"peripheral",3.47877965312548,2.52122034687452,21,0.152099491167932,0.3,3,2,"poolMean",0,0.5
9,27,7.64155093429341,1.64155093429341,0.059661353549516,39.2252157396399,0.0692469285381451,45.4724430335655,6.51894944548584,3.85942416083954,77,15060,2760,440,16,"CB","CB_gxe0.5","gxe","varGxE/varA = 0.5",1,8101,0,"peripheral",3.47877965312548,2.52122034687452,21,0.152099491167932,0.3,3,2,"poolMean",0,0.5
10,30,7.74097420769992,1.74097420769992,0.0482166613236739,31.7007380849409,0.0605694547291166,39.7741984790948,6.62994235419543,3.85757109124882,82,16760,3060,490,18,"CB","CB_gxe0.5","gxe","varGxE/varA = 0.5",1,8101,0,"peripheral",3.47877965312548,2.52122034687452,21,0.152099491167932,0.3,3,2,"poolMean",0,0.5
11,33,7.79597675900714,1.79597675900714,0.0519384408168652,34.1476755892104,0.0528288849281684,34.6911915248288,6.78859538469936,3.81948273981783,112,18460,3360,540,20,"CB","CB_gxe0.5","gxe","varGxE/varA = 0.5",1,8101,0,"peripheral",3.47877965312548,2.52122034687452,21,0.152099491167932,0.3,3,2,"poolMean",0,0.5
12,36,7.81379958227336,1.81379958227336,0.038893064287527,25.5708049967014,0.0462133261263167,30.3469465582568,6.67725415886368,3.71473170846076,149,20160,3660,590,22,"CB","CB_gxe0.5","gxe","varGxE/varA = 0.5",1,8101,0,"peripheral",3.47877965312548,2.52122034687452,21,0.152099491167932,0.3,3,2,"poolMean",0,0.5
13,39,7.69588004186624,1.69588004186624,0.0586399372115074,38.5536708645287,0.0450020160304622,29.5515144648408,6.61669702681189,3.74374974168418,344,21860,3960,640,24,"CB","CB_gxe0.5","gxe","varGxE/varA = 0.5",1,8101,0,"peripheral",3.47877965312548,2.52122034687452,21,0.152099491167932,0.3,3,2,"poolMean",0,0.5
14,42,7.86461181684329,1.86461181684329,0.0861495987718359,56.6402938697005,0.0611612342180341,40.1628028499502,6.61087398364264,3.70344776279902,244,23560,4260,690,26,"CB","CB_gxe0.5","gxe","varGxE/varA = 0.5",1,8101,0,"peripheral",3.47877965312548,2.52122034687452,21,0.152099491167932,0.3,3,2,"poolMean",0,0.5
15,45,7.97986985092838,1.97986985092838,0.0657568800972571,43.2328074159402,0.075358634007876,49.4858221779874,6.87223617154478,3.67750475890588,108,25260,4560,740,28,"CB","CB_gxe0.5","gxe","varGxE/varA = 0.5",1,8101,0,"peripheral",3.47877965312548,2.52122034687452,21,0.152099491167932,0.3,3,2,"poolMean",0,0.5
16,48,8.07321393861071,2.07321393861071,0.0887242282030503,58.3330210520497,0.0974115132291327,63.9673062709937,7.05008615048643,3.63835628079625,123,26960,4860,790,30,"CB","CB_gxe0.5","gxe","varGxE/varA = 0.5",1,8101,0,"peripheral",3.47877965312548,2.52122034687452,21,0.152099491167932,0.3,3,2,"poolMean",0,0.5
17,51,8.39471862721901,2.39471862721901,0.0695434660762737,45.7223528772303,0.0876365052469861,57.5483429609322,7.24426104130082,3.58273156218561,82,28660,5160,840,32,"CB","CB_gxe0.5","gxe","varGxE/varA = 0.5",1,8101,0,"peripheral",3.47877965312548,2.52122034687452,21,0.152099491167932,0.3,3,2,"poolMean",0,0.5
18,54,8.48137928922361,2.48137928922361,0.0684730268135885,45.0185771745862,0.0801882101674363,52.6572643116396,6.94456834498892,3.57209254399398,240,30360,5460,890,34,"CB","CB_gxe0.5","gxe","varGxE/varA = 0.5",1,8101,0,"peripheral",3.47877965312548,2.52122034687452,21,0.152099491167932,0.3,3,2,"poolMean",0,0.5
19,57,8.57791478730529,2.57791478730529,0.0827243096688524,54.3882882405681,0.0819270201234606,53.7990902141119,6.79460204936271,3.60087439901238,97,32060,5760,940,36,"CB","CB_gxe0.5","gxe","varGxE/varA = 0.5",1,8101,0,"peripheral",3.47877965312548,2.52122034687452,21,0.152099491167932,0.3,3,2,"poolMean",0,0.5
20,60,8.65548858951157,2.65548858951157,0.0811881933253843,53.3783464375597,0.0745471856552517,48.9529676562296,7.05261205457164,3.57212579580874,102,33760,6060,990,38,"CB","CB_gxe0.5","gxe","varGxE/varA = 0.5",1,8101,0,"peripheral",3.47877965312548,2.52122034687452,21,0.152099491167932,0.3,3,2,"poolMean",0,0.5
1,3,6.40235492657623,0.402354926576234,0.414369644943244,105.511556367738,0.487374480248047,96.806035703613,NA,NA,0,1260,260,30,0,"GSRS","GSRS_gxe1.0","gxe","varGxE/varA = 1.0",1,8101,0,"peripheral",NA,NA,5,0.392724417313159,0.3,3,2,"poolMean",0,1
2,6,6.90014027118471,0.900140271184705,0.359448044386879,91.5267878799233,0.366530719151882,72.8031263898542,NA,NA,0,2460,460,60,0,"GSRS","GSRS_gxe1.0","gxe","varGxE/varA = 1.0",1,8101,0,"peripheral",NA,NA,5,0.392724417313159,0.3,3,2,"poolMean",0,1
3,9,8.09503921945414,2.09503921945414,0.312451169414325,79.5599040039257,0.308801789548014,61.3365661844055,NA,NA,0,3660,660,90,0,"GSRS","GSRS_gxe1.0","gxe","varGxE/varA = 1.0",1,8101,0,"peripheral",NA,NA,5,0.392724417313159,0.3,3,2,"poolMean",0,1
4,12,8.64363965891573,2.64363965891573,0.224975732275315,57.2859038952801,0.222260306938659,44.1470369930925,NA,NA,0,4860,860,120,0,"GSRS","GSRS_gxe1.0","gxe","varGxE/varA = 1.0",1,8101,0,"peripheral",NA,NA,5,0.392724417313159,0.3,3,2,"poolMean",0,1
5,15,9.21332649759158,3.21332649759158,0.153270267552913,39.0274352181915,0.176812954886082,35.1199373731097,NA,NA,0,6060,1060,150,0,"GSRS","GSRS_gxe1.0","gxe","varGxE/varA = 1.0",1,8101,0,"peripheral",NA,NA,5,0.392724417313159,0.3,3,2,"poolMean",0,1
6,18,9.62960902046643,3.62960902046643,0.161326074934225,41.0786973822366,0.1527912862567,30.348570374549,NA,NA,0,7260,1260,180,0,"GSRS","GSRS_gxe1.0","gxe","varGxE/varA = 1.0",1,8101,0,"peripheral",NA,NA,5,0.392724417313159,0.3,3,2,"poolMean",0,1
7,21,10.1341570525549,4.13415705255489,0.0948609770411395,24.1545910718094,0.118351047339756,23.5077874994631,NA,NA,0,8460,1460,210,0,"GSRS","GSRS_gxe1.0","gxe","varGxE/varA = 1.0",1,8101,0,"peripheral",NA,NA,5,0.392724417313159,0.3,3,2,"poolMean",0,1
8,24,10.4948069220292,4.49480692202919,0.0772747164796189,19.6765755000153,0.102147532126933,20.2893217492289,NA,NA,0,9660,1660,240,0,"GSRS","GSRS_gxe1.0","gxe","varGxE/varA = 1.0",1,8101,0,"peripheral",NA,NA,5,0.392724417313159,0.3,3,2,"poolMean",0,1
9,27,10.7402499507928,4.74024995079283,0.0526084401025517,13.395765015701,0.0900728692865565,17.8909601414572,NA,NA,0,10860,1860,270,0,"GSRS","GSRS_gxe1.0","gxe","varGxE/varA = 1.0",1,8101,0,"peripheral",NA,NA,5,0.392724417313159,0.3,3,2,"poolMean",0,1
10,30,10.9137995538618,4.91379955386184,0.052382968804304,13.3383529251082,0.0794962170693259,15.79014482662,NA,NA,0,12060,2060,300,0,"GSRS","GSRS_gxe1.0","gxe","varGxE/varA = 1.0",1,8101,0,"peripheral",NA,NA,5,0.392724417313159,0.3,3,2,"poolMean",0,1
11,33,11.0592106034843,5.05921060348434,0.0384627774583257,9.79383398706668,0.0663715173527732,13.1832168875265,NA,NA,0,13260,2260,330,0,"GSRS","GSRS_gxe1.0","gxe","varGxE/varA = 1.0",1,8101,0,"peripheral",NA,NA,5,0.392724417313159,0.3,3,2,"poolMean",0,1
12,36,10.8405940942926,4.84059409429261,0.0500896075688328,12.7543909572832,0.0738061496794041,14.659940252461,NA,NA,0,14460,2460,360,0,"GSRS","GSRS_gxe1.0","gxe","varGxE/varA = 1.0",1,8101,0,"peripheral",NA,NA,5,0.392724417313159,0.3,3,2,"poolMean",0,1
13,39,10.8902830917353,4.89028309173528,0.0410263067586972,10.4465892493725,0.0565060548098308,11.2236634889188,NA,NA,0,15660,2660,390,0,"GSRS","GSRS_gxe1.0","gxe","varGxE/varA = 1.0",1,8101,0,"peripheral",NA,NA,5,0.392724417313159,0.3,3,2,"poolMean",0,1
14,42,10.8710955641337,4.87109556413368,0.0339527823717866,8.64544725893951,0.036879350867801,7.32525789002618,NA,NA,0,16860,2860,420,0,"GSRS","GSRS_gxe1.0","gxe","varGxE/varA = 1.0",1,8101,0,"peripheral",NA,NA,5,0.392724417313159,0.3,3,2,"poolMean",0,1
15,45,10.9633513860886,4.96335138608855,0.014346238143771,3.65300386513307,0.0156079928651005,3.10017856041963,NA,NA,0,18060,3060,450,0,"GSRS","GSRS_gxe1.0","gxe","varGxE/varA = 1.0",1,8101,0,"peripheral",NA,NA,5,0.392724417313159,0.3,3,2,"poolMean",0,1
16,48,10.8947565551413,4.89475655514126,0.0149117670216845,3.79700532085679,0.0147955525781729,2.93880547542893,NA,NA,0,19260,3260,480,0,"GSRS","GSRS_gxe1.0","gxe","varGxE/varA = 1.0",1,8101,0,"peripheral",NA,NA,5,0.392724417313159,0.3,3,2,"poolMean",0,1
17,51,10.9248636583256,4.92486365832564,0.0192637739435621,4.90516328863788,0.0144466069893115,2.86949524171144,NA,NA,0,20460,3460,510,0,"GSRS","GSRS_gxe1.0","gxe","varGxE/varA = 1.0",1,8101,0,"peripheral",NA,NA,5,0.392724417313159,0.3,3,2,"poolMean",0,1
18,54,10.9804683384866,4.98046833848664,0.0105277144211752,2.6806875144665,0.0119856436577708,2.38067993891354,NA,NA,0,21660,3660,540,0,"GSRS","GSRS_gxe1.0","gxe","varGxE/varA = 1.0",1,8101,0,"peripheral",NA,NA,5,0.392724417313159,0.3,3,2,"poolMean",0,1
19,57,11.0130103489312,5.01301034893119,0.00970779464672405,2.47191012800792,0.0113259055142244,2.2496377180597,NA,NA,0,22860,3860,570,0,"GSRS","GSRS_gxe1.0","gxe","varGxE/varA = 1.0",1,8101,0,"peripheral",NA,NA,5,0.392724417313159,0.3,3,2,"poolMean",0,1
20,60,10.9686783021907,4.96867830219072,0.0079115489433225,2.01452942433519,0.0104017695786496,2.06607879160809,NA,NA,0,24060,4060,600,0,"GSRS","GSRS_gxe1.0","gxe","varGxE/varA = 1.0",1,8101,0,"peripheral",NA,NA,5,0.392724417313159,0.3,3,2,"poolMean",0,1
1,3,6.40235492657623,0.402354926576234,0.414369644943244,105.511556367738,0.487374480248047,96.806035703613,5.90005503458198,3.34330461388669,0,1460,360,40,0,"CB","CB_gxe1.0","gxe","varGxE/varA = 1.0",1,8101,0,"peripheral",3.36002648446053,2.63997351553947,5,0.392724417313159,0.3,3,2,"poolMean",0,1
2,6,7.05586254168303,1.05586254168303,0.388134935476987,98.8313734430951,0.409817213017859,81.4010198793558,6.86277477354162,3.42513784361818,132,3160,660,90,2,"CB","CB_gxe1.0","gxe","varGxE/varA = 1.0",1,8101,0,"peripheral",3.36002648446053,2.63997351553947,5,0.392724417313159,0.3,3,2,"poolMean",0,1
3,9,7.98968198100927,1.98968198100927,0.412871582054333,105.130102395724,0.37926868161063,75.3332376257672,7.45213465755386,3.47300583482262,124,4860,960,140,4,"CB","CB_gxe1.0","gxe","varGxE/varA = 1.0",1,8101,0,"peripheral",3.36002648446053,2.63997351553947,5,0.392724417313159,0.3,3,2,"poolMean",0,1
4,12,9.32172764500966,3.32172764500966,0.283992188758856,72.313351612258,0.330547373334232,65.6558398553067,8.09668869304946,3.52488128262505,101,6560,1260,190,6,"CB","CB_gxe1.0","gxe","varGxE/varA = 1.0",1,8101,0,"peripheral",3.36002648446053,2.63997351553947,5,0.392724417313159,0.3,3,2,"poolMean",0,1
5,15,10.1769212090733,4.17692120907334,0.221133509732347,56.3075530788847,0.302077452322069,60.0009270486703,8.47262494871548,3.38792825979757,53,8260,1560,240,8,"CB","CB_gxe1.0","gxe","varGxE/varA = 1.0",1,8101,0,"peripheral",3.36002648446053,2.63997351553947,5,0.392724417313159,0.3,3,2,"poolMean",0,1
6,18,10.4973990797046,4.4973990797046,0.210607022064236,53.6271779343677,0.26448815929167,52.5346550326992,8.89560862500768,3.28682856704969,83,9960,1860,290,10,"CB","CB_gxe1.0","gxe","varGxE/varA = 1.0",1,8101,0,"peripheral",3.36002648446053,2.63997351553947,5,0.392724417313159,0.3,3,2,"poolMean",0,1
7,21,11.0080347208255,5.00803472082551,0.174811186024564,44.512431190437,0.248968348304603,49.4519918293189,9.25450280055681,3.29970231163712,114,11660,2160,340,12,"CB","CB_gxe1.0","gxe","varGxE/varA = 1.0",1,8101,0,"peripheral",3.36002648446053,2.63997351553947,5,0.392724417313159,0.3,3,2,"poolMean",0,1
8,24,11.3478927723348,5.34789277233476,0.220122705325988,56.0501704559057,0.223767901871248,44.4464869946531,9.33312581442602,3.27054474083077,117,13360,2460,390,14,"CB","CB_gxe1.0","gxe","varGxE/varA = 1.0",1,8101,0,"peripheral",3.36002648446053,2.63997351553947,5,0.392724417313159,0.3,3,2,"poolMean",0,1
9,27,11.5675905242045,5.56759052420454,0.196993056912316,50.1606338256361,0.215408803832564,42.7861392005482,9.42258136464261,3.37289850122878,91,15060,2760,440,16,"CB","CB_gxe1.0","gxe","varGxE/varA = 1.0",1,8101,0,"peripheral",3.36002648446053,2.63997351553947,5,0.392724417313159,0.3,3,2,"poolMean",0,1
10,30,12.06610775545,6.06610775545005,0.143252839511943,36.4766826804439,0.177765848153905,35.3092083001794,9.39890086057643,3.36460530582021,53,16760,3060,490,18,"CB","CB_gxe1.0","gxe","varGxE/varA = 1.0",1,8101,0,"peripheral",3.36002648446053,2.63997351553947,5,0.392724417313159,0.3,3,2,"poolMean",0,1
11,33,12.4360545901885,6.43605459018851,0.095742251120383,24.3789911957621,0.141916920420668,28.1886209105529,10.0129900909808,3.38912524867109,51,18460,3360,540,20,"CB","CB_gxe1.0","gxe","varGxE/varA = 1.0",1,8101,0,"peripheral",3.36002648446053,2.63997351553947,5,0.392724417313159,0.3,3,2,"poolMean",0,1
12,36,12.7368113664517,6.73681136645168,0.114115015798617,29.0572754755969,0.13159894472822,26.139185899586,10.0469167839789,3.43115166955476,14,20160,3660,590,22,"CB","CB_gxe1.0","gxe","varGxE/varA = 1.0",1,8101,0,"peripheral",3.36002648446053,2.63997351553947,5,0.392724417313159,0.3,3,2,"poolMean",0,1
13,39,13.0262512991123,7.02625129911235,0.0570150165254643,14.5178180963473,0.113235013603781,22.4916018669007,10.2860979738484,3.51849655753817,9,21860,3960,640,24,"CB","CB_gxe1.0","gxe","varGxE/varA = 1.0",1,8101,0,"peripheral",3.36002648446053,2.63997351553947,5,0.392724417313159,0.3,3,2,"poolMean",0,1
14,42,13.1344085149731,7.1344085149731,0.0688257998384039,17.5252153429315,0.0927193578711864,18.4166258847323,10.2380307525358,3.63329982774233,40,23560,4260,690,26,"CB","CB_gxe1.0","gxe","varGxE/varA = 1.0",1,8101,0,"peripheral",3.36002648446053,2.63997351553947,5,0.392724417313159,0.3,3,2,"poolMean",0,1
15,45,13.1408645688167,7.14086456881669,0.0620345561266909,15.7959508988779,0.0891414824205477,17.7059609799114,10.4307000260885,3.74278027043892,32,25260,4560,740,28,"CB","CB_gxe1.0","gxe","varGxE/varA = 1.0",1,8101,0,"peripheral",3.36002648446053,2.63997351553947,5,0.392724417313159,0.3,3,2,"poolMean",0,1
16,48,13.2694922968811,7.26949229688107,0.0515152361781883,13.1174008814201,0.0879568231150654,17.4706549151278,10.6144339797829,3.70222026153098,45,26960,4860,790,30,"CB","CB_gxe1.0","gxe","varGxE/varA = 1.0",1,8101,0,"peripheral",3.36002648446053,2.63997351553947,5,0.392724417313159,0.3,3,2,"poolMean",0,1
17,51,13.4029143373619,7.40291433736191,0.0320357040969883,8.15729877866062,0.0664519294034139,13.1991889422007,10.5244099518046,3.55913594529144,42,28660,5160,840,32,"CB","CB_gxe1.0","gxe","varGxE/varA = 1.0",1,8101,0,"peripheral",3.36002648446053,2.63997351553947,5,0.392724417313159,0.3,3,2,"poolMean",0,1
18,54,13.3070618856017,7.30706188560168,0.0402720226244117,10.2545247631748,0.0687950043556294,13.6645883561483,10.3592836767228,3.33518105581942,9,30360,5460,890,34,"CB","CB_gxe1.0","gxe","varGxE/varA = 1.0",1,8101,0,"peripheral",3.36002648446053,2.63997351553947,5,0.392724417313159,0.3,3,2,"poolMean",0,1
19,57,13.255871507299,7.25587150729901,0.0466386110971164,11.875658614811,0.0623131913833651,12.3771212370291,10.296955654662,3.33297477308441,58,32060,5760,940,36,"CB","CB_gxe1.0","gxe","varGxE/varA = 1.0",1,8101,0,"peripheral",3.36002648446053,2.63997351553947,5,0.392724417313159,0.3,3,2,"poolMean",0,1
20,60,13.4936261272415,7.49362612724148,0.0471487818242703,12.0055641426221,0.0506359026693327,10.0576891083778,10.8334478256669,3.28972484060195,78,33760,6060,990,38,"CB","CB_gxe1.0","gxe","varGxE/varA = 1.0",1,8101,0,"peripheral",3.36002648446053,2.63997351553947,5,0.392724417313159,0.3,3,2,"poolMean",0,1
1,3,6.20663311137302,0.206633111373018,0.158478770625812,97.467225346023,0.185702239003916,95.2056539180503,5.05104988496451,3.4969098976555,0,810,260,25,0,"CB","CB_equalBudget","resource_matched","equal genotyping + phenotyping budget",1,8101,0,"peripheral",3.52636595610142,2.47363404389858,17,0.162596985872111,0.3,3,2,"poolMean",0,0
2,6,6.32543812906444,0.325438129064439,0.170019812961909,104.565168935934,0.164787708982356,84.4832118098036,5.67814502253887,3.56637987770386,6,1710,460,60,2,"CB","CB_equalBudget","resource_matched","equal genotyping + phenotyping budget",1,8101,0,"peripheral",3.52636595610142,2.47363404389858,17,0.162596985872111,0.3,3,2,"poolMean",0,0
3,9,6.86617922422483,0.866179224224827,0.0933786900805795,57.4295332596297,0.11255914094079,57.7067173514045,5.88683336974064,3.55737192889933,6,2610,660,95,4,"CB","CB_equalBudget","resource_matched","equal genotyping + phenotyping budget",1,8101,0,"peripheral",3.52636595610142,2.47363404389858,17,0.162596985872111,0.3,3,2,"poolMean",0,0
4,12,6.99172434491386,0.991724344913855,0.131572520877988,80.9194095279695,0.101429863844247,52.0009697562492,6.09910336949555,3.55888261555827,32,3510,860,130,6,"CB","CB_equalBudget","resource_matched","equal genotyping + phenotyping budget",1,8101,0,"peripheral",3.52636595610142,2.47363404389858,17,0.162596985872111,0.3,3,2,"poolMean",0,0
5,15,7.11756961437252,1.11756961437252,0.043151712730614,26.5390606714902,0.0614697322066976,31.5142460440807,6.0792674387035,3.54259999230772,25,4410,1060,165,8,"CB","CB_equalBudget","resource_matched","equal genotyping + phenotyping budget",1,8101,0,"peripheral",3.52636595610142,2.47363404389858,17,0.162596985872111,0.3,3,2,"poolMean",0,0
6,18,7.20171588612389,1.20171588612389,0.0371663520797426,22.8579588240187,0.0540119758609462,27.6908103468742,6.2115614405523,3.5621523486605,27,5310,1260,200,10,"CB","CB_equalBudget","resource_matched","equal genotyping + phenotyping budget",1,8101,0,"peripheral",3.52636595610142,2.47363404389858,17,0.162596985872111,0.3,3,2,"poolMean",0,0
7,21,7.25029944832425,1.25029944832425,0.0360219646646679,22.1541404789635,0.0516546050530358,26.4822356387917,6.29342698465,3.55931088984081,27,6210,1460,235,12,"CB","CB_equalBudget","resource_matched","equal genotyping + phenotyping budget",1,8101,0,"peripheral",3.52636595610142,2.47363404389858,17,0.162596985872111,0.3,3,2,"poolMean",0,0
8,24,7.33457048310189,1.33457048310189,0.0284407760740652,17.491576440682,0.0503934159933616,25.8356503860525,6.2359863819816,3.52698325240877,13,7110,1660,270,14,"CB","CB_equalBudget","resource_matched","equal genotyping + phenotyping budget",1,8101,0,"peripheral",3.52636595610142,2.47363404389858,17,0.162596985872111,0.3,3,2,"poolMean",0,0
9,27,7.47104173970509,1.47104173970509,0.02294035441522,14.1087205843185,0.0428264547793886,21.956227636962,6.35601208302332,3.50849879242605,14,8010,1860,305,16,"CB","CB_equalBudget","resource_matched","equal genotyping + phenotyping budget",1,8101,0,"peripheral",3.52636595610142,2.47363404389858,17,0.162596985872111,0.3,3,2,"poolMean",0,0
10,30,7.47468865132595,1.47468865132595,0.0270477426160486,16.6348364153089,0.0398771633316867,20.44418759706,6.3845697910072,3.5264221965756,22,8910,2060,340,18,"CB","CB_equalBudget","resource_matched","equal genotyping + phenotyping budget",1,8101,0,"peripheral",3.52636595610142,2.47363404389858,17,0.162596985872111,0.3,3,2,"poolMean",0,0
11,33,7.58531337527708,1.58531337527708,0.0318538211733431,19.5906590780209,0.0329685119423457,16.9022665263066,6.37309274054443,3.55086024141759,30,9810,2260,375,20,"CB","CB_equalBudget","resource_matched","equal genotyping + phenotyping budget",1,8101,0,"peripheral",3.52636595610142,2.47363404389858,17,0.162596985872111,0.3,3,2,"poolMean",0,0
12,36,7.63962772273935,1.63962772273935,0.0266437314465784,16.3863624554115,0.0355448752852058,18.2231141267618,6.50995231966794,3.5123948325415,17,10710,2460,410,22,"CB","CB_equalBudget","resource_matched","equal genotyping + phenotyping budget",1,8101,0,"peripheral",3.52636595610142,2.47363404389858,17,0.162596985872111,0.3,3,2,"poolMean",0,0
13,39,7.84929071340307,1.84929071340307,0.0191032198086668,11.7488154569435,0.027090796577505,13.8888847929715,6.64446055372791,3.55277277212545,10,11610,2660,445,24,"CB","CB_equalBudget","resource_matched","equal genotyping + phenotyping budget",1,8101,0,"peripheral",3.52636595610142,2.47363404389858,17,0.162596985872111,0.3,3,2,"poolMean",0,0
14,42,7.93390543637244,1.93390543637244,0.0133570466488374,8.21481811436727,0.0253636333123548,13.0034043110782,6.64666039733976,3.65381023229246,5,12510,2860,480,25,"CB","CB_equalBudget","resource_matched","equal genotyping + phenotyping budget",1,8101,0,"peripheral",3.52636595610142,2.47363404389858,17,0.162596985872111,0.3,3,2,"poolMean",0,0
15,45,7.98301883878186,1.98301883878186,0.00931240341443298,5.72729153894498,0.0219201267748698,11.2379905313045,6.60155211460802,3.63473308046045,7,13410,3060,515,27,"CB","CB_equalBudget","resource_matched","equal genotyping + phenotyping budget",1,8101,0,"peripheral",3.52636595610142,2.47363404389858,17,0.162596985872111,0.3,3,2,"poolMean",0,0
16,48,8.0183858480275,2.0183858480275,0.0120528544727828,7.41271703662629,0.0198927765639121,10.1986104807976,6.63952473797324,3.62533712509945,18,14310,3260,550,29,"CB","CB_equalBudget","resource_matched","equal genotyping + phenotyping budget",1,8101,0,"peripheral",3.52636595610142,2.47363404389858,17,0.162596985872111,0.3,3,2,"poolMean",0,0
17,51,7.96296546366856,1.96296546366856,0.0205301553320835,12.6264058475421,0.0193597141261614,9.92532051812714,6.57218689133458,3.5896020181657,8,15210,3460,585,31,"CB","CB_equalBudget","resource_matched","equal genotyping + phenotyping budget",1,8101,0,"peripheral",3.52636595610142,2.47363404389858,17,0.162596985872111,0.3,3,2,"poolMean",0,0
18,54,7.88780047578684,1.88780047578684,0.0170037361299264,10.4575961471393,0.0199370853353754,10.2213266611953,6.7269229991966,3.55270935228694,1,16110,3660,620,32,"CB","CB_equalBudget","resource_matched","equal genotyping + phenotyping budget",1,8101,0,"peripheral",3.52636595610142,2.47363404389858,17,0.162596985872111,0.3,3,2,"poolMean",0,0
19,57,7.98142426303271,1.98142426303271,0.00969622793879005,5.9633503578083,0.0129895309130583,6.65946081910389,6.66922981419179,3.51761571141985,0,17010,3860,655,33,"CB","CB_equalBudget","resource_matched","equal genotyping + phenotyping budget",1,8101,0,"peripheral",3.52636595610142,2.47363404389858,17,0.162596985872111,0.3,3,2,"poolMean",0,0
20,60,7.97464980376394,1.97464980376394,0.0100835297347926,6.20154775976211,0.010671634714802,5.47112391776743,6.56897093251189,3.58019637539527,9,17910,4060,690,35,"CB","CB_equalBudget","resource_matched","equal genotyping + phenotyping budget",1,8101,0,"peripheral",3.52636595610142,2.47363404389858,17,0.162596985872111,0.3,3,2,"poolMean",0,0
1,3,6.12368275145102,0.123682751451021,0.178093790006545,109.530806522221,0.186620776060099,95.6765686552711,5.28400989491381,3.56785265074633,0,1460,360,40,0,"CB","CB_lag2","resource_matched","2-cycle bridge development lag",1,8101,0,"peripheral",3.44778716796125,2.55221283203875,17,0.162596985872111,0.3,3,2,"poolMean",2,0
2,6,6.43458269495415,0.434582694954152,0.122590259304619,75.3951610154948,0.142177471503078,72.8914159542259,5.68898578902774,3.51723752148308,1,3160,660,90,0,"CB","CB_lag2","resource_matched","2-cycle bridge development lag",1,8101,0,"peripheral",3.44778716796125,2.55221283203875,17,0.162596985872111,0.3,3,2,"poolMean",2,0
3,9,6.72511656559913,0.725116565599132,0.110954346942757,68.2388706947047,0.133816764455853,68.6050563178646,6.06701432132231,3.51003507368069,59,4860,960,140,0,"CB","CB_lag2","resource_matched","2-cycle bridge development lag",1,8101,0,"peripheral",3.44778716796125,2.55221283203875,17,0.162596985872111,0.3,3,2,"poolMean",2,0
4,12,6.94532695243159,0.945326952431593,0.0878420903586448,54.0244272595164,0.117776914046372,60.3817604913121,6.21064454601567,3.59165104969392,61,6560,1260,190,1,"CB","CB_lag2","resource_matched","2-cycle bridge development lag",1,8101,0,"peripheral",3.44778716796125,2.55221283203875,17,0.162596985872111,0.3,3,2,"poolMean",2,0
5,15,7.24820756089053,1.24820756089053,0.099918364743289,61.451547952973,0.0855701471486837,43.8700247172703,6.38196818307525,3.6134991989285,53,8260,1560,240,3,"CB","CB_lag2","resource_matched","2-cycle bridge development lag",1,8101,0,"peripheral",3.44778716796125,2.55221283203875,17,0.162596985872111,0.3,3,2,"poolMean",2,0
6,18,7.37500038683326,1.37500038683326,0.0992566223943435,61.0445647943393,0.0927088781037715,47.5299027691975,6.50114034878758,3.56912318604718,84,9960,1860,290,5,"CB","CB_lag2","resource_matched","2-cycle bridge development lag",1,8101,0,"peripheral",3.44778716796125,2.55221283203875,17,0.162596985872111,0.3,3,2,"poolMean",2,0
7,21,7.55008925545187,1.55008925545187,0.0710348694081043,43.6876913966757,0.0828068093420469,42.453319219865,6.70029510377253,3.55316657360592,166,11660,2160,340,7,"CB","CB_lag2","resource_matched","2-cycle bridge development lag",1,8101,0,"peripheral",3.44778716796125,2.55221283203875,17,0.162596985872111,0.3,3,2,"poolMean",2,0
8,24,7.69583184703093,1.69583184703093,0.0778203731789765,47.8608953060085,0.0743107895993408,38.097587594637,6.9035854681774,3.56536235217357,139,13360,2460,390,9,"CB","CB_lag2","resource_matched","2-cycle bridge development lag",1,8101,0,"peripheral",3.44778716796125,2.55221283203875,17,0.162596985872111,0.3,3,2,"poolMean",2,0
9,27,7.91061355959091,1.91061355959091,0.0781314908223917,48.0522381170369,0.0654330152861648,33.5461383856429,6.88979154742407,3.55445859513812,146,15060,2760,440,11,"CB","CB_lag2","resource_matched","2-cycle bridge development lag",1,8101,0,"peripheral",3.44778716796125,2.55221283203875,17,0.162596985872111,0.3,3,2,"poolMean",2,0
10,30,8.10859093548611,2.10859093548611,0.0537712004752584,33.070232013742,0.051608470483461,26.4585834098893,6.93972235012309,3.56244436846313,53,16760,3060,490,13,"CB","CB_lag2","resource_matched","2-cycle bridge development lag",1,8101,0,"peripheral",3.44778716796125,2.55221283203875,17,0.162596985872111,0.3,3,2,"poolMean",2,0
11,33,8.30271581051692,2.30271581051692,0.052263074281375,32.1427079358544,0.0501961362559625,25.7345091908542,6.99594855743319,3.50903279903024,36,18460,3360,540,15,"CB","CB_lag2","resource_matched","2-cycle bridge development lag",1,8101,0,"peripheral",3.44778716796125,2.55221283203875,17,0.162596985872111,0.3,3,2,"poolMean",2,0
12,36,8.49064360634184,2.49064360634184,0.0246173405630377,15.1400964974838,0.0392950934090223,20.1457725218809,7.0545903987308,3.62469371991502,54,20160,3660,590,17,"CB","CB_lag2","resource_matched","2-cycle bridge development lag",1,8101,0,"peripheral",3.44778716796125,2.55221283203875,17,0.162596985872111,0.3,3,2,"poolMean",2,0
13,39,8.55610415400637,2.55610415400637,0.0279928486846542,17.2160932347612,0.0395634554272457,20.2833561157501,7.09035927126391,3.59361707318436,32,21860,3960,640,19,"CB","CB_lag2","resource_matched","2-cycle bridge development lag",1,8101,0,"peripheral",3.44778716796125,2.55221283203875,17,0.162596985872111,0.3,3,2,"poolMean",2,0
14,42,8.65210217112256,2.65210217112256,0.0346024248126572,21.2810985560786,0.0355575763183238,18.2296256807954,7.31799253473436,3.59888819816313,73,23560,4260,690,21,"CB","CB_lag2","resource_matched","2-cycle bridge development lag",1,8101,0,"peripheral",3.44778716796125,2.55221283203875,17,0.162596985872111,0.3,3,2,"poolMean",2,0
15,45,8.79249533634499,2.79249533634499,0.0298518528852358,18.359413444918,0.0308433052383771,15.8127174985316,7.4077895551166,3.62637206661258,5,25260,4560,740,23,"CB","CB_lag2","resource_matched","2-cycle bridge development lag",1,8101,0,"peripheral",3.44778716796125,2.55221283203875,17,0.162596985872111,0.3,3,2,"poolMean",2,0
16,48,9.05159120344688,3.05159120344688,0.0275700023951776,16.9560353454906,0.0271170092268253,13.9023234700324,7.61910347259721,3.5990965348451,55,26960,4860,790,25,"CB","CB_lag2","resource_matched","2-cycle bridge development lag",1,8101,0,"peripheral",3.44778716796125,2.55221283203875,17,0.162596985872111,0.3,3,2,"poolMean",2,0
17,51,9.19587194310427,3.19587194310427,0.0159459692901226,9.80705097612616,0.0211611746065341,10.848891628316,7.56854780304952,3.56764731006543,33,28660,5160,840,27,"CB","CB_lag2","resource_matched","2-cycle bridge development lag",1,8101,0,"peripheral",3.44778716796125,2.55221283203875,17,0.162596985872111,0.3,3,2,"poolMean",2,0
18,54,9.23020212904752,3.23020212904752,0.0188177882981524,11.5732700684583,0.0233151269374499,11.9531779378032,7.65432229112546,3.57260900646875,33,30360,5460,890,29,"CB","CB_lag2","resource_matched","2-cycle bridge development lag",1,8101,0,"peripheral",3.44778716796125,2.55221283203875,17,0.162596985872111,0.3,3,2,"poolMean",2,0
19,57,9.27765460577288,3.27765460577288,0.0175437419828033,10.7897092241317,0.0176735672376805,9.06086827468206,7.51429003891946,3.46360776940712,20,32060,5760,940,31,"CB","CB_lag2","resource_matched","2-cycle bridge development lag",1,8101,0,"peripheral",3.44778716796125,2.55221283203875,17,0.162596985872111,0.3,3,2,"poolMean",2,0
20,60,9.33091681847587,3.33091681847587,0.0188353080076953,11.5840449973101,0.0198339338531736,10.1684430537153,7.65480446825838,3.59115995590744,26,33760,6060,990,33,"CB","CB_lag2","resource_matched","2-cycle bridge development lag",1,8101,0,"peripheral",3.44778716796125,2.55221283203875,17,0.162596985872111,0.3,3,2,"poolMean",2,0
1,3,6.20663311137302,0.206633111373018,0.158478770625812,97.467225346023,0.185702239003916,95.2056539180503,5.08408755587388,3.47218088378993,0,810,260,25,0,"CB","CB_equalBudget_lag2","resource_matched","equal budget + 2-cycle lag",1,8101,0,"peripheral",3.43432951651885,2.56567048348115,17,0.162596985872111,0.3,3,2,"poolMean",2,0
2,6,6.41764605232785,0.417646052327854,0.160471685451085,98.6929029405883,0.167794373420491,86.0246657819267,5.74751572214652,3.60775360957004,0,1710,460,60,0,"CB","CB_equalBudget_lag2","resource_matched","equal budget + 2-cycle lag",1,8101,0,"peripheral",3.43432951651885,2.56567048348115,17,0.162596985872111,0.3,3,2,"poolMean",2,0
3,9,6.62362042476043,0.623620424760427,0.180744639297899,111.161125360628,0.154829199493882,79.3776922803417,6.10149640660576,3.60969905999922,21,2610,660,95,0,"CB","CB_equalBudget_lag2","resource_matched","equal budget + 2-cycle lag",1,8101,0,"peripheral",3.43432951651885,2.56567048348115,17,0.162596985872111,0.3,3,2,"poolMean",2,0
4,12,7.18646300699172,1.18646300699172,0.133951606704299,82.382589065739,0.128888655354522,66.0785178545248,6.42089622908206,3.63972883489842,47,3510,860,130,0,"CB","CB_equalBudget_lag2","resource_matched","equal budget + 2-cycle lag",1,8101,0,"peripheral",3.43432951651885,2.56567048348115,17,0.162596985872111,0.3,3,2,"poolMean",2,0
5,15,7.55362543985239,1.55362543985239,0.0823953895066679,50.674610642214,0.11069074368819,56.7488291580976,6.54224108994176,3.66443777849995,33,4410,1060,165,2,"CB","CB_equalBudget_lag2","resource_matched","equal budget + 2-cycle lag",1,8101,0,"peripheral",3.43432951651885,2.56567048348115,17,0.162596985872111,0.3,3,2,"poolMean",2,0
6,18,7.84421510306929,1.84421510306929,0.0830954216311268,51.1051426848002,0.103332572703432,52.9764487926143,6.8761313593775,3.64788838358603,34,5310,1260,200,4,"CB","CB_equalBudget_lag2","resource_matched","equal budget + 2-cycle lag",1,8101,0,"peripheral",3.43432951651885,2.56567048348115,17,0.162596985872111,0.3,3,2,"poolMean",2,0
7,21,8.17985866592926,2.17985866592926,0.0895121050673779,55.0515156152911,0.081590319402566,41.8296502711531,6.96227296499886,3.53214970043881,25,6210,1460,235,6,"CB","CB_equalBudget_lag2","resource_matched","equal budget + 2-cycle lag",1,8101,0,"peripheral",3.43432951651885,2.56567048348115,17,0.162596985872111,0.3,3,2,"poolMean",2,0
8,24,8.48316128776017,2.48316128776017,0.0555614161676687,34.1712460840879,0.0713786939457504,36.5943634787207,6.97585101625634,3.54996578526871,26,7110,1660,270,8,"CB","CB_equalBudget_lag2","resource_matched","equal budget + 2-cycle lag",1,8101,0,"peripheral",3.43432951651885,2.56567048348115,17,0.162596985872111,0.3,3,2,"poolMean",2,0
9,27,8.72703343746668,2.72703343746668,0.041641783428458,25.6104276503692,0.0643578568701303,32.99492715301,7.34724440973007,3.48535141523152,23,8010,1860,305,10,"CB","CB_equalBudget_lag2","resource_matched","equal budget + 2-cycle lag",1,8101,0,"peripheral",3.43432951651885,2.56567048348115,17,0.162596985872111,0.3,3,2,"poolMean",2,0
10,30,8.79253339854053,2.79253339854053,0.0616483980914254,37.914846797907,0.0591141233951769,30.3065746746945,7.39333245378106,3.54154193505082,28,8910,2060,340,12,"CB","CB_equalBudget_lag2","resource_matched","equal budget + 2-cycle lag",1,8101,0,"peripheral",3.43432951651885,2.56567048348115,17,0.162596985872111,0.3,3,2,"poolMean",2,0
11,33,8.93988312871632,2.93988312871632,0.0392815418134892,24.1588376333038,0.0416021212675061,21.3285374527306,7.37657950557494,3.53410632586251,30,9810,2260,375,14,"CB","CB_equalBudget_lag2","resource_matched","equal budget + 2-cycle lag",1,8101,0,"peripheral",3.43432951651885,2.56567048348115,17,0.162596985872111,0.3,3,2,"poolMean",2,0
12,36,9.10902778103606,3.10902778103606,0.0277256528820163,17.0517631266693,0.0381796642463153,19.5739153197039,7.71163237213083,3.51364988663462,15,10710,2460,410,16,"CB","CB_equalBudget_lag2","resource_matched","equal budget + 2-cycle lag",1,8101,0,"peripheral",3.43432951651885,2.56567048348115,17,0.162596985872111,0.3,3,2,"poolMean",2,0
13,39,9.13011292807641,3.13011292807641,0.0477691438539435,29.3788618514219,0.0304530758830586,15.6126550698264,7.6550953011866,3.54144803177528,15,11610,2660,445,18,"CB","CB_equalBudget_lag2","resource_matched","equal budget + 2-cycle lag",1,8101,0,"peripheral",3.43432951651885,2.56567048348115,17,0.162596985872111,0.3,3,2,"poolMean",2,0
14,42,9.33067823934421,3.33067823934421,0.0205571563018434,12.6430119178301,0.0235521644988628,12.0747021378264,7.72613071742281,3.52654086061346,8,12510,2860,480,20,"CB","CB_equalBudget_lag2","resource_matched","equal budget + 2-cycle lag",1,8101,0,"peripheral",3.43432951651885,2.56567048348115,17,0.162596985872111,0.3,3,2,"poolMean",2,0
15,45,9.45572848553734,3.45572848553734,0.043150154281248,26.5381021977783,0.0276237104784124,14.1620986039091,7.90502145039112,3.59795158801795,17,13410,3060,515,22,"CB","CB_equalBudget_lag2","resource_matched","equal budget + 2-cycle lag",1,8101,0,"peripheral",3.43432951651885,2.56567048348115,17,0.162596985872111,0.3,3,2,"poolMean",2,0
16,48,9.66720487763373,3.66720487763373,0.0224367457916352,13.798992442137,0.0188997741326875,9.68951890325903,7.88447601912867,3.61120262031069,16,14310,3260,550,24,"CB","CB_equalBudget_lag2","resource_matched","equal budget + 2-cycle lag",1,8101,0,"peripheral",3.43432951651885,2.56567048348115,17,0.162596985872111,0.3,3,2,"poolMean",2,0
17,51,9.68692583561811,3.68692583561811,0.0386859756905303,23.79255401509,0.0170756316123586,8.75431918558639,7.94449360364473,3.69199890638476,16,15210,3460,585,26,"CB","CB_equalBudget_lag2","resource_matched","equal budget + 2-cycle lag",1,8101,0,"peripheral",3.43432951651885,2.56567048348115,17,0.162596985872111,0.3,3,2,"poolMean",2,0
18,54,9.76028099875212,3.76028099875212,0.0104840722243067,6.44788842060877,0.009540425925319,4.89117683097813,7.92951748362313,3.73851713941033,0,16110,3660,620,28,"CB","CB_equalBudget_lag2","resource_matched","equal budget + 2-cycle lag",1,8101,0,"peripheral",3.43432951651885,2.56567048348115,17,0.162596985872111,0.3,3,2,"poolMean",2,0
19,57,9.80458226764602,3.80458226764602,0.0248854776163664,15.3050054912702,0.0130425153134151,6.68662481298185,7.91874472353977,3.70891207590411,1,17010,3860,655,30,"CB","CB_equalBudget_lag2","resource_matched","equal budget + 2-cycle lag",1,8101,0,"peripheral",3.43432951651885,2.56567048348115,17,0.162596985872111,0.3,3,2,"poolMean",2,0
20,60,9.87251602630755,3.87251602630755,0.0100464715468954,6.17875632380867,0.0103141895269432,5.28786924602794,7.99815443414006,3.70832439954256,16,17910,4060,690,32,"CB","CB_equalBudget_lag2","resource_matched","equal budget + 2-cycle lag",1,8101,0,"peripheral",3.43432951651885,2.56567048348115,17,0.162596985872111,0.3,3,2,"poolMean",2,0
1,4,6.12368275145102,0.123682751451021,0.178093790006545,109.530806522221,0.186620776060099,95.6765686552711,5.28400989491381,3.56785265074633,0,1460,360,40,0,"CB","CB_cyc4_vs_GSRS3","resource_matched","CB 4-yr cycle vs GS-RS 3-yr cycle",1,8101,0,"peripheral",3.44778716796125,2.55221283203875,17,0.162596985872111,0.3,4,2,"poolMean",0,0
2,8,6.43458269495415,0.434582694954152,0.122590259304619,75.3951610154948,0.142177471503078,72.8914159542259,5.68898578902774,3.51723752148308,1,3160,660,90,1,"CB","CB_cyc4_vs_GSRS3","resource_matched","CB 4-yr cycle vs GS-RS 3-yr cycle",1,8101,0,"peripheral",3.44778716796125,2.55221283203875,17,0.162596985872111,0.3,4,2,"poolMean",0,0
3,12,6.65408134263816,0.654081342638157,0.128009531464385,78.7281085056947,0.140514591258975,72.0388920327246,5.94799527324032,3.51003507368069,78,4860,960,140,3,"CB","CB_cyc4_vs_GSRS3","resource_matched","CB 4-yr cycle vs GS-RS 3-yr cycle",1,8101,0,"peripheral",3.44778716796125,2.55221283203875,17,0.162596985872111,0.3,4,2,"poolMean",0,0
4,16,7.03305501586004,1.03305501586004,0.124440896851525,76.5333355868002,0.125450439555974,64.3158165259469,6.25552375330114,3.59165104969392,44,6560,1260,190,5,"CB","CB_cyc4_vs_GSRS3","resource_matched","CB 4-yr cycle vs GS-RS 3-yr cycle",1,8101,0,"peripheral",3.44778716796125,2.55221283203875,17,0.162596985872111,0.3,4,2,"poolMean",0,0
5,20,7.23262698838788,1.23262698838788,0.189970017456015,116.834894839584,0.109410560831544,56.092506182912,6.66784893409402,3.6134991989285,66,8260,1560,240,7,"CB","CB_cyc4_vs_GSRS3","resource_matched","CB 4-yr cycle vs GS-RS 3-yr cycle",1,8101,0,"peripheral",3.44778716796125,2.55221283203875,17,0.162596985872111,0.3,4,2,"poolMean",0,0
6,24,8.0089923683578,2.0089923683578,0.0941170360388369,57.8836289824361,0.0905767976432051,46.4368297101815,7.02654260816714,3.56912318604718,76,9960,1860,290,9,"CB","CB_cyc4_vs_GSRS3","resource_matched","CB 4-yr cycle vs GS-RS 3-yr cycle",1,8101,0,"peripheral",3.44778716796125,2.55221283203875,17,0.162596985872111,0.3,4,2,"poolMean",0,0
7,28,8.26997454103771,2.26997454103771,0.0599088621633808,36.8450016721106,0.0738144573478886,37.8431284302587,7.26990334832329,3.55316657360592,134,11660,2160,340,11,"CB","CB_cyc4_vs_GSRS3","resource_matched","CB 4-yr cycle vs GS-RS 3-yr cycle",1,8101,0,"peripheral",3.44778716796125,2.55221283203875,17,0.162596985872111,0.3,4,2,"poolMean",0,0
8,32,8.59868937023563,2.59868937023563,0.0821396633855682,50.5173345895687,0.0651303671276904,33.3909770047721,7.48370980681574,3.56536235217357,140,13360,2460,390,13,"CB","CB_cyc4_vs_GSRS3","resource_matched","CB 4-yr cycle vs GS-RS 3-yr cycle",1,8101,0,"peripheral",3.44778716796125,2.55221283203875,17,0.162596985872111,0.3,4,2,"poolMean",0,0
9,36,9.0628068341242,3.0628068341242,0.0316771787759719,19.4820209034424,0.0443514473489348,22.7380594316813,7.75953775598456,3.55445859513812,135,15060,2760,440,15,"CB","CB_cyc4_vs_GSRS3","resource_matched","CB 4-yr cycle vs GS-RS 3-yr cycle",1,8101,0,"peripheral",3.44778716796125,2.55221283203875,17,0.162596985872111,0.3,4,2,"poolMean",0,0
10,40,9.26564694982289,3.26564694982289,0.0232655720697133,14.3087351496249,0.0321548309443007,16.4851092969965,7.56019728956816,3.56244436846313,39,16760,3060,490,17,"CB","CB_cyc4_vs_GSRS3","resource_matched","CB 4-yr cycle vs GS-RS 3-yr cycle",1,8101,0,"peripheral",3.44778716796125,2.55221283203875,17,0.162596985872111,0.3,4,2,"poolMean",0,0
11,44,9.33448776014547,3.33448776014547,0.0200578967957275,12.3359585592219,0.0286584153853997,14.6925701685512,7.65315171836863,3.50903279903024,23,18460,3360,540,19,"CB","CB_cyc4_vs_GSRS3","resource_matched","CB 4-yr cycle vs GS-RS 3-yr cycle",1,8101,0,"peripheral",3.44778716796125,2.55221283203875,17,0.162596985872111,0.3,4,2,"poolMean",0,0
12,48,9.44829190964861,3.44829190964861,0.0188909548818985,11.6182688015859,0.0218966339568295,11.2259462548547,7.70992490799846,3.62469371991502,47,20160,3660,590,21,"CB","CB_cyc4_vs_GSRS3","resource_matched","CB 4-yr cycle vs GS-RS 3-yr cycle",1,8101,0,"peripheral",3.44778716796125,2.55221283203875,17,0.162596985872111,0.3,4,2,"poolMean",0,0
13,52,9.50063987256623,3.50063987256623,0.0246997319477986,15.1907686451371,0.0196788369442446,10.0889281124068,7.72347794802909,3.59361707318436,30,21860,3960,640,22,"CB","CB_cyc4_vs_GSRS3","resource_matched","CB 4-yr cycle vs GS-RS 3-yr cycle",1,8101,0,"peripheral",3.44778716796125,2.55221283203875,17,0.162596985872111,0.3,4,2,"poolMean",0,0
14,56,9.55881507354807,3.55881507354807,0.016031802942944,9.85984017905084,0.0151587818279217,7.77159039260647,7.88066459601002,3.59888819816313,58,23560,4260,690,24,"CB","CB_cyc4_vs_GSRS3","resource_matched","CB 4-yr cycle vs GS-RS 3-yr cycle",1,8101,0,"peripheral",3.44778716796125,2.55221283203875,17,0.162596985872111,0.3,4,2,"poolMean",0,0
15,60,9.65933196650211,3.65933196650211,0.0118073199024722,7.26170896658508,0.0138437757650977,7.09741428795156,7.81281595454823,3.62637206661258,2,25260,4560,740,25,"CB","CB_cyc4_vs_GSRS3","resource_matched","CB 4-yr cycle vs GS-RS 3-yr cycle",1,8101,0,"peripheral",3.44778716796125,2.55221283203875,17,0.162596985872111,0.3,4,2,"poolMean",0,0
1,3,6.21771742556936,0.217717425569356,0.418271617489039,118.637129106384,0.295286482851391,96.7532687962352,5.30934928319075,3.27236585281304,0,1460,360,40,0,"CB","CB_bar_q75","bridge_bar","elite top quartile",2,8102,0,"peripheral",3.30067276491107,2.69932723508893,7,0.352563839532874,0.3,3,2,"q75",0,0
2,6,7.33914357308987,1.33914357308987,0.180512575243106,51.19996863044,0.210292264564209,68.9041496335261,6.29971514026087,3.3313186095872,0,3160,660,90,0,"CB","CB_bar_q75","bridge_bar","elite top quartile",2,8102,0,"peripheral",3.30067276491107,2.69932723508893,7,0.352563839532874,0.3,3,2,"q75",0,0
3,9,7.70449468468438,1.70449468468438,0.108916707197055,30.8927618162325,0.179121198931857,58.690669955522,6.80338005775842,3.26584202352578,9,4860,960,140,2,"CB","CB_bar_q75","bridge_bar","elite top quartile",2,8102,0,"peripheral",3.30067276491107,2.69932723508893,7,0.352563839532874,0.3,3,2,"q75",0,0
4,12,7.92347794578094,1.92347794578094,0.165497920205103,46.9412632969897,0.165376630136788,54.1871385162352,7.15428632145392,3.25327178909158,13,6560,1260,190,3,"CB","CB_bar_q75","bridge_bar","elite top quartile",2,8102,0,"peripheral",3.30067276491107,2.69932723508893,7,0.352563839532874,0.3,3,2,"q75",0,0
5,15,8.7780137116206,2.7780137116206,0.0787883756301686,22.3472650327834,0.105189859308873,34.4664023699031,7.41866763404275,3.32645754259877,6,8260,1560,240,5,"CB","CB_bar_q75","bridge_bar","elite top quartile",2,8102,0,"peripheral",3.30067276491107,2.69932723508893,7,0.352563839532874,0.3,3,2,"q75",0,0
6,18,9.0349800101805,3.0349800101805,0.0755129527515341,21.4182353050115,0.096008436557329,31.4580267245504,7.50523677904303,3.24576588398016,1,9960,1860,290,6,"CB","CB_bar_q75","bridge_bar","elite top quartile",2,8102,0,"peripheral",3.30067276491107,2.69932723508893,7,0.352563839532874,0.3,3,2,"q75",0,0
7,21,9.19225012477133,3.19225012477133,0.084534979969705,23.9772122069322,0.0915598278807711,30.0004001278433,7.72306899625579,3.20419492344266,0,11660,2160,340,7,"CB","CB_bar_q75","bridge_bar","elite top quartile",2,8102,0,"peripheral",3.30067276491107,2.69932723508893,7,0.352563839532874,0.3,3,2,"q75",0,0
8,24,9.51427041907103,3.51427041907103,0.0824421118711074,23.3835982670084,0.073133197050938,23.9627490018177,7.97624885449272,3.14757300136046,9,13360,2460,390,9,"CB","CB_bar_q75","bridge_bar","elite top quartile",2,8102,0,"peripheral",3.30067276491107,2.69932723508893,7,0.352563839532874,0.3,3,2,"q75",0,0
9,27,9.8516055053232,3.8516055053232,0.0505362893518573,14.3339400373036,0.0578054599723835,18.9404782521412,8.05422776373372,3.11547792161355,17,15060,2760,440,11,"CB","CB_bar_q75","bridge_bar","elite top quartile",2,8102,0,"peripheral",3.30067276491107,2.69932723508893,7,0.352563839532874,0.3,3,2,"q75",0,0
10,30,10.0097388001104,4.00973880011039,0.0452831695296508,12.8439631215862,0.0486843840395833,15.9518757840722,8.23630424371081,3.3415107947107,29,16760,3060,490,13,"CB","CB_bar_q75","bridge_bar","elite top quartile",2,8102,0,"peripheral",3.30067276491107,2.69932723508893,7,0.352563839532874,0.3,3,2,"q75",0,0
11,33,10.1875304988873,4.18753049888734,0.0456862355524451,12.9582873878889,0.0378763018907021,12.4105105741761,8.45697439773612,3.32145051150442,37,18460,3360,540,15,"CB","CB_bar_q75","bridge_bar","elite top quartile",2,8102,0,"peripheral",3.30067276491107,2.69932723508893,7,0.352563839532874,0.3,3,2,"q75",0,0
12,36,10.3836386550726,4.38363865507256,0.0404046363518041,11.4602326788073,0.0357516091702553,11.7143359172608,8.32513025410501,3.27190856409593,30,20160,3660,590,16,"CB","CB_bar_q75","bridge_bar","elite top quartile",2,8102,0,"peripheral",3.30067276491107,2.69932723508893,7,0.352563839532874,0.3,3,2,"q75",0,0
13,39,10.6355277373755,4.63552773737546,0.0321229902713615,9.11125494716717,0.0300974925072479,9.86171379917845,8.46377371934776,3.2594738325804,0,21860,3960,640,17,"CB","CB_bar_q75","bridge_bar","elite top quartile",2,8102,0,"peripheral",3.30067276491107,2.69932723508893,7,0.352563839532874,0.3,3,2,"q75",0,0
14,42,10.6005409071374,4.60054090713741,0.027074458028391,7.67930655176182,0.0234599648025856,7.68686821887854,8.65790667982951,3.30733568470911,8,23560,4260,690,19,"CB","CB_bar_q75","bridge_bar","elite top quartile",2,8102,0,"peripheral",3.30067276491107,2.69932723508893,7,0.352563839532874,0.3,3,2,"q75",0,0
15,45,10.679209882256,4.67920988225602,0.0195442397356521,5.5434612243692,0.0212503439323763,6.96286609074617,8.50843288425623,3.10560540901873,29,25260,4560,740,21,"CB","CB_bar_q75","bridge_bar","elite top quartile",2,8102,0,"peripheral",3.30067276491107,2.69932723508893,7,0.352563839532874,0.3,3,2,"q75",0,0
16,48,10.7363469846317,4.73634698463173,0.0131198304822069,3.72126378575575,0.0166813189140785,5.46578399791439,8.3778842841945,3.05484937117417,19,26960,4860,790,23,"CB","CB_bar_q75","bridge_bar","elite top quartile",2,8102,0,"peripheral",3.30067276491107,2.69932723508893,7,0.352563839532874,0.3,3,2,"q75",0,0
17,51,10.8327597633476,4.83275976334763,0.0156642567318141,4.44295613315543,0.0140437464703586,4.60155969224169,8.57120997567725,3.01060524873473,22,28660,5160,840,25,"CB","CB_bar_q75","bridge_bar","elite top quartile",2,8102,0,"peripheral",3.30067276491107,2.69932723508893,7,0.352563839532874,0.3,3,2,"q75",0,0
18,54,10.9702169109256,4.97021691092556,0.0080754064167421,2.29048061974862,0.0102973803733948,3.3740291852965,8.62118214002076,2.89911530512732,2,30360,5460,890,26,"CB","CB_bar_q75","bridge_bar","elite top quartile",2,8102,0,"peripheral",3.30067276491107,2.69932723508893,7,0.352563839532874,0.3,3,2,"q75",0,0
19,57,11.0054070165515,5.00540701655149,0.00439860419859306,1.24760503074307,0.00712016023787264,2.33298446550924,8.6275051165584,2.78763084679391,2,32060,5760,940,27,"CB","CB_bar_q75","bridge_bar","elite top quartile",2,8102,0,"peripheral",3.30067276491107,2.69932723508893,7,0.352563839532874,0.3,3,2,"q75",0,0
20,60,10.9843063660406,4.9843063660406,0.00431075760767739,1.22268852454888,0.00688675702765157,2.25650780691533,8.46004840056647,2.82071004183335,9,33760,6060,990,28,"CB","CB_bar_q75","bridge_bar","elite top quartile",2,8102,0,"peripheral",3.30067276491107,2.69932723508893,7,0.352563839532874,0.3,3,2,"q75",0,0
1,3,6.21771742556936,0.217717425569356,0.418271617489039,118.637129106384,0.295286482851391,96.7532687962352,5.26553201185433,3.17643821616675,0,1460,360,40,0,"CB","CB_bar_parentMean","bridge_bar","mean of the selected elite parents",2,8102,0,"peripheral",3.32968856975834,2.67031143024166,7,0.352563839532874,0.3,3,2,"parentMean",0,0
2,6,7.34968191554233,1.34968191554233,0.172303632687306,48.8716122775375,0.209041793843879,68.4944216684746,6.410490516273,3.14707722694457,0,3160,660,90,0,"CB","CB_bar_parentMean","bridge_bar","mean of the selected elite parents",2,8102,0,"peripheral",3.32968856975834,2.67031143024166,7,0.352563839532874,0.3,3,2,"parentMean",0,0
3,9,7.80031233642889,1.80031233642889,0.142923964705492,40.5384638693683,0.179387760418701,58.778011221327,6.96874257049063,3.2244941779778,1,4860,960,140,1,"CB","CB_bar_parentMean","bridge_bar","mean of the selected elite parents",2,8102,0,"peripheral",3.32968856975834,2.67031143024166,7,0.352563839532874,0.3,3,2,"parentMean",0,0
4,12,8.23423678305098,2.23423678305098,0.141339999112998,40.0891932934089,0.136585871221697,44.7535877174967,7.2144590463424,3.15292280863898,0,6560,1260,190,2,"CB","CB_bar_parentMean","bridge_bar","mean of the selected elite parents",2,8102,0,"peripheral",3.32968856975834,2.67031143024166,7,0.352563839532874,0.3,3,2,"parentMean",0,0
5,15,8.50592809717489,2.50592809717489,0.0817040290530452,23.1742509842468,0.113958013664864,37.339366912879,7.35721140391348,3.34356324362083,0,8260,1560,240,3,"CB","CB_bar_parentMean","bridge_bar","mean of the selected elite parents",2,8102,0,"peripheral",3.32968856975834,2.67031143024166,7,0.352563839532874,0.3,3,2,"parentMean",0,0
6,18,8.76244300742126,2.76244300742126,0.0979113047815426,27.7712271659139,0.0910538472151763,29.8346110173115,7.42500018487022,3.41738944824697,0,9960,1860,290,4,"CB","CB_bar_parentMean","bridge_bar","mean of the selected elite parents",2,8102,0,"peripheral",3.32968856975834,2.67031143024166,7,0.352563839532874,0.3,3,2,"parentMean",0,0
7,21,9.17893651130014,3.17893651130014,0.0426697574131167,12.1027038591512,0.0584657849510748,19.1568396634027,7.73424749382743,3.39750452619959,1,11660,2160,340,5,"CB","CB_bar_parentMean","bridge_bar","mean of the selected elite parents",2,8102,0,"peripheral",3.32968856975834,2.67031143024166,7,0.352563839532874,0.3,3,2,"parentMean",0,0
8,24,9.35900669114206,3.35900669114206,0.0383593543179048,10.8801158873039,0.0502232281846019,16.4560918923098,7.88792367730446,3.53522025989642,7,13360,2460,390,6,"CB","CB_bar_parentMean","bridge_bar","mean of the selected elite parents",2,8102,0,"peripheral",3.32968856975834,2.67031143024166,7,0.352563839532874,0.3,3,2,"parentMean",0,0
9,27,9.60913671082103,3.60913671082103,0.0402679870887514,11.4214739498254,0.060049852520857,19.6758736330263,7.91678923273995,3.66290750830022,8,15060,2760,440,7,"CB","CB_bar_parentMean","bridge_bar","mean of the selected elite parents",2,8102,0,"peripheral",3.32968856975834,2.67031143024166,7,0.352563839532874,0.3,3,2,"parentMean",0,0
10,30,9.82421294688081,3.82421294688081,0.0522160939946754,14.8103940732715,0.0655414688344245,21.4752510518016,8.17072945418827,3.56778094894275,1,16760,3060,490,8,"CB","CB_bar_parentMean","bridge_bar","mean of the selected elite parents",2,8102,0,"peripheral",3.32968856975834,2.67031143024166,7,0.352563839532874,0.3,3,2,"parentMean",0,0
11,33,9.78192036381694,3.78192036381694,0.0616736338115803,17.4928982771728,0.0626320726533042,20.521961256656,8.18917795693296,3.58521815033431,2,18460,3360,540,9,"CB","CB_bar_parentMean","bridge_bar","mean of the selected elite parents",2,8102,0,"peripheral",3.32968856975834,2.67031143024166,7,0.352563839532874,0.3,3,2,"parentMean",0,0
12,36,10.1768799788542,4.17687997885424,0.058494979957825,16.5913157842073,0.0542817333584467,17.7858975718794,8.395632643492,3.54540670954337,4,20160,3660,590,10,"CB","CB_bar_parentMean","bridge_bar","mean of the selected elite parents",2,8102,0,"peripheral",3.32968856975834,2.67031143024166,7,0.352563839532874,0.3,3,2,"parentMean",0,0
13,39,10.4388787567665,4.4388787567665,0.0341125823474977,9.67557602977516,0.0448387795009311,14.6918289102046,8.44823352870574,3.54834345188363,1,21860,3960,640,11,"CB","CB_bar_parentMean","bridge_bar","mean of the selected elite parents",2,8102,0,"peripheral",3.32968856975834,2.67031143024166,7,0.352563839532874,0.3,3,2,"parentMean",0,0
14,42,10.6147278616543,4.61472786165433,0.0281311089622788,7.97901140387817,0.0428754064650312,14.0485120971377,8.80406680622907,3.49506551452485,1,23560,4260,690,12,"CB","CB_bar_parentMean","bridge_bar","mean of the selected elite parents",2,8102,0,"peripheral",3.32968856975834,2.67031143024166,7,0.352563839532874,0.3,3,2,"parentMean",0,0
15,45,10.6941773210148,4.69417732101481,0.0330802623250958,9.38277231406521,0.0421129885734539,13.7986990258229,8.6727204862454,3.49107154410813,0,25260,4560,740,13,"CB","CB_bar_parentMean","bridge_bar","mean of the selected elite parents",2,8102,0,"peripheral",3.32968856975834,2.67031143024166,7,0.352563839532874,0.3,3,2,"parentMean",0,0
16,48,10.867920947966,4.86792094796595,0.0368038421314028,10.4389157379741,0.040639640671144,13.3159433498907,8.73373570521234,3.58354468278571,8,26960,4860,790,14,"CB","CB_bar_parentMean","bridge_bar","mean of the selected elite parents",2,8102,0,"peripheral",3.32968856975834,2.67031143024166,7,0.352563839532874,0.3,3,2,"parentMean",0,0
17,51,10.9408356429448,4.94083564294475,0.0300560707879248,8.52500098357996,0.0371879044942806,12.1849509830582,8.9235026259126,3.59277335331519,15,28660,5160,840,16,"CB","CB_bar_parentMean","bridge_bar","mean of the selected elite parents",2,8102,0,"peripheral",3.32968856975834,2.67031143024166,7,0.352563839532874,0.3,3,2,"parentMean",0,0
18,54,11.0112522518983,5.01125225189835,0.033342310491618,9.45709875856655,0.0366605414600009,12.0121557473394,8.93371524963982,3.58474751719751,7,30360,5460,890,17,"CB","CB_bar_parentMean","bridge_bar","mean of the selected elite parents",2,8102,0,"peripheral",3.32968856975834,2.67031143024166,7,0.352563839532874,0.3,3,2,"parentMean",0,0
19,57,11.2240774900819,5.22407749008194,0.0154577359103802,4.38437927464734,0.0239526230274087,7.84829211201006,9.02094578617654,3.61736674885293,0,32060,5760,940,18,"CB","CB_bar_parentMean","bridge_bar","mean of the selected elite parents",2,8102,0,"peripheral",3.32968856975834,2.67031143024166,7,0.352563839532874,0.3,3,2,"parentMean",0,0
20,60,11.2913019974112,5.29130199741122,0.012507560667259,3.54760167231863,0.0151877341572419,4.97639753479989,8.97616028557845,3.70909012465149,6,33760,6060,990,19,"CB","CB_bar_parentMean","bridge_bar","mean of the selected elite parents",2,8102,0,"peripheral",3.32968856975834,2.67031143024166,7,0.352563839532874,0.3,3,2,"parentMean",0,0
1,3,6.21771742556936,0.217717425569356,0.418271617489039,118.637129106384,0.295286482851391,96.7532687962352,5.68961430627657,4.020535224804,0,1460,360,40,0,"CB","CB_donorImp1","donor_quality","donors pre-improved one cycle",2,8102,1,"peripheral",3.93336308845046,2.06663691154954,7,0.352563839532874,0.3,3,2,"poolMean",0,0
2,6,7.37326588352203,1.37326588352203,0.171663821487649,48.6901384200642,0.213747150670047,70.0361741028845,6.52911684278532,4.06356567811997,5,3160,660,90,2,"CB","CB_donorImp1","donor_quality","donors pre-improved one cycle",2,8102,1,"peripheral",3.93336308845046,2.06663691154954,7,0.352563839532874,0.3,3,2,"poolMean",0,0
3,9,7.81704702790088,1.81704702790088,0.147553524982371,41.8515764911881,0.203279306904116,66.6062910556748,6.92752643168621,3.97638031325848,60,4860,960,140,4,"CB","CB_donorImp1","donor_quality","donors pre-improved one cycle",2,8102,1,"peripheral",3.93336308845046,2.06663691154954,7,0.352563839532874,0.3,3,2,"poolMean",0,0
4,12,8.26473839795801,2.26473839795801,0.127881597377263,36.2718983168265,0.177738223192506,58.2375255306367,7.44820509425197,3.96936075462282,69,6560,1260,190,6,"CB","CB_donorImp1","donor_quality","donors pre-improved one cycle",2,8102,1,"peripheral",3.93336308845046,2.06663691154954,7,0.352563839532874,0.3,3,2,"poolMean",0,0
5,15,8.76507820910829,2.76507820910829,0.135809270216429,38.5204762905829,0.149831186158362,49.0935341450577,7.73962832551405,4.01116070184125,50,8260,1560,240,8,"CB","CB_donorImp1","donor_quality","donors pre-improved one cycle",2,8102,1,"peripheral",3.93336308845046,2.06663691154954,7,0.352563839532874,0.3,3,2,"poolMean",0,0
6,18,9.3918239685233,3.3918239685233,0.0766766920597851,21.7483143368807,0.121798281986196,39.9083012609853,7.92186218090948,4.11864160499817,29,9960,1860,290,10,"CB","CB_donorImp1","donor_quality","donors pre-improved one cycle",2,8102,1,"peripheral",3.93336308845046,2.06663691154954,7,0.352563839532874,0.3,3,2,"poolMean",0,0
7,21,9.60894982436523,3.60894982436523,0.0667942461161017,18.9452912143798,0.110462849179811,36.1941448707321,8.10973569655659,4.0939438796725,15,11660,2160,340,12,"CB","CB_donorImp1","donor_quality","donors pre-improved one cycle",2,8102,1,"peripheral",3.93336308845046,2.06663691154954,7,0.352563839532874,0.3,3,2,"poolMean",0,0
8,24,9.79757107581547,3.79757107581547,0.0663011418295841,18.8054288033138,0.100437625308539,32.9092902082592,8.32855065126068,4.12238102933427,82,13360,2460,390,14,"CB","CB_donorImp1","donor_quality","donors pre-improved one cycle",2,8102,1,"peripheral",3.93336308845046,2.06663691154954,7,0.352563839532874,0.3,3,2,"poolMean",0,0
9,27,9.98794972954961,3.98794972954961,0.0520538522763036,14.7643763879109,0.0875859121825547,28.6983109498683,8.32431705801352,4.10639701450492,56,15060,2760,440,16,"CB","CB_donorImp1","donor_quality","donors pre-improved one cycle",2,8102,1,"peripheral",3.93336308845046,2.06663691154954,7,0.352563839532874,0.3,3,2,"poolMean",0,0
10,30,10.120406438367,4.120406438367,0.0605267963785342,17.1676132353019,0.0861056478340896,28.2132890382198,8.54912806952607,4.10533480901529,82,16760,3060,490,18,"CB","CB_donorImp1","donor_quality","donors pre-improved one cycle",2,8102,1,"peripheral",3.93336308845046,2.06663691154954,7,0.352563839532874,0.3,3,2,"poolMean",0,0
11,33,10.4056723951806,4.40567239518058,0.0539023322487461,15.2886729167017,0.0644819806032395,21.1281002149993,8.651534561166,3.97436956166876,61,18460,3360,540,20,"CB","CB_donorImp1","donor_quality","donors pre-improved one cycle",2,8102,1,"peripheral",3.93336308845046,2.06663691154954,7,0.352563839532874,0.3,3,2,"poolMean",0,0
12,36,10.6009791407016,4.60097914070159,0.0511136210333735,14.4976924182287,0.053962279688314,17.6812257070658,8.61818164494361,4.01167015117796,30,20160,3660,590,22,"CB","CB_donorImp1","donor_quality","donors pre-improved one cycle",2,8102,1,"peripheral",3.93336308845046,2.06663691154954,7,0.352563839532874,0.3,3,2,"poolMean",0,0
13,39,10.8178139876441,4.81781398764407,0.0485723628948356,13.7768986630027,0.0427680316381746,14.0133297705222,8.67081008952981,4.1997020954491,5,21860,3960,640,24,"CB","CB_donorImp1","donor_quality","donors pre-improved one cycle",2,8102,1,"peripheral",3.93336308845046,2.06663691154954,7,0.352563839532874,0.3,3,2,"poolMean",0,0
14,42,11.089613479555,5.08961347955498,0.0309129577005418,8.7680454528461,0.027413596091266,8.98231102784522,9.21550881497997,4.25439191049036,39,23560,4260,690,26,"CB","CB_donorImp1","donor_quality","donors pre-improved one cycle",2,8102,1,"peripheral",3.93336308845046,2.06663691154954,7,0.352563839532874,0.3,3,2,"poolMean",0,0
15,45,11.1833826352037,5.18338263520369,0.0228749034142425,6.48815926345434,0.0236272972319268,7.74169619257391,9.14442319057406,4.11537883138453,74,25260,4560,740,28,"CB","CB_donorImp1","donor_quality","donors pre-improved one cycle",2,8102,1,"peripheral",3.93336308845046,2.06663691154954,7,0.352563839532874,0.3,3,2,"poolMean",0,0
16,48,11.2274105770017,5.22741057700168,0.0155188919524299,4.40172536496978,0.0203212643900993,6.65844483238381,9.1060621541085,3.97206498191532,81,26960,4860,790,30,"CB","CB_donorImp1","donor_quality","donors pre-improved one cycle",2,8102,1,"peripheral",3.93336308845046,2.06663691154954,7,0.352563839532874,0.3,3,2,"poolMean",0,0
17,51,11.2988336032896,5.29883360328956,0.008053749889394,2.28433803649993,0.0121072047638608,3.96703440529116,9.08016121499168,4.01539054455599,62,28660,5160,840,32,"CB","CB_donorImp1","donor_quality","donors pre-improved one cycle",2,8102,1,"peripheral",3.93336308845046,2.06663691154954,7,0.352563839532874,0.3,3,2,"poolMean",0,0
18,54,11.3466794101277,5.34667941012768,0.0162405208540711,4.60640571522843,0.0195467433878822,6.40466606814032,9.22069358352725,4.03550674268487,31,30360,5460,890,34,"CB","CB_donorImp1","donor_quality","donors pre-improved one cycle",2,8102,1,"peripheral",3.93336308845046,2.06663691154954,7,0.352563839532874,0.3,3,2,"poolMean",0,0
19,57,11.4175455908183,5.41754559081827,0.0171800761983979,4.87289797534553,0.0276015786020303,9.04390518622775,9.28637027966855,4.01865951160183,33,32060,5760,940,36,"CB","CB_donorImp1","donor_quality","donors pre-improved one cycle",2,8102,1,"peripheral",3.93336308845046,2.06663691154954,7,0.352563839532874,0.3,3,2,"poolMean",0,0
20,60,11.5710242311898,5.57102423118984,0.0305089747658055,8.65346111678047,0.038520935079132,12.6217304293921,9.11134911081496,3.97381174769836,27,33760,6060,990,37,"CB","CB_donorImp1","donor_quality","donors pre-improved one cycle",2,8102,1,"peripheral",3.93336308845046,2.06663691154954,7,0.352563839532874,0.3,3,2,"poolMean",0,0
1,3,6.21771742556936,0.217717425569356,0.418271617489039,118.637129106384,0.295286482851391,96.7532687962352,5.93655662315356,4.53376638348743,0,1460,360,40,0,"CB","CB_donorImp2","donor_quality","donors pre-improved two cycles",2,8102,2,"peripheral",4.38027553312148,1.61972446687852,7,0.352563839532874,0.3,3,2,"poolMean",0,0
2,6,7.43528936846882,1.43528936846882,0.175834977370711,49.8732307895449,0.211814781597841,69.4030160170441,6.83846214016677,4.53618573999958,7,3160,660,90,2,"CB","CB_donorImp2","donor_quality","donors pre-improved two cycles",2,8102,2,"peripheral",4.38027553312148,1.61972446687852,7,0.352563839532874,0.3,3,2,"poolMean",0,0
3,9,7.60601840006091,1.60601840006091,0.130825329775508,37.1068484926996,0.199915416509962,65.504082148705,7.06206424167052,4.59264314503679,102,4860,960,140,4,"CB","CB_donorImp2","donor_quality","donors pre-improved two cycles",2,8102,2,"peripheral",4.38027553312148,1.61972446687852,7,0.352563839532874,0.3,3,2,"poolMean",0,0
4,12,8.08415862807724,2.08415862807724,0.121878015868145,34.5690630183816,0.153074116610889,50.1561094405166,7.24789275841488,4.64104314037744,40,6560,1260,190,6,"CB","CB_donorImp2","donor_quality","donors pre-improved two cycles",2,8102,2,"peripheral",4.38027553312148,1.61972446687852,7,0.352563839532874,0.3,3,2,"poolMean",0,0
5,15,8.47357833797375,2.47357833797375,0.0661217439074767,18.7545449910813,0.119276210588095,39.081921910507,7.58034921131206,4.61187864260253,50,8260,1560,240,8,"CB","CB_donorImp2","donor_quality","donors pre-improved two cycles",2,8102,2,"peripheral",4.38027553312148,1.61972446687852,7,0.352563839532874,0.3,3,2,"poolMean",0,0
6,18,8.55185944501508,2.55185944501508,0.0744462712486396,21.1156854166543,0.115963182174965,37.9963783885352,7.59547664198423,4.67213718621652,13,9960,1860,290,10,"CB","CB_donorImp2","donor_quality","donors pre-improved two cycles",2,8102,2,"peripheral",4.38027553312148,1.61972446687852,7,0.352563839532874,0.3,3,2,"poolMean",0,0
7,21,8.74927779201467,2.74927779201467,0.0477727000395083,13.5500850293678,0.084126013139026,27.5646439464421,7.51724542199504,4.7403695253446,7,11660,2160,340,12,"CB","CB_donorImp2","donor_quality","donors pre-improved two cycles",2,8102,2,"peripheral",4.38027553312148,1.61972446687852,7,0.352563839532874,0.3,3,2,"poolMean",0,0
8,24,8.83653314856424,2.83653314856424,0.0492547283525032,13.9704424644804,0.0751323626762631,24.6177935783506,7.79521007772094,4.81269924887587,79,13360,2460,390,14,"CB","CB_donorImp2","donor_quality","donors pre-improved two cycles",2,8102,2,"peripheral",4.38027553312148,1.61972446687852,7,0.352563839532874,0.3,3,2,"poolMean",0,0
9,27,8.99689644366328,2.99689644366328,0.0340148910318223,9.64786719956589,0.0619418587256436,20.295806462759,7.79857010507936,4.62021046201407,85,15060,2760,440,16,"CB","CB_donorImp2","donor_quality","donors pre-improved two cycles",2,8102,2,"peripheral",4.38027553312148,1.61972446687852,7,0.352563839532874,0.3,3,2,"poolMean",0,0
10,30,9.05049081824624,3.05049081824624,0.0415420357555687,11.7828407503757,0.0577367716927619,18.9179719202658,7.94915790679079,4.66327340580298,91,16760,3060,490,18,"CB","CB_donorImp2","donor_quality","donors pre-improved two cycles",2,8102,2,"peripheral",4.38027553312148,1.61972446687852,7,0.352563839532874,0.3,3,2,"poolMean",0,0
11,33,9.08103433735793,3.08103433735793,0.0484599821636983,13.7450233772995,0.0579415167471673,18.9850584766577,8.11722857581497,4.56140625533448,96,18460,3360,540,20,"CB","CB_donorImp2","donor_quality","donors pre-improved two cycles",2,8102,2,"peripheral",4.38027553312148,1.61972446687852,7,0.352563839532874,0.3,3,2,"poolMean",0,0
12,36,9.36024255998411,3.36024255998411,0.0540741056552581,15.3373941374428,0.0486212559125098,15.9311912861284,7.98203440705453,4.49978832051491,50,20160,3660,590,22,"CB","CB_donorImp2","donor_quality","donors pre-improved two cycles",2,8102,2,"peripheral",4.38027553312148,1.61972446687852,7,0.352563839532874,0.3,3,2,"poolMean",0,0
13,39,9.40656955933293,3.40656955933293,0.0646026392149831,18.3236713386653,0.05455025222011,17.8738801891279,8.06273515359563,4.50493124643084,25,21860,3960,640,24,"CB","CB_donorImp2","donor_quality","donors pre-improved two cycles",2,8102,2,"peripheral",4.38027553312148,1.61972446687852,7,0.352563839532874,0.3,3,2,"poolMean",0,0
14,42,9.58128162342966,3.58128162342966,0.0508357045021522,14.4188651251094,0.0513429708190467,16.8229856256323,8.21341877655036,4.62736394690859,43,23560,4260,690,26,"CB","CB_donorImp2","donor_quality","donors pre-improved two cycles",2,8102,2,"peripheral",4.38027553312148,1.61972446687852,7,0.352563839532874,0.3,3,2,"poolMean",0,0
15,45,9.72504693916293,3.72504693916293,0.0295737844258522,8.38820693155478,0.0462868760601155,15.1663107567177,8.39782184623937,4.68977393262332,94,25260,4560,740,28,"CB","CB_donorImp2","donor_quality","donors pre-improved two cycles",2,8102,2,"peripheral",4.38027553312148,1.61972446687852,7,0.352563839532874,0.3,3,2,"poolMean",0,0
16,48,9.80969077234003,3.80969077234003,0.0427400516501771,12.1226418758104,0.0572057868311414,18.7439899602823,8.55888399777812,4.61112472266582,83,26960,4860,790,30,"CB","CB_donorImp2","donor_quality","donors pre-improved two cycles",2,8102,2,"peripheral",4.38027553312148,1.61972446687852,7,0.352563839532874,0.3,3,2,"poolMean",0,0
17,51,10.0780125031902,4.07801250319024,0.0393703797511683,11.1668796786794,0.0548248688308637,17.9638607886446,8.6694147999754,4.53819733827144,60,28660,5160,840,32,"CB","CB_donorImp2","donor_quality","donors pre-improved two cycles",2,8102,2,"peripheral",4.38027553312148,1.61972446687852,7,0.352563839532874,0.3,3,2,"poolMean",0,0
18,54,10.3493453709043,4.34934537090431,0.033608789885211,9.53268206113839,0.0370864505090537,12.1517086733923,8.69891494199282,4.60347633802052,26,30360,5460,890,34,"CB","CB_donorImp2","donor_quality","donors pre-improved two cycles",2,8102,2,"peripheral",4.38027553312148,1.61972446687852,7,0.352563839532874,0.3,3,2,"poolMean",0,0
19,57,10.42951159561,4.42951159560998,0.0316704297541106,8.98289223196345,0.0344148207413774,11.2763251795731,8.8266317107956,4.58952953262799,45,32060,5760,940,36,"CB","CB_donorImp2","donor_quality","donors pre-improved two cycles",2,8102,2,"peripheral",4.38027553312148,1.61972446687852,7,0.352563839532874,0.3,3,2,"poolMean",0,0
20,60,10.4586971937347,4.45869719373468,0.0223744826286532,6.34622162564887,0.0275413169437563,9.02415991253695,8.72148705546841,4.65138729755482,29,33760,6060,990,38,"CB","CB_donorImp2","donor_quality","donors pre-improved two cycles",2,8102,2,"peripheral",4.38027553312148,1.61972446687852,7,0.352563839532874,0.3,3,2,"poolMean",0,0
1,3,6.21771742556936,0.217717425569356,0.418271617489039,118.637129106384,0.295286482851391,96.7532687962352,6.17583868863317,5.08267670403034,16,1460,360,40,2,"CB","CB_donorImp3","donor_quality","donors pre-improved three cycles",2,8102,3,"peripheral",4.99392904555326,1.00607095444674,7,0.352563839532874,0.3,3,2,"poolMean",0,0
2,6,7.26354418128877,1.26354418128877,0.201834208234569,57.2475635907493,0.236254585555396,77.4109373373801,6.96431412722333,5.06928465376106,46,3160,660,90,4,"CB","CB_donorImp3","donor_quality","donors pre-improved three cycles",2,8102,3,"peripheral",4.99392904555326,1.00607095444674,7,0.352563839532874,0.3,3,2,"poolMean",0,0
3,9,7.80800211594761,1.80800211594761,0.125147834933973,35.4965032998808,0.202212820800735,66.2568473031826,7.29586528661327,5.09382158790634,108,4860,960,140,6,"CB","CB_donorImp3","donor_quality","donors pre-improved three cycles",2,8102,3,"peripheral",4.99392904555326,1.00607095444674,7,0.352563839532874,0.3,3,2,"poolMean",0,0
4,12,8.15993811933742,2.15993811933742,0.131389016941143,37.2667307898692,0.17286565443086,56.6409846034281,7.57717601631826,5.08901229449144,56,6560,1260,190,8,"CB","CB_donorImp3","donor_quality","donors pre-improved three cycles",2,8102,3,"peripheral",4.99392904555326,1.00607095444674,7,0.352563839532874,0.3,3,2,"poolMean",0,0
5,15,8.40161985717625,2.40161985717625,0.104664373936156,29.6866445733146,0.151681413777466,49.6997778458758,7.87406368283809,5.13771281462968,78,8260,1560,240,10,"CB","CB_donorImp3","donor_quality","donors pre-improved three cycles",2,8102,3,"peripheral",4.99392904555326,1.00607095444674,7,0.352563839532874,0.3,3,2,"poolMean",0,0
6,18,8.86564349767113,2.86564349767113,0.0893236459460009,25.3354530244365,0.14476757711368,47.4343971529126,7.90354693421912,5.04034783845891,30,9960,1860,290,12,"CB","CB_donorImp3","donor_quality","donors pre-improved three cycles",2,8102,3,"peripheral",4.99392904555326,1.00607095444674,7,0.352563839532874,0.3,3,2,"poolMean",0,0
7,21,9.22249624527351,3.22249624527351,0.101220014790424,28.7096983413088,0.130807728260569,42.8603272686517,8.29210252226203,5.03616633522294,36,11660,2160,340,14,"CB","CB_donorImp3","donor_quality","donors pre-improved three cycles",2,8102,3,"peripheral",4.99392904555326,1.00607095444674,7,0.352563839532874,0.3,3,2,"poolMean",0,0
8,24,9.65142830642277,3.65142830642277,0.0767362022780638,21.7651936113853,0.110920721203758,36.3441707526469,8.61210011182288,4.91956498686946,70,13360,2460,390,16,"CB","CB_donorImp3","donor_quality","donors pre-improved three cycles",2,8102,3,"peripheral",4.99392904555326,1.00607095444674,7,0.352563839532874,0.3,3,2,"poolMean",0,0
9,27,9.96050322569638,3.96050322569638,0.0773997436293309,21.9533982077915,0.0994461207146739,32.5844148209521,8.72605421935506,4.87413560080312,76,15060,2760,440,18,"CB","CB_donorImp3","donor_quality","donors pre-improved three cycles",2,8102,3,"peripheral",4.99392904555326,1.00607095444674,7,0.352563839532874,0.3,3,2,"poolMean",0,0
10,30,10.2626144631517,4.26261446315166,0.0536251774510037,15.2100616790576,0.0842630089438079,27.6095318525733,8.85827783892454,4.77869740834757,77,16760,3060,490,20,"CB","CB_donorImp3","donor_quality","donors pre-improved three cycles",2,8102,3,"peripheral",4.99392904555326,1.00607095444674,7,0.352563839532874,0.3,3,2,"poolMean",0,0
11,33,10.5420951381108,4.54209513811084,0.0669599807979868,18.9922996319489,0.069429068526858,22.7490580150668,8.97994074698481,4.78666843511745,78,18460,3360,540,22,"CB","CB_donorImp3","donor_quality","donors pre-improved three cycles",2,8102,3,"peripheral",4.99392904555326,1.00607095444674,7,0.352563839532874,0.3,3,2,"poolMean",0,0
12,36,10.8559472044249,4.85594720442489,0.0488707411815386,13.8615296583704,0.0505377992672241,16.559163933463,8.92226860798085,4.73541920047032,47,20160,3660,590,24,"CB","CB_donorImp3","donor_quality","donors pre-improved three cycles",2,8102,3,"peripheral",4.99392904555326,1.00607095444674,7,0.352563839532874,0.3,3,2,"poolMean",0,0
13,39,10.9295638153554,4.92956381535543,0.0518166572173398,14.6970991937216,0.047611856943868,15.6004526461725,9.15339832577777,4.75792863434963,6,21860,3960,640,26,"CB","CB_donorImp3","donor_quality","donors pre-improved three cycles",2,8102,3,"peripheral",4.99392904555326,1.00607095444674,7,0.352563839532874,0.3,3,2,"poolMean",0,0
14,42,11.0440571165129,5.04405711651286,0.023714087565753,6.72618258218789,0.0316273085884014,10.3629717811875,9.2619062177692,4.83717299981267,53,23560,4260,690,28,"CB","CB_donorImp3","donor_quality","donors pre-improved three cycles",2,8102,3,"peripheral",4.99392904555326,1.00607095444674,7,0.352563839532874,0.3,3,2,"poolMean",0,0
15,45,11.0770581294742,5.07705812947423,0.0221292199129642,6.27665614893579,0.0344499003040342,11.287819313413,9.37870695008688,4.88409832613267,80,25260,4560,740,30,"CB","CB_donorImp3","donor_quality","donors pre-improved three cycles",2,8102,3,"peripheral",4.99392904555326,1.00607095444674,7,0.352563839532874,0.3,3,2,"poolMean",0,0
16,48,11.1720072851667,5.17200728516672,0.0423862789307693,12.0222989932628,0.0434977480750942,14.2524279164466,9.44348753425465,4.91498381388987,61,26960,4860,790,32,"CB","CB_donorImp3","donor_quality","donors pre-improved three cycles",2,8102,3,"peripheral",4.99392904555326,1.00607095444674,7,0.352563839532874,0.3,3,2,"poolMean",0,0
17,51,11.360394498171,5.360394498171,0.0376550326939903,10.6803445140264,0.0380412476523763,12.4645565347698,9.58006825027412,4.81309697038155,58,28660,5160,840,34,"CB","CB_donorImp3","donor_quality","donors pre-improved three cycles",2,8102,3,"peripheral",4.99392904555326,1.00607095444674,7,0.352563839532874,0.3,3,2,"poolMean",0,0
18,54,11.5067655584531,5.50676555845308,0.0419041493851584,11.8855494201217,0.0326405454017994,10.6949679254549,9.63202074694201,4.8782256253625,26,30360,5460,890,36,"CB","CB_donorImp3","donor_quality","donors pre-improved three cycles",2,8102,3,"peripheral",4.99392904555326,1.00607095444674,7,0.352563839532874,0.3,3,2,"poolMean",0,0
19,57,11.7730998252854,5.77309982528535,0.0404250115148971,11.466011820287,0.0370074412002417,12.1258205635842,9.78973609806306,4.7286327993041,55,32060,5760,940,38,"CB","CB_donorImp3","donor_quality","donors pre-improved three cycles",2,8102,3,"peripheral",4.99392904555326,1.00607095444674,7,0.352563839532874,0.3,3,2,"poolMean",0,0
20,60,11.8172572523335,5.81725725233347,0.0270887203882781,7.68335187867508,0.0358022581482931,11.7309315099172,9.52547011900746,4.66284781959652,21,33760,6060,990,39,"CB","CB_donorImp3","donor_quality","donors pre-improved three cycles",2,8102,3,"peripheral",4.99392904555326,1.00607095444674,7,0.352563839532874,0.3,3,2,"poolMean",0,0
1,3,6.0741606768156,0.0741606768155973,0.380321339382995,107.873042194826,0.296136602540315,97.0318181493148,NA,NA,0,1260,260,30,0,"GSRS","GSRS_h2_0.15","heritability","h2 = 0.15",2,8102,0,"peripheral",NA,NA,7,0.352563839532874,0.15,3,2,"poolMean",0,0
2,6,7.17128625366945,1.17128625366945,0.272440457974305,77.2740784577546,0.251035962811081,82.2541883828999,NA,NA,0,2460,460,60,0,"GSRS","GSRS_h2_0.15","heritability","h2 = 0.15",2,8102,0,"peripheral",NA,NA,7,0.352563839532874,0.15,3,2,"poolMean",0,0
3,9,7.50416739221603,1.50416739221603,0.209499561125374,59.4217380327342,0.225029001051507,73.7327737302559,NA,NA,0,3660,660,90,0,"GSRS","GSRS_h2_0.15","heritability","h2 = 0.15",2,8102,0,"peripheral",NA,NA,7,0.352563839532874,0.15,3,2,"poolMean",0,0
4,12,7.98911547294105,1.98911547294105,0.119921249789491,34.0140525892785,0.170644437870967,55.9131830434017,NA,NA,0,4860,860,120,0,"GSRS","GSRS_h2_0.15","heritability","h2 = 0.15",2,8102,0,"peripheral",NA,NA,7,0.352563839532874,0.15,3,2,"poolMean",0,0
5,15,8.47640667621806,2.47640667621806,0.10950296927927,31.0590471854276,0.124164996694449,40.6837765963967,NA,NA,0,6060,1060,150,0,"GSRS","GSRS_h2_0.15","heritability","h2 = 0.15",2,8102,0,"peripheral",NA,NA,7,0.352563839532874,0.15,3,2,"poolMean",0,0
6,18,8.78123315072526,2.78123315072526,0.115562333714941,32.7777045621168,0.106009753258164,34.7350479878607,NA,NA,0,7260,1260,180,0,"GSRS","GSRS_h2_0.15","heritability","h2 = 0.15",2,8102,0,"peripheral",NA,NA,7,0.352563839532874,0.15,3,2,"poolMean",0,0
7,21,9.05183424593984,3.05183424593984,0.0907976060619491,25.7535220237704,0.100547506921202,32.9452939057637,NA,NA,0,8460,1460,210,0,"GSRS","GSRS_h2_0.15","heritability","h2 = 0.15",2,8102,0,"peripheral",NA,NA,7,0.352563839532874,0.15,3,2,"poolMean",0,0
8,24,9.33985920233306,3.33985920233306,0.0512318002203743,14.5312123580947,0.075393049491883,24.7032099553542,NA,NA,0,9660,1660,240,0,"GSRS","GSRS_h2_0.15","heritability","h2 = 0.15",2,8102,0,"peripheral",NA,NA,7,0.352563839532874,0.15,3,2,"poolMean",0,0
9,27,9.35754835227036,3.35754835227036,0.0503374411685288,14.2775394195908,0.060145466626723,19.7072024537574,NA,NA,0,10860,1860,270,0,"GSRS","GSRS_h2_0.15","heritability","h2 = 0.15",2,8102,0,"peripheral",NA,NA,7,0.352563839532874,0.15,3,2,"poolMean",0,0
10,30,9.53224162906951,3.53224162906951,0.0362133853237979,10.2714405912355,0.0520066245351317,17.0404377276045,NA,NA,0,12060,2060,300,0,"GSRS","GSRS_h2_0.15","heritability","h2 = 0.15",2,8102,0,"peripheral",NA,NA,7,0.352563839532874,0.15,3,2,"poolMean",0,0
11,33,9.74814639219028,3.74814639219028,0.0325213875744616,9.22425499380495,0.0447591155248164,14.6657262927736,NA,NA,0,13260,2260,330,0,"GSRS","GSRS_h2_0.15","heritability","h2 = 0.15",2,8102,0,"peripheral",NA,NA,7,0.352563839532874,0.15,3,2,"poolMean",0,0
12,36,9.72918470766401,3.72918470766401,0.0398436959536436,11.301129465357,0.0473496381400583,15.514534299476,NA,NA,0,14460,2460,360,0,"GSRS","GSRS_h2_0.15","heritability","h2 = 0.15",2,8102,0,"peripheral",NA,NA,7,0.352563839532874,0.15,3,2,"poolMean",0,0
13,39,9.9302679512675,3.9302679512675,0.0360600406768124,10.2279464407325,0.0404169313548718,13.2429706417172,NA,NA,0,15660,2660,390,0,"GSRS","GSRS_h2_0.15","heritability","h2 = 0.15",2,8102,0,"peripheral",NA,NA,7,0.352563839532874,0.15,3,2,"poolMean",0,0
14,42,10.0735688595392,4.07356885953916,0.0268369216128349,7.61193253635774,0.0295110369647295,9.66955637228099,NA,NA,0,16860,2860,420,0,"GSRS","GSRS_h2_0.15","heritability","h2 = 0.15",2,8102,0,"peripheral",NA,NA,7,0.352563839532874,0.15,3,2,"poolMean",0,0
15,45,10.2287721478109,4.22877214781094,0.0110944943770569,3.14680438917287,0.01782152983448,5.83938434900642,NA,NA,0,18060,3060,450,0,"GSRS","GSRS_h2_0.15","heritability","h2 = 0.15",2,8102,0,"peripheral",NA,NA,7,0.352563839532874,0.15,3,2,"poolMean",0,0
16,48,10.2881802631869,4.28818026318686,0.00806659860108192,2.28798240107939,0.0133559646280915,4.3762017929723,NA,NA,0,19260,3260,480,0,"GSRS","GSRS_h2_0.15","heritability","h2 = 0.15",2,8102,0,"peripheral",NA,NA,7,0.352563839532874,0.15,3,2,"poolMean",0,0
17,51,10.2848838883516,4.28488388835162,0.00842458885823645,2.38952153158944,0.00951730344030755,3.11842997039196,NA,NA,0,20460,3460,510,0,"GSRS","GSRS_h2_0.15","heritability","h2 = 0.15",2,8102,0,"peripheral",NA,NA,7,0.352563839532874,0.15,3,2,"poolMean",0,0
18,54,10.2738691667014,4.2738691667014,0.0076397164103318,2.16690299846234,0.0109095658060939,3.5746172418547,NA,NA,0,21660,3660,540,0,"GSRS","GSRS_h2_0.15","heritability","h2 = 0.15",2,8102,0,"peripheral",NA,NA,7,0.352563839532874,0.15,3,2,"poolMean",0,0
19,57,10.3762767861919,4.37627678619187,0.0050658959030433,1.43687336448211,0.00794994511531334,2.60487093492977,NA,NA,0,22860,3860,570,0,"GSRS","GSRS_h2_0.15","heritability","h2 = 0.15",2,8102,0,"peripheral",NA,NA,7,0.352563839532874,0.15,3,2,"poolMean",0,0
20,60,10.4144972453145,4.41449724531452,0.00539424989815956,1.53000656712459,0.00674387458777464,2.20969109191307,NA,NA,0,24060,4060,600,0,"GSRS","GSRS_h2_0.15","heritability","h2 = 0.15",2,8102,0,"peripheral",NA,NA,7,0.352563839532874,0.15,3,2,"poolMean",0,0
1,3,6.0741606768156,0.0741606768155973,0.380321339382995,107.873042194826,0.296136602540315,97.0318181493148,5.28584412225672,3.37079641317099,0,1460,360,40,0,"CB","CB_h2_0.15","heritability","h2 = 0.15",2,8102,0,"peripheral",3.39224587177996,2.60775412822004,7,0.352563839532874,0.15,3,2,"poolMean",0,0
2,6,7.39040124691666,1.39040124691666,0.212628510558103,60.3092225339453,0.220335387350916,72.1948690364351,6.38117033599252,3.44483675955894,7,3160,660,90,1,"CB","CB_h2_0.15","heritability","h2 = 0.15",2,8102,0,"peripheral",3.39224587177996,2.60775412822004,7,0.352563839532874,0.15,3,2,"poolMean",0,0
3,9,7.79081633796431,1.79081633796431,0.158020485739098,44.8203893934403,0.201709798162329,66.0920274168323,6.80788455499405,3.54128707595561,58,4860,960,140,3,"CB","CB_h2_0.15","heritability","h2 = 0.15",2,8102,0,"peripheral",3.39224587177996,2.60775412822004,7,0.352563839532874,0.15,3,2,"poolMean",0,0
4,12,8.19844763311116,2.19844763311116,0.128920230018777,36.5664925222021,0.189628135841032,62.1333622223065,7.09907531735157,3.51249989927552,56,6560,1260,190,5,"CB","CB_h2_0.15","heritability","h2 = 0.15",2,8102,0,"peripheral",3.39224587177996,2.60775412822004,7,0.352563839532874,0.15,3,2,"poolMean",0,0
5,15,8.45521516856919,2.45521516856919,0.107726350231647,30.5551330432463,0.149268745148863,48.9092452956371,7.2184747032757,3.611203091548,31,8260,1560,240,7,"CB","CB_h2_0.15","heritability","h2 = 0.15",2,8102,0,"peripheral",3.39224587177996,2.60775412822004,7,0.352563839532874,0.15,3,2,"poolMean",0,0
6,18,8.71567275878641,2.71567275878641,0.121834287442639,34.5566600375303,0.120786769463921,39.5768700961943,7.27868096161271,3.64837499521072,20,9960,1860,290,9,"CB","CB_h2_0.15","heritability","h2 = 0.15",2,8102,0,"peripheral",3.39224587177996,2.60775412822004,7,0.352563839532874,0.15,3,2,"poolMean",0,0
7,21,8.87375248009724,2.87375248009724,0.0844829011437498,23.9624407470955,0.0941649469054511,30.8539907792241,7.42789381242973,3.64949571460285,5,11660,2160,340,11,"CB","CB_h2_0.15","heritability","h2 = 0.15",2,8102,0,"peripheral",3.39224587177996,2.60775412822004,7,0.352563839532874,0.15,3,2,"poolMean",0,0
8,24,9.19020397228173,3.19020397228173,0.0749916390213328,21.2703716639495,0.0871139444545331,28.5436664838857,7.79026296099005,3.56814473088923,50,13360,2460,390,13,"CB","CB_h2_0.15","heritability","h2 = 0.15",2,8102,0,"peripheral",3.39224587177996,2.60775412822004,7,0.352563839532874,0.15,3,2,"poolMean",0,0
9,27,9.23520841110477,3.23520841110477,0.0464104298573731,13.1636953803499,0.0703515421340373,23.0513147794503,7.7170548663267,3.58330054086413,59,15060,2760,440,15,"CB","CB_h2_0.15","heritability","h2 = 0.15",2,8102,0,"peripheral",3.39224587177996,2.60775412822004,7,0.352563839532874,0.15,3,2,"poolMean",0,0
10,30,9.39212568767942,3.39212568767942,0.0443634507409609,12.5830972341746,0.0514122351921313,16.8456807197062,7.85700680052528,3.49400942341773,96,16760,3060,490,17,"CB","CB_h2_0.15","heritability","h2 = 0.15",2,8102,0,"peripheral",3.39224587177996,2.60775412822004,7,0.352563839532874,0.15,3,2,"poolMean",0,0
11,33,9.53552581616982,3.53552581616982,0.0469577228378184,13.3189276869785,0.0533499524956228,17.4805912015727,7.79494028955688,3.62434958994821,60,18460,3360,540,19,"CB","CB_h2_0.15","heritability","h2 = 0.15",2,8102,0,"peripheral",3.39224587177996,2.60775412822004,7,0.352563839532874,0.15,3,2,"poolMean",0,0
12,36,9.63525289604359,3.63525289604359,0.0336806545111887,9.55306549753189,0.0407655553785303,13.3572004349137,7.81832689682998,3.70090646739551,35,20160,3660,590,21,"CB","CB_h2_0.15","heritability","h2 = 0.15",2,8102,0,"peripheral",3.39224587177996,2.60775412822004,7,0.352563839532874,0.15,3,2,"poolMean",0,0
13,39,9.73240545041078,3.73240545041078,0.0276915314008938,7.85433112981282,0.0371215984263389,12.1632252042402,7.93709948281726,3.7122188274415,4,21860,3960,640,23,"CB","CB_h2_0.15","heritability","h2 = 0.15",2,8102,0,"peripheral",3.39224587177996,2.60775412822004,7,0.352563839532874,0.15,3,2,"poolMean",0,0
14,42,9.80847278469298,3.80847278469298,0.0275127819468231,7.80363124683345,0.0351269883904703,11.5096733075176,8.13374207862532,3.79743427812399,21,23560,4260,690,25,"CB","CB_h2_0.15","heritability","h2 = 0.15",2,8102,0,"peripheral",3.39224587177996,2.60775412822004,7,0.352563839532874,0.15,3,2,"poolMean",0,0
15,45,9.89530396706796,3.89530396706796,0.0245291159855861,6.95735445191592,0.0260326730537913,8.52983918917003,8.06631688614076,3.79434559099014,75,25260,4560,740,27,"CB","CB_h2_0.15","heritability","h2 = 0.15",2,8102,0,"peripheral",3.39224587177996,2.60775412822004,7,0.352563839532874,0.15,3,2,"poolMean",0,0
16,48,9.8963061872325,3.8963061872325,0.0247061403782879,7.00756504439652,0.0252751754222566,8.2816382852591,7.94998417565529,3.90896144834931,67,26960,4860,790,29,"CB","CB_h2_0.15","heritability","h2 = 0.15",2,8102,0,"peripheral",3.39224587177996,2.60775412822004,7,0.352563839532874,0.15,3,2,"poolMean",0,0
17,51,9.9660376866484,3.9660376866484,0.0195793905647677,5.55343128515653,0.0215711401859413,7.06797786508235,8.04515887050059,4.01747152682594,73,28660,5160,840,31,"CB","CB_h2_0.15","heritability","h2 = 0.15",2,8102,0,"peripheral",3.39224587177996,2.60775412822004,7,0.352563839532874,0.15,3,2,"poolMean",0,0
18,54,9.94726621150736,3.94726621150736,0.0171504081169408,4.86448302232699,0.0224870729564507,7.36809146557172,8.06935640763979,4.04362392419592,29,30360,5460,890,33,"CB","CB_h2_0.15","heritability","h2 = 0.15",2,8102,0,"peripheral",3.39224587177996,2.60775412822004,7,0.352563839532874,0.15,3,2,"poolMean",0,0
19,57,9.85023182278098,3.85023182278098,0.037490846296074,10.6337752464198,0.0312213082033614,10.2299421077469,8.13618839305189,3.96462474406229,0,32060,5760,940,35,"CB","CB_h2_0.15","heritability","h2 = 0.15",2,8102,0,"peripheral",3.39224587177996,2.60775412822004,7,0.352563839532874,0.15,3,2,"poolMean",0,0
20,60,9.88009203859263,3.88009203859263,0.0175848419701624,4.98770435262484,0.0214320620193929,7.02240765441165,8.05807727980728,3.97856933741941,20,33760,6060,990,36,"CB","CB_h2_0.15","heritability","h2 = 0.15",2,8102,0,"peripheral",3.39224587177996,2.60775412822004,7,0.352563839532874,0.15,3,2,"poolMean",0,0
1,3,6.24247095407542,0.242470954075415,0.334805593583775,94.9631119366559,0.294750550993758,96.577665908567,NA,NA,0,1260,260,30,0,"GSRS","GSRS_h2_0.50","heritability","h2 = 0.50",2,8102,0,"peripheral",NA,NA,7,0.352563839532874,0.5,3,2,"poolMean",0,0
2,6,7.08951069290302,1.08951069290302,0.223719786695733,63.4551141127087,0.254034519694916,83.2366924832601,NA,NA,0,2460,460,60,0,"GSRS","GSRS_h2_0.50","heritability","h2 = 0.50",2,8102,0,"peripheral",NA,NA,7,0.352563839532874,0.5,3,2,"poolMean",0,0
3,9,7.53611536604444,1.53611536604444,0.182446165861652,51.7484056514084,0.230054274160114,75.3793496085574,NA,NA,0,3660,660,90,0,"GSRS","GSRS_h2_0.50","heritability","h2 = 0.50",2,8102,0,"peripheral",NA,NA,7,0.352563839532874,0.5,3,2,"poolMean",0,0
4,12,8.03836050887796,2.03836050887796,0.156337403504586,44.343005712589,0.173581040384751,56.8753872378513,NA,NA,0,4860,860,120,0,"GSRS","GSRS_h2_0.50","heritability","h2 = 0.50",2,8102,0,"peripheral",NA,NA,7,0.352563839532874,0.5,3,2,"poolMean",0,0
5,15,8.64537467754426,2.64537467754426,0.0890135750403456,25.2475055746736,0.112919544837794,36.9991032726616,NA,NA,0,6060,1060,150,0,"GSRS","GSRS_h2_0.50","heritability","h2 = 0.50",2,8102,0,"peripheral",NA,NA,7,0.352563839532874,0.5,3,2,"poolMean",0,0
6,18,9.00614645750854,3.00614645750854,0.0733120776260493,20.7939866218792,0.0871076624629245,28.5416081329012,NA,NA,0,7260,1260,180,0,"GSRS","GSRS_h2_0.50","heritability","h2 = 0.50",2,8102,0,"peripheral",NA,NA,7,0.352563839532874,0.5,3,2,"poolMean",0,0
7,21,9.34682850557113,3.34682850557113,0.0400353585212662,11.35549197964,0.0647277304552142,21.2086223616791,NA,NA,0,8460,1460,210,0,"GSRS","GSRS_h2_0.50","heritability","h2 = 0.50",2,8102,0,"peripheral",NA,NA,7,0.352563839532874,0.5,3,2,"poolMean",0,0
8,24,9.62512523760888,3.62512523760888,0.0352030861572987,9.98488279567772,0.0574419540788084,18.821372280576,NA,NA,0,9660,1660,240,0,"GSRS","GSRS_h2_0.50","heritability","h2 = 0.50",2,8102,0,"peripheral",NA,NA,7,0.352563839532874,0.5,3,2,"poolMean",0,0
9,27,9.81047876460602,3.81047876460602,0.0301021655141368,8.53807513385955,0.0493126741385843,16.1577406792196,NA,NA,0,10860,1860,270,0,"GSRS","GSRS_h2_0.50","heritability","h2 = 0.50",2,8102,0,"peripheral",NA,NA,7,0.352563839532874,0.5,3,2,"poolMean",0,0
10,30,9.97534939696509,3.97534939696509,0.0278854780983761,7.90934150686658,0.0361015130770405,11.8289850756616,NA,NA,0,12060,2060,300,0,"GSRS","GSRS_h2_0.50","heritability","h2 = 0.50",2,8102,0,"peripheral",NA,NA,7,0.352563839532874,0.5,3,2,"poolMean",0,0
11,33,10.0181708347589,4.01817083475894,0.018927735226989,5.36859799690948,0.0334542182825106,10.9615751544058,NA,NA,0,13260,2260,330,0,"GSRS","GSRS_h2_0.50","heritability","h2 = 0.50",2,8102,0,"peripheral",NA,NA,7,0.352563839532874,0.5,3,2,"poolMean",0,0
12,36,10.1707327467129,4.17073274671287,0.015073895906787,4.27550821058647,0.0253424764504065,8.30369007172752,NA,NA,0,14460,2460,360,0,"GSRS","GSRS_h2_0.50","heritability","h2 = 0.50",2,8102,0,"peripheral",NA,NA,7,0.352563839532874,0.5,3,2,"poolMean",0,0
13,39,10.2993198711699,4.29931987116995,0.0119009631272237,3.37554842351155,0.0209319620996293,6.8585454230808,NA,NA,0,15660,2660,390,0,"GSRS","GSRS_h2_0.50","heritability","h2 = 0.50",2,8102,0,"peripheral",NA,NA,7,0.352563839532874,0.5,3,2,"poolMean",0,0
14,42,10.3915929913776,4.39159299137764,0.00744014687319247,2.1102977784251,0.0109209397969517,3.57834403213691,NA,NA,0,16860,2860,420,0,"GSRS","GSRS_h2_0.50","heritability","h2 = 0.50",2,8102,0,"peripheral",NA,NA,7,0.352563839532874,0.5,3,2,"poolMean",0,0
15,45,10.3687310091229,4.36873100912286,0.00818169963382791,2.32062926381451,0.00900772795286326,2.95146298418731,NA,NA,0,18060,3060,450,0,"GSRS","GSRS_h2_0.50","heritability","h2 = 0.50",2,8102,0,"peripheral",NA,NA,7,0.352563839532874,0.5,3,2,"poolMean",0,0
16,48,10.4260989936987,4.42609899369872,0.00515658309216795,1.46259556822393,0.0095862841709956,3.14103212648652,NA,NA,0,19260,3260,480,0,"GSRS","GSRS_h2_0.50","heritability","h2 = 0.50",2,8102,0,"peripheral",NA,NA,7,0.352563839532874,0.5,3,2,"poolMean",0,0
17,51,10.4475415122103,4.44754151221034,0.00167084502334413,0.473912760184908,0.0048228674881378,1.58025585845479,NA,NA,0,20460,3460,510,0,"GSRS","GSRS_h2_0.50","heritability","h2 = 0.50",2,8102,0,"peripheral",NA,NA,7,0.352563839532874,0.5,3,2,"poolMean",0,0
18,54,10.4615021380645,4.46150213806447,0.00147942182630672,0.419618140154949,0.00451286254675679,1.47867995449885,NA,NA,0,21660,3660,540,0,"GSRS","GSRS_h2_0.50","heritability","h2 = 0.50",2,8102,0,"peripheral",NA,NA,7,0.352563839532874,0.5,3,2,"poolMean",0,0
19,57,10.4172871886405,4.41728718864052,0.00135074274321808,0.383120045722141,0.00456573391931614,1.49600373468501,NA,NA,0,22860,3860,570,0,"GSRS","GSRS_h2_0.50","heritability","h2 = 0.50",2,8102,0,"peripheral",NA,NA,7,0.352563839532874,0.5,3,2,"poolMean",0,0
20,60,10.4161317586577,4.41613175865769,0.00222870265091072,0.632141587141671,0.00375364797929656,1.22991648110795,NA,NA,0,24060,4060,600,0,"GSRS","GSRS_h2_0.50","heritability","h2 = 0.50",2,8102,0,"peripheral",NA,NA,7,0.352563839532874,0.5,3,2,"poolMean",0,0
1,3,6.24247095407542,0.242470954075415,0.334805593583775,94.9631119366559,0.294750550993758,96.577665908567,5.51697715165951,3.37079641317099,0,1460,360,40,0,"CB","CB_h2_0.50","heritability","h2 = 0.50",2,8102,0,"peripheral",3.39224587177996,2.60775412822004,7,0.352563839532874,0.5,3,2,"poolMean",0,0
2,6,7.17738862604727,1.17738862604727,0.230485341648717,65.3740729491988,0.264513834622045,86.6703341594867,6.46120759024702,3.44483675955894,38,3160,660,90,2,"CB","CB_h2_0.50","heritability","h2 = 0.50",2,8102,0,"peripheral",3.39224587177996,2.60775412822004,7,0.352563839532874,0.5,3,2,"poolMean",0,0
3,9,7.76919179311266,1.76919179311266,0.202865700061476,57.5401323999254,0.248052351534181,81.2765813449147,6.85108242466659,3.54128707595561,100,4860,960,140,4,"CB","CB_h2_0.50","heritability","h2 = 0.50",2,8102,0,"peripheral",3.39224587177996,2.60775412822004,7,0.352563839532874,0.5,3,2,"poolMean",0,0
4,12,8.48716088432834,2.48716088432834,0.14445289958322,40.9721257218584,0.206759123547871,67.746484239744,7.54878823972478,3.51249989927552,77,6560,1260,190,6,"CB","CB_h2_0.50","heritability","h2 = 0.50",2,8102,0,"peripheral",3.39224587177996,2.60775412822004,7,0.352563839532874,0.5,3,2,"poolMean",0,0
5,15,8.90751477719407,2.90751477719407,0.157935675879579,44.7963342153395,0.175605629100588,57.5387619183771,7.85195519530991,3.611203091548,65,8260,1560,240,8,"CB","CB_h2_0.50","heritability","h2 = 0.50",2,8102,0,"peripheral",3.39224587177996,2.60775412822004,7,0.352563839532874,0.5,3,2,"poolMean",0,0
6,18,9.49711496608652,3.49711496608652,0.096498662321495,27.3705500965016,0.145453026106845,47.6589906732166,8.02706587946207,3.64837499521072,34,9960,1860,290,10,"CB","CB_h2_0.50","heritability","h2 = 0.50",2,8102,0,"peripheral",3.39224587177996,2.60775412822004,7,0.352563839532874,0.5,3,2,"poolMean",0,0
7,21,9.88376188783687,3.88376188783687,0.0589407281067026,16.7177462625763,0.127691217525806,41.8391745294028,8.24171123114332,3.64949571460285,8,11660,2160,340,12,"CB","CB_h2_0.50","heritability","h2 = 0.50",2,8102,0,"peripheral",3.39224587177996,2.60775412822004,7,0.352563839532874,0.5,3,2,"poolMean",0,0
8,24,10.1489980193749,4.14899801937492,0.0685997774162318,19.4574059288447,0.118016150016395,38.6690517445041,8.59612476838546,3.56814473088923,78,13360,2460,390,14,"CB","CB_h2_0.50","heritability","h2 = 0.50",2,8102,0,"peripheral",3.39224587177996,2.60775412822004,7,0.352563839532874,0.5,3,2,"poolMean",0,0
9,27,10.4194700331287,4.4194700331287,0.103334987269896,29.3095818921216,0.10640371351768,34.8641326060117,8.89256408632309,3.58330054086413,70,15060,2760,440,16,"CB","CB_h2_0.50","heritability","h2 = 0.50",2,8102,0,"peripheral",3.39224587177996,2.60775412822004,7,0.352563839532874,0.5,3,2,"poolMean",0,0
10,30,10.9504869774302,4.95048697743017,0.0666801596605967,18.9129321228587,0.0922069514741829,30.2124359866241,9.11660163680121,3.49400942341773,71,16760,3060,490,18,"CB","CB_h2_0.50","heritability","h2 = 0.50",2,8102,0,"peripheral",3.39224587177996,2.60775412822004,7,0.352563839532874,0.5,3,2,"poolMean",0,0
11,33,11.3017499501739,5.30174995017392,0.0511794038538508,14.5163508321388,0.0708007512011114,23.1985021657222,9.28234036357193,3.62434958994821,84,18460,3360,540,20,"CB","CB_h2_0.50","heritability","h2 = 0.50",2,8102,0,"peripheral",3.39224587177996,2.60775412822004,7,0.352563839532874,0.5,3,2,"poolMean",0,0
12,36,11.6624723513722,5.6624723513722,0.0350192726933768,9.93274657428714,0.0562290179860091,18.4239428734252,9.21413885658703,3.70090646739551,46,20160,3660,590,22,"CB","CB_h2_0.50","heritability","h2 = 0.50",2,8102,0,"peripheral",3.39224587177996,2.60775412822004,7,0.352563839532874,0.5,3,2,"poolMean",0,0
13,39,11.786823690297,5.78682369029703,0.0372356098808284,10.561380863722,0.0499588434009341,16.3694638428547,9.410408076902,3.7122188274415,1,21860,3960,640,23,"CB","CB_h2_0.50","heritability","h2 = 0.50",2,8102,0,"peripheral",3.39224587177996,2.60775412822004,7,0.352563839532874,0.5,3,2,"poolMean",0,0
14,42,11.9117694641588,5.9117694641588,0.0367991141848634,10.4375747194097,0.0501548152334732,16.4336757742884,9.83132553890781,3.79743427812399,38,23560,4260,690,25,"CB","CB_h2_0.50","heritability","h2 = 0.50",2,8102,0,"peripheral",3.39224587177996,2.60775412822004,7,0.352563839532874,0.5,3,2,"poolMean",0,0
15,45,12.2529061783711,6.25290617837107,0.0312884933047031,8.87456108549262,0.0345471300639131,11.3196775176955,10.1409519735009,3.79434559099014,78,25260,4560,740,27,"CB","CB_h2_0.50","heritability","h2 = 0.50",2,8102,0,"peripheral",3.39224587177996,2.60775412822004,7,0.352563839532874,0.5,3,2,"poolMean",0,0
16,48,12.5471620444229,6.54716204442289,0.0868542473552736,24.6350412652501,0.074525509114161,24.4189525570921,10.2404969508593,3.90896144834931,79,26960,4860,790,29,"CB","CB_h2_0.50","heritability","h2 = 0.50",2,8102,0,"peripheral",3.39224587177996,2.60775412822004,7,0.352563839532874,0.5,3,2,"poolMean",0,0
17,51,13.0780700154404,7.07807001544043,0.0597755253616662,16.9545252969973,0.048256145315418,15.8115595190402,10.6221541312142,4.01747152682594,59,28660,5160,840,31,"CB","CB_h2_0.50","heritability","h2 = 0.50",2,8102,0,"peripheral",3.39224587177996,2.60775412822004,7,0.352563839532874,0.5,3,2,"poolMean",0,0
18,54,13.4900450349366,7.49004503493657,0.0225475578596593,6.39531209143101,0.0272628126756382,8.93290548716022,10.9152963206671,4.04362392419592,32,30360,5460,890,33,"CB","CB_h2_0.50","heritability","h2 = 0.50",2,8102,0,"peripheral",3.39224587177996,2.60775412822004,7,0.352563839532874,0.5,3,2,"poolMean",0,0
19,57,13.6416833281991,7.64168332819905,0.0122442754199461,3.47292434645852,0.0187006561186251,6.12743797358949,11.1796374988854,3.96462474406229,68,32060,5760,940,35,"CB","CB_h2_0.50","heritability","h2 = 0.50",2,8102,0,"peripheral",3.39224587177996,2.60775412822004,7,0.352563839532874,0.5,3,2,"poolMean",0,0
20,60,13.7608388664547,7.76083886645465,0.0174596285284491,4.95218924084274,0.0230120136972905,7.54009301508433,10.8992663429162,3.97856933741941,31,33760,6060,990,37,"CB","CB_h2_0.50","heritability","h2 = 0.50",2,8102,0,"peripheral",3.39224587177996,2.60775412822004,7,0.352563839532874,0.5,3,2,"poolMean",0,0
1,2,6.21771742556936,0.217717425569356,0.418271617489039,118.637129106384,0.295286482851391,96.7532687962352,NA,NA,0,1260,260,30,0,"GSRS","GSRS_cyc2","cycle_length","2 yr",2,8102,0,"peripheral",NA,NA,7,0.352563839532874,0.3,2,2,"poolMean",0,0
2,4,7.28941370302789,1.28941370302789,0.174398477226155,49.4657868082056,0.207231215648736,67.9011694576057,NA,NA,0,2460,460,60,0,"GSRS","GSRS_cyc2","cycle_length","2 yr",2,8102,0,"peripheral",NA,NA,7,0.352563839532874,0.3,2,2,"poolMean",0,0
3,6,7.62752171518914,1.62752171518914,0.130311001780906,36.9609662617585,0.190512271183914,62.4230571099834,NA,NA,0,3660,660,90,0,"GSRS","GSRS_cyc2","cycle_length","2 yr",2,8102,0,"peripheral",NA,NA,7,0.352563839532874,0.3,2,2,"poolMean",0,0
4,8,7.98354427638628,1.98354427638628,0.101264705652408,28.7223743043467,0.166338033088475,54.5021508300661,NA,NA,0,4860,860,120,0,"GSRS","GSRS_cyc2","cycle_length","2 yr",2,8102,0,"peripheral",NA,NA,7,0.352563839532874,0.3,2,2,"poolMean",0,0
5,10,8.21764109868712,2.21764109868712,0.105510289365167,29.9265771285454,0.14971648657112,49.0559517949004,NA,NA,0,6060,1060,150,0,"GSRS","GSRS_cyc2","cycle_length","2 yr",2,8102,0,"peripheral",NA,NA,7,0.352563839532874,0.3,2,2,"poolMean",0,0
6,12,8.52124515851841,2.52124515851841,0.0915217352433566,25.9589115448191,0.111518483020394,36.5400327818282,NA,NA,0,7260,1260,180,0,"GSRS","GSRS_cyc2","cycle_length","2 yr",2,8102,0,"peripheral",NA,NA,7,0.352563839532874,0.3,2,2,"poolMean",0,0
7,14,8.7939307960123,2.7939307960123,0.0597993982884735,16.961296532198,0.0944427941796252,30.945029934633,NA,NA,0,8460,1460,210,0,"GSRS","GSRS_cyc2","cycle_length","2 yr",2,8102,0,"peripheral",NA,NA,7,0.352563839532874,0.3,2,2,"poolMean",0,0
8,16,9.06274729395304,3.06274729395304,0.0644337804510094,18.2757768171519,0.077071508079936,25.2531719900708,NA,NA,0,9660,1660,240,0,"GSRS","GSRS_cyc2","cycle_length","2 yr",2,8102,0,"peripheral",NA,NA,7,0.352563839532874,0.3,2,2,"poolMean",0,0
9,18,9.30638370538767,3.30638370538767,0.0447613617054764,12.6959593374018,0.0582938488124008,19.1005032429873,NA,NA,0,10860,1860,270,0,"GSRS","GSRS_cyc2","cycle_length","2 yr",2,8102,0,"peripheral",NA,NA,7,0.352563839532874,0.3,2,2,"poolMean",0,0
10,20,9.42968756534187,3.42968756534187,0.0234835388806505,6.66079054271839,0.04371542382837,14.3237513324857,NA,NA,0,12060,2060,300,0,"GSRS","GSRS_cyc2","cycle_length","2 yr",2,8102,0,"peripheral",NA,NA,7,0.352563839532874,0.3,2,2,"poolMean",0,0
11,22,9.49026113978975,3.49026113978975,0.0150767055040741,4.27630511513883,0.0284454575657626,9.32040970963518,NA,NA,0,13260,2260,330,0,"GSRS","GSRS_cyc2","cycle_length","2 yr",2,8102,0,"peripheral",NA,NA,7,0.352563839532874,0.3,2,2,"poolMean",0,0
12,24,9.55211002804383,3.55211002804383,0.014638791962847,4.15209681805217,0.0231580294550154,7.58793638982747,NA,NA,0,14460,2460,360,0,"GSRS","GSRS_cyc2","cycle_length","2 yr",2,8102,0,"peripheral",NA,NA,7,0.352563839532874,0.3,2,2,"poolMean",0,0
13,26,9.55998509447051,3.55998509447051,0.0212981621489793,6.04093777092911,0.0252974947110781,8.28895140074558,NA,NA,0,15660,2660,390,0,"GSRS","GSRS_cyc2","cycle_length","2 yr",2,8102,0,"peripheral",NA,NA,7,0.352563839532874,0.3,2,2,"poolMean",0,0
14,28,9.49179234994767,3.49179234994767,0.0210237082428218,5.96309260492425,0.0243499129183979,7.97846771382468,NA,NA,0,16860,2860,420,0,"GSRS","GSRS_cyc2","cycle_length","2 yr",2,8102,0,"peripheral",NA,NA,7,0.352563839532874,0.3,2,2,"poolMean",0,0
15,30,9.49934681799082,3.49934681799082,0.0186833933836199,5.29929371326743,0.0232472789656747,7.61717979376311,NA,NA,0,18060,3060,450,0,"GSRS","GSRS_cyc2","cycle_length","2 yr",2,8102,0,"peripheral",NA,NA,7,0.352563839532874,0.3,2,2,"poolMean",0,0
16,32,9.59535679643786,3.59535679643786,0.013890183099443,3.93976396383892,0.0179484319068809,5.8809649530464,NA,NA,0,19260,3260,480,0,"GSRS","GSRS_cyc2","cycle_length","2 yr",2,8102,0,"peripheral",NA,NA,7,0.352563839532874,0.3,2,2,"poolMean",0,0
17,34,9.61796813487372,3.61796813487372,0.00974118044996908,2.7629550616636,0.0164098026671023,5.3768192604413,NA,NA,0,20460,3460,510,0,"GSRS","GSRS_cyc2","cycle_length","2 yr",2,8102,0,"peripheral",NA,NA,7,0.352563839532874,0.3,2,2,"poolMean",0,0
18,36,9.70641984734417,3.70641984734417,0.00660643572008013,1.87382680221354,0.0117584417098294,3.85275905754393,NA,NA,0,21660,3660,540,0,"GSRS","GSRS_cyc2","cycle_length","2 yr",2,8102,0,"peripheral",NA,NA,7,0.352563839532874,0.3,2,2,"poolMean",0,0
19,38,9.67070261007648,3.67070261007648,0.00367567340409546,1.0425554160533,0.00995884746692373,3.26310583729938,NA,NA,0,22860,3860,570,0,"GSRS","GSRS_cyc2","cycle_length","2 yr",2,8102,0,"peripheral",NA,NA,7,0.352563839532874,0.3,2,2,"poolMean",0,0
20,40,9.67537235642376,3.67537235642376,0.00553017151422842,1.568558908808,0.00734287311811261,2.40595834144885,NA,NA,0,24060,4060,600,0,"GSRS","GSRS_cyc2","cycle_length","2 yr",2,8102,0,"peripheral",NA,NA,7,0.352563839532874,0.3,2,2,"poolMean",0,0
21,42,9.66354957342471,3.66354957342471,0.00390099561946583,1.10646503754736,0.00618085444136722,2.02521248308197,NA,NA,0,25260,4260,630,0,"GSRS","GSRS_cyc2","cycle_length","2 yr",2,8102,0,"peripheral",NA,NA,7,0.352563839532874,0.3,2,2,"poolMean",0,0
22,44,9.67865918850529,3.67865918850529,0.00331166231857369,0.939308558405037,0.00536426298661336,1.75764895712717,NA,NA,0,26460,4460,660,0,"GSRS","GSRS_cyc2","cycle_length","2 yr",2,8102,0,"peripheral",NA,NA,7,0.352563839532874,0.3,2,2,"poolMean",0,0
23,46,9.63135387643552,3.63135387643552,0.00352580090484593,1.0000460936429,0.0064492485842844,2.11315423511289,NA,NA,0,27660,4660,690,0,"GSRS","GSRS_cyc2","cycle_length","2 yr",2,8102,0,"peripheral",NA,NA,7,0.352563839532874,0.3,2,2,"poolMean",0,0
24,48,9.64759073912811,3.64759073912811,0.00497131677750863,1.41004726522587,0.00465528351208583,1.52534546321987,NA,NA,0,28860,4860,720,0,"GSRS","GSRS_cyc2","cycle_length","2 yr",2,8102,0,"peripheral",NA,NA,7,0.352563839532874,0.3,2,2,"poolMean",0,0
25,50,9.70797114148964,3.70797114148964,0.00559825324562866,1.58786937793905,0.00506741586390375,1.66038433066147,NA,NA,0,30060,5060,750,0,"GSRS","GSRS_cyc2","cycle_length","2 yr",2,8102,0,"peripheral",NA,NA,7,0.352563839532874,0.3,2,2,"poolMean",0,0
26,52,9.70298005549323,3.70298005549323,0.00468486600863551,1.32879935016668,0.00511936936275296,1.67740736128083,NA,NA,0,31260,5260,780,0,"GSRS","GSRS_cyc2","cycle_length","2 yr",2,8102,0,"peripheral",NA,NA,7,0.352563839532874,0.3,2,2,"poolMean",0,0
27,54,9.73883718991809,3.73883718991809,0.00392507166090175,1.11329388348568,0.00397702048420541,1.30310648899602,NA,NA,0,32460,5460,810,0,"GSRS","GSRS_cyc2","cycle_length","2 yr",2,8102,0,"peripheral",NA,NA,7,0.352563839532874,0.3,2,2,"poolMean",0,0
28,56,9.72420291148763,3.72420291148763,0.00471082363416225,1.33616188217255,0.00459734942704973,1.50636283981011,NA,NA,0,33660,5660,840,0,"GSRS","GSRS_cyc2","cycle_length","2 yr",2,8102,0,"peripheral",NA,NA,7,0.352563839532874,0.3,2,2,"poolMean",0,0
29,58,9.68476309124999,3.68476309124999,0.00572101299656043,1.62268853327115,0.00511653569437893,1.67647888438197,NA,NA,0,34860,5860,870,0,"GSRS","GSRS_cyc2","cycle_length","2 yr",2,8102,0,"peripheral",NA,NA,7,0.352563839532874,0.3,2,2,"poolMean",0,0
30,60,9.62737080999271,3.62737080999271,0.00265099845283691,0.751920122139957,0.00290722344484579,0.952577878586616,NA,NA,0,36060,6060,900,0,"GSRS","GSRS_cyc2","cycle_length","2 yr",2,8102,0,"peripheral",NA,NA,7,0.352563839532874,0.3,2,2,"poolMean",0,0
1,2,6.21771742556936,0.217717425569356,0.418271617489039,118.637129106384,0.295286482851391,96.7532687962352,5.4953232866774,3.37991387647469,0,1460,360,40,0,"CB","CB_cyc2","cycle_length","2 yr",2,8102,0,"peripheral",3.32377350446443,2.67622649553557,7,0.352563839532874,0.3,2,2,"poolMean",0,0
2,4,7.49930360367239,1.49930360367239,0.189610702426618,53.7805302659061,0.206823958982268,67.7677281522695,6.47945144731824,3.42698047839402,8,3160,660,90,2,"CB","CB_cyc2","cycle_length","2 yr",2,8102,0,"peripheral",3.32377350446443,2.67622649553557,7,0.352563839532874,0.3,2,2,"poolMean",0,0
3,6,8.00502188165342,2.00502188165342,0.152619171721717,43.2883791837326,0.189210579586261,61.9965461643369,7.1324618073019,3.33912675602613,98,4860,960,140,4,"CB","CB_cyc2","cycle_length","2 yr",2,8102,0,"peripheral",3.32377350446443,2.67622649553557,7,0.352563839532874,0.3,2,2,"poolMean",0,0
4,8,8.46225049761526,2.46225049761526,0.113970974562459,32.3263369021235,0.160297715207489,52.5229864134956,7.41033245072457,3.38321818322002,70,6560,1260,190,6,"CB","CB_cyc2","cycle_length","2 yr",2,8102,0,"peripheral",3.32377350446443,2.67622649553557,7,0.352563839532874,0.3,2,2,"poolMean",0,0
5,10,8.88057704748485,2.88057704748485,0.0965455444013219,27.3838475690641,0.143127756077547,46.8970950591808,7.64015707195241,3.28629938964498,30,8260,1560,240,8,"CB","CB_cyc2","cycle_length","2 yr",2,8102,0,"peripheral",3.32377350446443,2.67622649553557,7,0.352563839532874,0.3,2,2,"poolMean",0,0
6,12,9.20359241488062,3.20359241488062,0.0845724243679202,23.987832807804,0.124782729197529,40.886182200397,7.69120519048867,3.24590479146057,18,9960,1860,290,10,"CB","CB_cyc2","cycle_length","2 yr",2,8102,0,"peripheral",3.32377350446443,2.67622649553557,7,0.352563839532874,0.3,2,2,"poolMean",0,0
7,14,9.51610453948734,3.51610453948734,0.0806981956858624,22.8889598527128,0.106213732328992,34.8018835628524,7.84008859433439,3.13132503174865,10,11660,2160,340,12,"CB","CB_cyc2","cycle_length","2 yr",2,8102,0,"peripheral",3.32377350446443,2.67622649553557,7,0.352563839532874,0.3,2,2,"poolMean",0,0
8,16,9.92653878617892,3.92653878617892,0.057405497260481,16.282298643145,0.0911627332200522,29.8702884949806,8.14561532268784,3.10614301761355,58,13360,2460,390,14,"CB","CB_cyc2","cycle_length","2 yr",2,8102,0,"peripheral",3.32377350446443,2.67622649553557,7,0.352563839532874,0.3,2,2,"poolMean",0,0
9,18,10.1857834554571,4.18578345545705,0.0442488562480141,12.5505940446534,0.057434347913401,18.8188800521507,8.06550215584367,3.02361922863037,54,15060,2760,440,16,"CB","CB_cyc2","cycle_length","2 yr",2,8102,0,"peripheral",3.32377350446443,2.67622649553557,7,0.352563839532874,0.3,2,2,"poolMean",0,0
10,20,10.4520873310373,4.45208733103727,0.0359888287138569,10.2077481234434,0.0391131299628343,12.8157684029876,8.23494649521242,3.11773845960634,63,16760,3060,490,18,"CB","CB_cyc2","cycle_length","2 yr",2,8102,0,"peripheral",3.32377350446443,2.67622649553557,7,0.352563839532874,0.3,2,2,"poolMean",0,0
11,22,10.5475517807156,4.54755178071556,0.0292530312412194,8.2972295967669,0.0346559916529066,11.3553469952814,8.5121847137501,3.27040578029962,60,18460,3360,540,20,"CB","CB_cyc2","cycle_length","2 yr",2,8102,0,"peripheral",3.32377350446443,2.67622649553557,7,0.352563839532874,0.3,2,2,"poolMean",0,0
12,24,10.705412298389,4.70541229838898,0.0302243352379636,8.57272693592429,0.0271990299584229,8.91200650687607,8.53333409827195,3.27165126720722,43,20160,3660,590,22,"CB","CB_cyc2","cycle_length","2 yr",2,8102,0,"peripheral",3.32377350446443,2.67622649553557,7,0.352563839532874,0.3,2,2,"poolMean",0,0
13,26,10.9094896797413,4.90948967974129,0.0163959740896933,4.65049793859092,0.0181179521830307,5.93650979440303,8.54012843191412,3.3539874615363,1,21860,3960,640,23,"CB","CB_cyc2","cycle_length","2 yr",2,8102,0,"peripheral",3.32377350446443,2.67622649553557,7,0.352563839532874,0.3,2,2,"poolMean",0,0
14,28,10.9903280986247,4.99032809862466,0.0162248966752592,4.60197412665921,0.0173657167752656,5.69003310538314,8.78016644509417,3.32708327044165,19,23560,4260,690,25,"CB","CB_cyc2","cycle_length","2 yr",2,8102,0,"peripheral",3.32377350446443,2.67622649553557,7,0.352563839532874,0.3,2,2,"poolMean",0,0
15,30,11.0352841283907,5.03528412839067,0.0175331199485026,4.97303409553657,0.0166604816838377,5.45895649223588,8.85487237328634,3.25055489251384,43,25260,4560,740,27,"CB","CB_cyc2","cycle_length","2 yr",2,8102,0,"peripheral",3.32377350446443,2.67622649553557,7,0.352563839532874,0.3,2,2,"poolMean",0,0
16,32,11.1122715076397,5.11227150763968,0.00777498776639023,2.20527090262337,0.0148408017467511,4.8627220138542,8.67134761643955,3.20696369707862,54,26960,4860,790,29,"CB","CB_cyc2","cycle_length","2 yr",2,8102,0,"peripheral",3.32377350446443,2.67622649553557,7,0.352563839532874,0.3,2,2,"poolMean",0,0
17,34,11.0155041287607,5.01550412876066,0.0159793932651311,4.53234038019974,0.0212212106623936,6.9533203131192,8.71409040091014,3.19858865501431,60,28660,5160,840,31,"CB","CB_cyc2","cycle_length","2 yr",2,8102,0,"peripheral",3.32377350446443,2.67622649553557,7,0.352563839532874,0.3,2,2,"poolMean",0,0
18,36,11.1093697867339,5.10936978673388,0.0094428336469493,2.67833299622006,0.0126814265388985,4.15518332837219,8.64161291112219,3.25691418405702,32,30360,5460,890,33,"CB","CB_cyc2","cycle_length","2 yr",2,8102,0,"peripheral",3.32377350446443,2.67622649553557,7,0.352563839532874,0.3,2,2,"poolMean",0,0
19,38,11.0742834374998,5.07428343749984,0.0143069488536556,4.05797397504277,0.0121501851826174,3.981117325609,8.66021167668331,3.24043794169978,21,32060,5760,940,35,"CB","CB_cyc2","cycle_length","2 yr",2,8102,0,"peripheral",3.32377350446443,2.67622649553557,7,0.352563839532874,0.3,2,2,"poolMean",0,0
20,40,11.0534866472128,5.05348664721279,0.00923439377876209,2.61921182586311,0.0125686304392342,4.11822467301958,8.53621127501476,3.21153784618346,27,33760,6060,990,36,"CB","CB_cyc2","cycle_length","2 yr",2,8102,0,"peripheral",3.32377350446443,2.67622649553557,7,0.352563839532874,0.3,2,2,"poolMean",0,0
21,42,11.1486675685748,5.14866756857477,0.00760301191803665,2.15649226197167,0.00992567648067207,3.25223706566428,8.77436677034207,3.13465214848009,3,35460,6360,1040,38,"CB","CB_cyc2","cycle_length","2 yr",2,8102,0,"peripheral",3.32377350446443,2.67622649553557,7,0.352563839532874,0.3,2,2,"poolMean",0,0
22,44,11.1493950928836,5.14939509288357,0.0496834709908947,14.0920495580949,0.0159167513889716,5.21526657986257,8.89476118731672,3.22528302113585,6,37160,6660,1090,40,"CB","CB_cyc2","cycle_length","2 yr",2,8102,0,"peripheral",3.32377350446443,2.67622649553557,7,0.352563839532874,0.3,2,2,"poolMean",0,0
23,46,11.2451768727721,5.24517687277211,0.0170326810141091,4.8310913100664,0.0118700509750224,3.88932883592013,8.86103266407204,3.13185493553746,14,38860,6960,1140,42,"CB","CB_cyc2","cycle_length","2 yr",2,8102,0,"peripheral",3.32377350446443,2.67622649553557,7,0.352563839532874,0.3,2,2,"poolMean",0,0
24,48,11.3119574956438,5.31195749564384,0.0163099965510468,4.62611156398131,0.016929487843653,5.54709877710149,8.9460825879604,3.13262937403437,28,40560,7260,1190,44,"CB","CB_cyc2","cycle_length","2 yr",2,8102,0,"peripheral",3.32377350446443,2.67622649553557,7,0.352563839532874,0.3,2,2,"poolMean",0,0
25,50,11.4718504168097,5.47185041680967,0.00883652271201382,2.50636103910194,0.0133472137203597,4.37333447944069,9.02997626154771,3.18767277353777,24,42260,7560,1240,46,"CB","CB_cyc2","cycle_length","2 yr",2,8102,0,"peripheral",3.32377350446443,2.67622649553557,7,0.352563839532874,0.3,2,2,"poolMean",0,0
26,52,11.4711436730472,5.47114367304718,0.015134899590931,4.29281108663438,0.0227382350765797,7.45038699053315,9.13926539423164,3.09196178806178,75,43960,7860,1290,48,"CB","CB_cyc2","cycle_length","2 yr",2,8102,0,"peripheral",3.32377350446443,2.67622649553557,7,0.352563839532874,0.3,2,2,"poolMean",0,0
27,54,11.5798123274898,5.57981232748979,0.0133097750289354,3.77513900647612,0.0227048458942058,7.43944672497845,9.35533936343922,3.07032461552839,68,45660,8160,1340,50,"CB","CB_cyc2","cycle_length","2 yr",2,8102,0,"peripheral",3.32377350446443,2.67622649553557,7,0.352563839532874,0.3,2,2,"poolMean",0,0
28,56,11.5998183942698,5.59981839426981,0.0175486274011527,4.97743257629698,0.0226070913138276,7.4074165585446,9.17094751774331,3.0094850745157,67,47360,8460,1390,52,"CB","CB_cyc2","cycle_length","2 yr",2,8102,0,"peripheral",3.32377350446443,2.67622649553557,7,0.352563839532874,0.3,2,2,"poolMean",0,0
29,58,11.6950531120669,5.69505311206695,0.0166053216623358,4.70987656713088,0.0181768652804352,5.9558132000102,9.25194004519559,3.01068617388379,76,49060,8760,1440,54,"CB","CB_cyc2","cycle_length","2 yr",2,8102,0,"peripheral",3.32377350446443,2.67622649553557,7,0.352563839532874,0.3,2,2,"poolMean",0,0
30,60,11.8728238692106,5.87282386921056,0.0156372828550841,4.43530535513867,0.0145787279366615,4.77685117565261,9.30005649869293,3.09214858935758,10,50760,9060,1490,55,"CB","CB_cyc2","cycle_length","2 yr",2,8102,0,"peripheral",3.32377350446443,2.67622649553557,7,0.352563839532874,0.3,2,2,"poolMean",0,0
1,4,6.21771742556936,0.217717425569356,0.418271617489039,118.637129106384,0.295286482851391,96.7532687962352,NA,NA,0,1260,260,30,0,"GSRS","GSRS_cyc4","cycle_length","4 yr",2,8102,0,"peripheral",NA,NA,7,0.352563839532874,0.3,4,2,"poolMean",0,0
2,8,7.28941370302789,1.28941370302789,0.174398477226155,49.4657868082056,0.207231215648736,67.9011694576057,NA,NA,0,2460,460,60,0,"GSRS","GSRS_cyc4","cycle_length","4 yr",2,8102,0,"peripheral",NA,NA,7,0.352563839532874,0.3,4,2,"poolMean",0,0
3,12,7.62752171518914,1.62752171518914,0.130311001780906,36.9609662617585,0.190512271183914,62.4230571099834,NA,NA,0,3660,660,90,0,"GSRS","GSRS_cyc4","cycle_length","4 yr",2,8102,0,"peripheral",NA,NA,7,0.352563839532874,0.3,4,2,"poolMean",0,0
4,16,7.98354427638628,1.98354427638628,0.101264705652408,28.7223743043467,0.166338033088475,54.5021508300661,NA,NA,0,4860,860,120,0,"GSRS","GSRS_cyc4","cycle_length","4 yr",2,8102,0,"peripheral",NA,NA,7,0.352563839532874,0.3,4,2,"poolMean",0,0
5,20,8.21764109868712,2.21764109868712,0.105510289365167,29.9265771285454,0.14971648657112,49.0559517949004,NA,NA,0,6060,1060,150,0,"GSRS","GSRS_cyc4","cycle_length","4 yr",2,8102,0,"peripheral",NA,NA,7,0.352563839532874,0.3,4,2,"poolMean",0,0
6,24,8.52124515851841,2.52124515851841,0.0915217352433566,25.9589115448191,0.111518483020394,36.5400327818282,NA,NA,0,7260,1260,180,0,"GSRS","GSRS_cyc4","cycle_length","4 yr",2,8102,0,"peripheral",NA,NA,7,0.352563839532874,0.3,4,2,"poolMean",0,0
7,28,8.7939307960123,2.7939307960123,0.0597993982884735,16.961296532198,0.0944427941796252,30.945029934633,NA,NA,0,8460,1460,210,0,"GSRS","GSRS_cyc4","cycle_length","4 yr",2,8102,0,"peripheral",NA,NA,7,0.352563839532874,0.3,4,2,"poolMean",0,0
8,32,9.06274729395304,3.06274729395304,0.0644337804510094,18.2757768171519,0.077071508079936,25.2531719900708,NA,NA,0,9660,1660,240,0,"GSRS","GSRS_cyc4","cycle_length","4 yr",2,8102,0,"peripheral",NA,NA,7,0.352563839532874,0.3,4,2,"poolMean",0,0
9,36,9.30638370538767,3.30638370538767,0.0447613617054764,12.6959593374018,0.0582938488124008,19.1005032429873,NA,NA,0,10860,1860,270,0,"GSRS","GSRS_cyc4","cycle_length","4 yr",2,8102,0,"peripheral",NA,NA,7,0.352563839532874,0.3,4,2,"poolMean",0,0
10,40,9.42968756534187,3.42968756534187,0.0234835388806505,6.66079054271839,0.04371542382837,14.3237513324857,NA,NA,0,12060,2060,300,0,"GSRS","GSRS_cyc4","cycle_length","4 yr",2,8102,0,"peripheral",NA,NA,7,0.352563839532874,0.3,4,2,"poolMean",0,0
11,44,9.49026113978975,3.49026113978975,0.0150767055040741,4.27630511513883,0.0284454575657626,9.32040970963518,NA,NA,0,13260,2260,330,0,"GSRS","GSRS_cyc4","cycle_length","4 yr",2,8102,0,"peripheral",NA,NA,7,0.352563839532874,0.3,4,2,"poolMean",0,0
12,48,9.55211002804383,3.55211002804383,0.014638791962847,4.15209681805217,0.0231580294550154,7.58793638982747,NA,NA,0,14460,2460,360,0,"GSRS","GSRS_cyc4","cycle_length","4 yr",2,8102,0,"peripheral",NA,NA,7,0.352563839532874,0.3,4,2,"poolMean",0,0
13,52,9.55998509447051,3.55998509447051,0.0212981621489793,6.04093777092911,0.0252974947110781,8.28895140074558,NA,NA,0,15660,2660,390,0,"GSRS","GSRS_cyc4","cycle_length","4 yr",2,8102,0,"peripheral",NA,NA,7,0.352563839532874,0.3,4,2,"poolMean",0,0
14,56,9.49179234994767,3.49179234994767,0.0210237082428218,5.96309260492425,0.0243499129183979,7.97846771382468,NA,NA,0,16860,2860,420,0,"GSRS","GSRS_cyc4","cycle_length","4 yr",2,8102,0,"peripheral",NA,NA,7,0.352563839532874,0.3,4,2,"poolMean",0,0
15,60,9.49934681799082,3.49934681799082,0.0186833933836199,5.29929371326743,0.0232472789656747,7.61717979376311,NA,NA,0,18060,3060,450,0,"GSRS","GSRS_cyc4","cycle_length","4 yr",2,8102,0,"peripheral",NA,NA,7,0.352563839532874,0.3,4,2,"poolMean",0,0
1,4,6.21771742556936,0.217717425569356,0.418271617489039,118.637129106384,0.295286482851391,96.7532687962352,5.42361439820523,3.32145378534456,0,1460,360,40,0,"CB","CB_cyc4","cycle_length","4 yr",2,8102,0,"peripheral",3.26211786834308,2.73788213165692,7,0.352563839532874,0.3,4,2,"poolMean",0,0
2,8,7.30116087591595,1.30116087591595,0.176097528306845,49.9476998378972,0.222577672117899,72.9295737837798,6.35605925221616,3.37453600178835,4,3160,660,90,2,"CB","CB_cyc4","cycle_length","4 yr",2,8102,0,"peripheral",3.26211786834308,2.73788213165692,7,0.352563839532874,0.3,4,2,"poolMean",0,0
3,12,7.71893038914192,1.71893038914192,0.178192403337288,50.5418830170962,0.20837965573954,68.2774661703067,6.66460145473104,3.45093335005484,60,4860,960,140,4,"CB","CB_cyc4","cycle_length","4 yr",2,8102,0,"peripheral",3.26211786834308,2.73788213165692,7,0.352563839532874,0.3,4,2,"poolMean",0,0
4,16,8.26288903415577,2.26288903415577,0.120774213653496,34.2559843384717,0.179022133684971,58.6582103374325,6.97572165117999,3.39683233617347,24,6560,1260,190,6,"CB","CB_cyc4","cycle_length","4 yr",2,8102,0,"peripheral",3.26211786834308,2.73788213165692,7,0.352563839532874,0.3,4,2,"poolMean",0,0
5,20,8.48309234398904,2.48309234398904,0.115880499849231,32.8679481148053,0.144224133829675,47.2563330789152,7.190646171086,3.34180423984822,4,8260,1560,240,8,"CB","CB_cyc4","cycle_length","4 yr",2,8102,0,"peripheral",3.26211786834308,2.73788213165692,7,0.352563839532874,0.3,4,2,"poolMean",0,0
6,24,8.63524599946787,2.63524599946787,0.0714603666472389,20.2687736615075,0.123342912504942,40.4144133265563,7.1800314532314,3.41168520910304,20,9960,1860,290,10,"CB","CB_cyc4","cycle_length","4 yr",2,8102,0,"peripheral",3.26211786834308,2.73788213165692,7,0.352563839532874,0.3,4,2,"poolMean",0,0
7,28,8.77793515614414,2.77793515614414,0.0921855644747313,26.1471977945531,0.120560626768645,39.5027724105467,7.35432510822668,3.40159743151542,6,11660,2160,340,12,"CB","CB_cyc4","cycle_length","4 yr",2,8102,0,"peripheral",3.26211786834308,2.73788213165692,7,0.352563839532874,0.3,4,2,"poolMean",0,0
8,32,8.96212201126434,2.96212201126434,0.0851853581484032,24.1616832461516,0.120696195695635,39.5471927873509,7.61756305907366,3.41333526620352,55,13360,2460,390,14,"CB","CB_cyc4","cycle_length","4 yr",2,8102,0,"peripheral",3.26211786834308,2.73788213165692,7,0.352563839532874,0.3,4,2,"poolMean",0,0
9,36,9.13911159960484,3.13911159960484,0.0631033985719581,17.898431857211,0.123659708357245,40.5182143334814,7.75232210762243,3.41136690311007,83,15060,2760,440,16,"CB","CB_cyc4","cycle_length","4 yr",2,8102,0,"peripheral",3.26211786834308,2.73788213165692,7,0.352563839532874,0.3,4,2,"poolMean",0,0
10,40,9.36045037910691,3.36045037910691,0.0602085113028274,17.0773359464771,0.110043245364879,36.0566579112818,7.81057427811367,3.35777010805658,92,16760,3060,490,18,"CB","CB_cyc4","cycle_length","4 yr",2,8102,0,"peripheral",3.26211786834308,2.73788213165692,7,0.352563839532874,0.3,4,2,"poolMean",0,0
11,44,9.6260180021933,3.6260180021933,0.0888548426283006,25.2024832569409,0.106909946764049,35.030004476903,8.09547386436143,3.3540405283445,83,18460,3360,540,20,"CB","CB_cyc4","cycle_length","4 yr",2,8102,0,"peripheral",3.26211786834308,2.73788213165692,7,0.352563839532874,0.3,4,2,"poolMean",0,0
12,48,9.94476580501372,3.94476580501372,0.0680901762226881,19.3128643915676,0.103843521329338,34.0252626361548,8.27306189861344,3.40582022530291,51,20160,3660,590,22,"CB","CB_cyc4","cycle_length","4 yr",2,8102,0,"peripheral",3.26211786834308,2.73788213165692,7,0.352563839532874,0.3,4,2,"poolMean",0,0
13,52,10.2967331177032,4.29673311770324,0.056091990252027,15.909740013708,0.0888323395448896,29.1067140723493,8.52481291657039,3.33019007528026,12,21860,3960,640,24,"CB","CB_cyc4","cycle_length","4 yr",2,8102,0,"peripheral",3.26211786834308,2.73788213165692,7,0.352563839532874,0.3,4,2,"poolMean",0,0
14,56,10.5220652791546,4.52206527915456,0.0629471068532179,17.8541018093685,0.0724459052172239,23.7375516582527,8.68861248921231,3.37904317653746,62,23560,4260,690,26,"CB","CB_cyc4","cycle_length","4 yr",2,8102,0,"peripheral",3.26211786834308,2.73788213165692,7,0.352563839532874,0.3,4,2,"poolMean",0,0
15,60,10.7998286953205,4.79982869532046,0.0351790462799545,9.97806420719852,0.0563594120233432,18.4666676511454,8.66484353452753,3.3912480017743,88,25260,4560,740,28,"CB","CB_cyc4","cycle_length","4 yr",2,8102,0,"peripheral",3.26211786834308,2.73788213165692,7,0.352563839532874,0.3,4,2,"poolMean",0,0
1,3,6.37603741300296,0.376037413002964,0.410728723111616,90.434753005041,0.434344347852621,96.8457537251817,NA,NA,0,1260,260,30,0,"GSRS","GSRS_gxe0.5","gxe","varGxE/varA = 0.5",2,8102,0,"peripheral",NA,NA,5,0.454171332882085,0.3,3,2,"poolMean",0,0.5
2,6,7.22269824906104,1.22269824906104,0.259248165594793,57.0815784320101,0.313919762844126,69.9946855350478,NA,NA,0,2460,460,60,0,"GSRS","GSRS_gxe0.5","gxe","varGxE/varA = 0.5",2,8102,0,"peripheral",NA,NA,5,0.454171332882085,0.3,3,2,"poolMean",0,0.5
3,9,8.00493108738277,2.00493108738277,0.215068997025674,47.3541550191835,0.253895330439197,56.6110386039404,NA,NA,0,3660,660,90,0,"GSRS","GSRS_gxe0.5","gxe","varGxE/varA = 0.5",2,8102,0,"peripheral",NA,NA,5,0.454171332882085,0.3,3,2,"poolMean",0,0.5
4,12,8.55179691910942,2.55179691910942,0.14443131081746,31.8010628061719,0.211517038551531,47.1619513998878,NA,NA,0,4860,860,120,0,"GSRS","GSRS_gxe0.5","gxe","varGxE/varA = 0.5",2,8102,0,"peripheral",NA,NA,5,0.454171332882085,0.3,3,2,"poolMean",0,0.5
5,15,8.72030259747177,2.72030259747177,0.173906368368433,38.2909170565336,0.208556437737947,46.5018262740783,NA,NA,0,6060,1060,150,0,"GSRS","GSRS_gxe0.5","gxe","varGxE/varA = 0.5",2,8102,0,"peripheral",NA,NA,5,0.454171332882085,0.3,3,2,"poolMean",0,0.5
6,18,9.35342317219904,3.35342317219904,0.105198839036099,23.1628091470519,0.169670367255568,37.8313996324166,NA,NA,0,7260,1260,180,0,"GSRS","GSRS_gxe0.5","gxe","varGxE/varA = 0.5",2,8102,0,"peripheral",NA,NA,5,0.454171332882085,0.3,3,2,"poolMean",0,0.5
7,21,9.69404617749781,3.69404617749781,0.0883224432688113,19.4469436695473,0.154631428274187,34.4781675987099,NA,NA,0,8460,1460,210,0,"GSRS","GSRS_gxe0.5","gxe","varGxE/varA = 0.5",2,8102,0,"peripheral",NA,NA,5,0.454171332882085,0.3,3,2,"poolMean",0,0.5
8,24,9.98752500039116,3.98752500039116,0.0872991694731594,19.2216379926878,0.138128438565268,30.7984961928753,NA,NA,0,9660,1660,240,0,"GSRS","GSRS_gxe0.5","gxe","varGxE/varA = 0.5",2,8102,0,"peripheral",NA,NA,5,0.454171332882085,0.3,3,2,"poolMean",0,0.5
9,27,10.417878050354,4.41787805035397,0.0617887742927076,13.6047279559913,0.105077333619656,23.4290917428512,NA,NA,0,10860,1860,270,0,"GSRS","GSRS_gxe0.5","gxe","varGxE/varA = 0.5",2,8102,0,"peripheral",NA,NA,5,0.454171332882085,0.3,3,2,"poolMean",0,0.5
10,30,10.6595700739445,4.65957007394445,0.0389089432062516,8.56701874143901,0.0800114215813364,17.8401456539663,NA,NA,0,12060,2060,300,0,"GSRS","GSRS_gxe0.5","gxe","varGxE/varA = 0.5",2,8102,0,"peripheral",NA,NA,5,0.454171332882085,0.3,3,2,"poolMean",0,0.5
11,33,10.7897062884518,4.78970628845182,0.02578177488134,5.67666275141889,0.0684107429626135,15.2535424896608,NA,NA,0,13260,2260,330,0,"GSRS","GSRS_gxe0.5","gxe","varGxE/varA = 0.5",2,8102,0,"peripheral",NA,NA,5,0.454171332882085,0.3,3,2,"poolMean",0,0.5
12,36,10.9027307193591,4.90273071935914,0.0390403282545821,8.5959472622016,0.0656171796638591,14.6306617164116,NA,NA,0,14460,2460,360,0,"GSRS","GSRS_gxe0.5","gxe","varGxE/varA = 0.5",2,8102,0,"peripheral",NA,NA,5,0.454171332882085,0.3,3,2,"poolMean",0,0.5
13,39,10.9994102689651,4.99941026896506,0.0284363452074406,6.26114929513252,0.0560449809913974,12.4963486999652,NA,NA,0,15660,2660,390,0,"GSRS","GSRS_gxe0.5","gxe","varGxE/varA = 0.5",2,8102,0,"peripheral",NA,NA,5,0.454171332882085,0.3,3,2,"poolMean",0,0.5
14,42,11.1037798652197,5.10377986521969,0.0192462410619822,4.23766091528702,0.0443325548529784,9.88482919261209,NA,NA,0,16860,2860,420,0,"GSRS","GSRS_gxe0.5","gxe","varGxE/varA = 0.5",2,8102,0,"peripheral",NA,NA,5,0.454171332882085,0.3,3,2,"poolMean",0,0.5
15,45,11.1461665295777,5.14616652957766,0.0126605179405753,2.78760833719602,0.0377822732484205,8.42431298642251,NA,NA,0,18060,3060,450,0,"GSRS","GSRS_gxe0.5","gxe","varGxE/varA = 0.5",2,8102,0,"peripheral",NA,NA,5,0.454171332882085,0.3,3,2,"poolMean",0,0.5
16,48,11.1365563988104,5.13655639881041,0.0111450094419843,2.45392182092608,0.0315320598681472,7.03070298839125,NA,NA,0,19260,3260,480,0,"GSRS","GSRS_gxe0.5","gxe","varGxE/varA = 0.5",2,8102,0,"peripheral",NA,NA,5,0.454171332882085,0.3,3,2,"poolMean",0,0.5
17,51,11.1846042391876,5.1846042391876,0.00999475816331609,2.2006580864299,0.028663849354432,6.3911781265701,NA,NA,0,20460,3460,510,0,"GSRS","GSRS_gxe0.5","gxe","varGxE/varA = 0.5",2,8102,0,"peripheral",NA,NA,5,0.454171332882085,0.3,3,2,"poolMean",0,0.5
18,54,11.1519439667217,5.15194396672172,0.0114465598904297,2.52031756777602,0.0216749540319999,4.83286422527582,NA,NA,0,21660,3660,540,0,"GSRS","GSRS_gxe0.5","gxe","varGxE/varA = 0.5",2,8102,0,"peripheral",NA,NA,5,0.454171332882085,0.3,3,2,"poolMean",0,0.5
19,57,11.2079602722685,5.20796027226848,0.0100789697343989,2.21919989322964,0.0198057732457772,4.41609300910754,NA,NA,0,22860,3860,570,0,"GSRS","GSRS_gxe0.5","gxe","varGxE/varA = 0.5",2,8102,0,"peripheral",NA,NA,5,0.454171332882085,0.3,3,2,"poolMean",0,0.5
20,60,11.229929396054,5.22992939605396,0.00906814988883081,1.99663634234377,0.0150614380066618,3.35824864108787,NA,NA,0,24060,4060,600,0,"GSRS","GSRS_gxe0.5","gxe","varGxE/varA = 0.5",2,8102,0,"peripheral",NA,NA,5,0.454171332882085,0.3,3,2,"poolMean",0,0.5
1,3,6.37603741300296,0.376037413002964,0.410728723111616,90.434753005041,0.434344347852621,96.8457537251817,5.33100905285326,3.19557010866475,0,1460,360,40,0,"CB","CB_gxe0.5","gxe","varGxE/varA = 0.5",2,8102,0,"peripheral",3.19675340887718,2.80324659112282,5,0.454171332882085,0.3,3,2,"poolMean",0,0.5
2,6,7.24888299278188,1.24888299278188,0.279605796466425,61.5639465159767,0.347046324150954,77.3809144889739,6.57106434106769,3.26155456295109,11,3160,660,90,2,"CB","CB_gxe0.5","gxe","varGxE/varA = 0.5",2,8102,0,"peripheral",3.19675340887718,2.80324659112282,5,0.454171332882085,0.3,3,2,"poolMean",0,0.5
3,9,8.07196030621494,2.07196030621494,0.311807135310939,68.6540767186404,0.320311981514615,71.4199584508352,7.29850364520099,3.29410038467593,157,4860,960,140,4,"CB","CB_gxe0.5","gxe","varGxE/varA = 0.5",2,8102,0,"peripheral",3.19675340887718,2.80324659112282,5,0.454171332882085,0.3,3,2,"poolMean",0,0.5
4,12,8.73146585738424,2.73146585738424,0.261848014696096,57.6540163894665,0.283911671039227,63.3037816863669,7.7119085051697,3.26195169647341,149,6560,1260,190,6,"CB","CB_gxe0.5","gxe","varGxE/varA = 0.5",2,8102,0,"peripheral",3.19675340887718,2.80324659112282,5,0.454171332882085,0.3,3,2,"poolMean",0,0.5
5,15,9.46545550219984,3.46545550219984,0.172977508018369,38.08639944769,0.24289743369154,54.1588377057721,8.22712409574842,3.20243330927867,96,8260,1560,240,8,"CB","CB_gxe0.5","gxe","varGxE/varA = 0.5",2,8102,0,"peripheral",3.19675340887718,2.80324659112282,5,0.454171332882085,0.3,3,2,"poolMean",0,0.5
6,18,10.2192792511374,4.21927925113743,0.140863706822341,31.0155433916197,0.210339164836966,46.8993209127086,8.3527604217461,3.21850425138001,12,9960,1860,290,10,"CB","CB_gxe0.5","gxe","varGxE/varA = 0.5",2,8102,0,"peripheral",3.19675340887718,2.80324659112282,5,0.454171332882085,0.3,3,2,"poolMean",0,0.5
7,21,10.6464103606133,4.64641036061333,0.123587026963739,27.2115428729241,0.212779034819562,47.4433386917453,8.71841851292269,3.12042801367112,78,11660,2160,340,12,"CB","CB_gxe0.5","gxe","varGxE/varA = 0.5",2,8102,0,"peripheral",3.19675340887718,2.80324659112282,5,0.454171332882085,0.3,3,2,"poolMean",0,0.5
8,24,11.1090351468808,5.10903514688084,0.143637777914831,31.6263417603513,0.183362836329442,40.8844092879445,8.62536136161065,3.13878822942942,71,13360,2460,390,14,"CB","CB_gxe0.5","gxe","varGxE/varA = 0.5",2,8102,0,"peripheral",3.19675340887718,2.80324659112282,5,0.454171332882085,0.3,3,2,"poolMean",0,0.5
9,27,11.4588814704918,5.45888147049183,0.136540512380271,30.0636571475815,0.14826459074222,33.0585539150563,8.93273126078295,3.30636448740388,77,15060,2760,440,16,"CB","CB_gxe0.5","gxe","varGxE/varA = 0.5",2,8102,0,"peripheral",3.19675340887718,2.80324659112282,5,0.454171332882085,0.3,3,2,"poolMean",0,0.5
10,30,11.6550128061526,5.65501280615261,0.102977730158816,22.6737626757151,0.123687893659286,27.5786880785616,9.25714814291946,3.37324813312959,38,16760,3060,490,18,"CB","CB_gxe0.5","gxe","varGxE/varA = 0.5",2,8102,0,"peripheral",3.19675340887718,2.80324659112282,5,0.454171332882085,0.3,3,2,"poolMean",0,0.5
11,33,11.9684934715235,5.96849347152353,0.0686679507599141,15.1193934509605,0.104103867167524,23.2120379403809,9.63418990590978,3.45723236878966,29,18460,3360,540,20,"CB","CB_gxe0.5","gxe","varGxE/varA = 0.5",2,8102,0,"peripheral",3.19675340887718,2.80324659112282,5,0.454171332882085,0.3,3,2,"poolMean",0,0.5
12,36,12.1407999212255,6.14079992122554,0.0530786430970097,11.6869206077325,0.0875653071990412,19.5244354342231,9.67680936167614,3.37331672967233,67,20160,3660,590,22,"CB","CB_gxe0.5","gxe","varGxE/varA = 0.5",2,8102,0,"peripheral",3.19675340887718,2.80324659112282,5,0.454171332882085,0.3,3,2,"poolMean",0,0.5
13,39,12.3649015660575,6.36490156605745,0.0708450415434136,15.5987479645279,0.077293786726637,17.2341946449239,9.54821695201793,3.39194074171619,76,21860,3960,640,24,"CB","CB_gxe0.5","gxe","varGxE/varA = 0.5",2,8102,0,"peripheral",3.19675340887718,2.80324659112282,5,0.454171332882085,0.3,3,2,"poolMean",0,0.5
14,42,12.4090770830092,6.40907708300918,0.0669466560931149,14.740396684283,0.0857559198234196,19.1209963540572,9.77412512564929,3.27642944184287,93,23560,4260,690,26,"CB","CB_gxe0.5","gxe","varGxE/varA = 0.5",2,8102,0,"peripheral",3.19675340887718,2.80324659112282,5,0.454171332882085,0.3,3,2,"poolMean",0,0.5
15,45,12.4853929668013,6.48539296680134,0.0682732891696605,15.032496378935,0.0787631086736673,17.5618093407951,9.77932368355909,3.21309410086683,171,25260,4560,740,28,"CB","CB_gxe0.5","gxe","varGxE/varA = 0.5",2,8102,0,"peripheral",3.19675340887718,2.80324659112282,5,0.454171332882085,0.3,3,2,"poolMean",0,0.5
16,48,12.6009277508591,6.60092775085907,0.0631422923006445,13.9027472077455,0.0726900858713772,16.2077075236867,9.83022186111798,3.21845739477258,136,26960,4860,790,30,"CB","CB_gxe0.5","gxe","varGxE/varA = 0.5",2,8102,0,"peripheral",3.19675340887718,2.80324659112282,5,0.454171332882085,0.3,3,2,"poolMean",0,0.5
17,51,12.7704063160871,6.77040631608712,0.0607568697129871,13.3775219425311,0.0769133093737357,17.149359614379,9.912722461636,3.24026627969645,83,28660,5160,840,32,"CB","CB_gxe0.5","gxe","varGxE/varA = 0.5",2,8102,0,"peripheral",3.19675340887718,2.80324659112282,5,0.454171332882085,0.3,3,2,"poolMean",0,0.5
18,54,12.9137949271721,6.91379492717209,0.0946372302546132,20.8373411976629,0.0742345300818523,16.5520722296842,10.069792835066,3.37513564554511,36,30360,5460,890,34,"CB","CB_gxe0.5","gxe","varGxE/varA = 0.5",2,8102,0,"peripheral",3.19675340887718,2.80324659112282,5,0.454171332882085,0.3,3,2,"poolMean",0,0.5
19,57,13.0810608109309,7.08106081093088,0.111290616980285,24.5041042714114,0.0703631559715502,15.6888719934707,10.4254282451308,3.46260724192197,62,32060,5760,940,36,"CB","CB_gxe0.5","gxe","varGxE/varA = 0.5",2,8102,0,"peripheral",3.19675340887718,2.80324659112282,5,0.454171332882085,0.3,3,2,"poolMean",0,0.5
20,60,13.4343974614744,7.43439746147437,0.148662276002451,32.7326418994939,0.0688304818175638,15.347131656819,11.0377016895572,3.41431041208853,77,33760,6060,990,38,"CB","CB_gxe0.5","gxe","varGxE/varA = 0.5",2,8102,0,"peripheral",3.19675340887718,2.80324659112282,5,0.454171332882085,0.3,3,2,"poolMean",0,0.5
1,3,6.27302257234879,0.273022572348788,0.238600825635826,63.5239469928239,0.326422468124629,93.8574788070828,NA,NA,0,1260,260,30,0,"GSRS","GSRS_gxe1.0","gxe","varGxE/varA = 1.0",2,8102,0,"peripheral",NA,NA,9,0.375607683292696,0.3,3,2,"poolMean",0,1
2,6,6.76365367664657,0.763653676646566,0.220283793693856,58.6473076809234,0.229149954853443,65.8883475603444,NA,NA,0,2460,460,60,0,"GSRS","GSRS_gxe1.0","gxe","varGxE/varA = 1.0",2,8102,0,"peripheral",NA,NA,9,0.375607683292696,0.3,3,2,"poolMean",0,1
3,9,7.30331972728495,1.30331972728495,0.257593985273028,68.5805953208619,0.19148860130605,55.059437060621,NA,NA,0,3660,660,90,0,"GSRS","GSRS_gxe1.0","gxe","varGxE/varA = 1.0",2,8102,0,"peripheral",NA,NA,9,0.375607683292696,0.3,3,2,"poolMean",0,1
4,12,8.08007932262803,2.08007932262803,0.140623495418715,37.4389294132552,0.151458475800283,43.549424658938,NA,NA,0,4860,860,120,0,"GSRS","GSRS_gxe1.0","gxe","varGxE/varA = 1.0",2,8102,0,"peripheral",NA,NA,9,0.375607683292696,0.3,3,2,"poolMean",0,1
5,15,8.13681714383883,2.13681714383883,0.123355376744321,32.8415477721194,0.147814984275697,42.5017978502894,NA,NA,0,6060,1060,150,0,"GSRS","GSRS_gxe1.0","gxe","varGxE/varA = 1.0",2,8102,0,"peripheral",NA,NA,9,0.375607683292696,0.3,3,2,"poolMean",0,1
6,18,7.97434004621903,1.97434004621903,0.0800258334351105,21.3056966070499,0.133285004218462,38.3239380873743,NA,NA,0,7260,1260,180,0,"GSRS","GSRS_gxe1.0","gxe","varGxE/varA = 1.0",2,8102,0,"peripheral",NA,NA,9,0.375607683292696,0.3,3,2,"poolMean",0,1
7,21,8.27612721042502,2.27612721042502,0.0746061195083977,19.8627777936747,0.118244746205546,33.99935618647,NA,NA,0,8460,1460,210,0,"GSRS","GSRS_gxe1.0","gxe","varGxE/varA = 1.0",2,8102,0,"peripheral",NA,NA,9,0.375607683292696,0.3,3,2,"poolMean",0,1
8,24,8.35070601465619,2.35070601465619,0.0877779946628147,23.36959507679,0.123131251178607,35.404391322638,NA,NA,0,9660,1660,240,0,"GSRS","GSRS_gxe1.0","gxe","varGxE/varA = 1.0",2,8102,0,"peripheral",NA,NA,9,0.375607683292696,0.3,3,2,"poolMean",0,1
9,27,8.55373230946349,2.55373230946349,0.0727907827253264,19.3794711778043,0.116688802552963,33.551969861514,NA,NA,0,10860,1860,270,0,"GSRS","GSRS_gxe1.0","gxe","varGxE/varA = 1.0",2,8102,0,"peripheral",NA,NA,9,0.375607683292696,0.3,3,2,"poolMean",0,1
10,30,8.76687740595242,2.76687740595242,0.0587396908216346,15.6385754164302,0.105697699350129,30.391656658035,NA,NA,0,12060,2060,300,0,"GSRS","GSRS_gxe1.0","gxe","varGxE/varA = 1.0",2,8102,0,"peripheral",NA,NA,9,0.375607683292696,0.3,3,2,"poolMean",0,1
11,33,9.02422667366604,3.02422667366604,0.0605991751869425,16.1336356742522,0.0869451567329805,24.9996676157982,NA,NA,0,13260,2260,330,0,"GSRS","GSRS_gxe1.0","gxe","varGxE/varA = 1.0",2,8102,0,"peripheral",NA,NA,9,0.375607683292696,0.3,3,2,"poolMean",0,1
12,36,9.11279552779742,3.11279552779742,0.0674772381096761,17.9648183759579,0.077400691760944,22.2553117386291,NA,NA,0,14460,2460,360,0,"GSRS","GSRS_gxe1.0","gxe","varGxE/varA = 1.0",2,8102,0,"peripheral",NA,NA,9,0.375607683292696,0.3,3,2,"poolMean",0,1
13,39,9.18590035212532,3.18590035212532,0.0384466054072937,10.2358410430422,0.0534645069511646,15.3728505789747,NA,NA,0,15660,2660,390,0,"GSRS","GSRS_gxe1.0","gxe","varGxE/varA = 1.0",2,8102,0,"peripheral",NA,NA,9,0.375607683292696,0.3,3,2,"poolMean",0,1
14,42,9.32206289435551,3.32206289435551,0.0535965695001108,14.2692953004226,0.0473656913222965,13.6192352046303,NA,NA,0,16860,2860,420,0,"GSRS","GSRS_gxe1.0","gxe","varGxE/varA = 1.0",2,8102,0,"peripheral",NA,NA,9,0.375607683292696,0.3,3,2,"poolMean",0,1
15,45,9.53977743673871,3.53977743673871,0.0548553061019294,14.6044153359831,0.047257869670646,13.5882328399865,NA,NA,0,18060,3060,450,0,"GSRS","GSRS_gxe1.0","gxe","varGxE/varA = 1.0",2,8102,0,"peripheral",NA,NA,9,0.375607683292696,0.3,3,2,"poolMean",0,1
16,48,9.78051742642247,3.78051742642247,0.0468892064100734,12.4835589088668,0.0411889943390509,11.8432263118191,NA,NA,0,19260,3260,480,0,"GSRS","GSRS_gxe1.0","gxe","varGxE/varA = 1.0",2,8102,0,"peripheral",NA,NA,9,0.375607683292696,0.3,3,2,"poolMean",0,1
17,51,9.88390366568582,3.88390366568582,0.0378585373998989,10.0792766186301,0.042010199849868,12.0793506180612,NA,NA,0,20460,3460,510,0,"GSRS","GSRS_gxe1.0","gxe","varGxE/varA = 1.0",2,8102,0,"peripheral",NA,NA,9,0.375607683292696,0.3,3,2,"poolMean",0,1
18,54,10.0225991997865,4.02259919978651,0.0398710601143348,10.6150810773658,0.0414408070060587,11.9156309541613,NA,NA,0,21660,3660,540,0,"GSRS","GSRS_gxe1.0","gxe","varGxE/varA = 1.0",2,8102,0,"peripheral",NA,NA,9,0.375607683292696,0.3,3,2,"poolMean",0,1
19,57,10.1885367172346,4.18853671723464,0.0279388332989878,7.43830186168376,0.0297749689670159,8.56130870788054,NA,NA,0,22860,3860,570,0,"GSRS","GSRS_gxe1.0","gxe","varGxE/varA = 1.0",2,8102,0,"peripheral",NA,NA,9,0.375607683292696,0.3,3,2,"poolMean",0,1
20,60,10.2543896246075,4.25438962460752,0.0332244006608134,8.84550613277072,0.0282548727849635,8.12422974082475,NA,NA,0,24060,4060,600,0,"GSRS","GSRS_gxe1.0","gxe","varGxE/varA = 1.0",2,8102,0,"peripheral",NA,NA,9,0.375607683292696,0.3,3,2,"poolMean",0,1
1,3,6.27302257234879,0.273022572348788,0.238600825635826,63.5239469928239,0.326422468124629,93.8574788070828,5.3664143802159,3.30795601045487,0,1460,360,40,0,"CB","CB_gxe1.0","gxe","varGxE/varA = 1.0",2,8102,0,"peripheral",3.36755590298127,2.63244409701873,9,0.375607683292696,0.3,3,2,"poolMean",0,1
2,6,7.01175619210556,1.01175619210556,0.156449251990918,41.6523034405033,0.235222827401733,67.6345034232479,5.96671688787003,3.34092693246311,3,3160,660,90,2,"CB","CB_gxe1.0","gxe","varGxE/varA = 1.0",2,8102,0,"peripheral",3.36755590298127,2.63244409701873,9,0.375607683292696,0.3,3,2,"poolMean",0,1
3,9,7.17893289827111,1.17893289827111,0.181429655768187,48.3029671218962,0.223981420305469,64.4022194007628,6.54998967712564,3.38351874877143,185,4860,960,140,4,"CB","CB_gxe1.0","gxe","varGxE/varA = 1.0",2,8102,0,"peripheral",3.36755590298127,2.63244409701873,9,0.375607683292696,0.3,3,2,"poolMean",0,1
4,12,7.68646822960168,1.68646822960168,0.124982985168471,33.2748744841507,0.185540116839776,53.3490469703332,6.75291303668737,3.4272721793836,95,6560,1260,190,6,"CB","CB_gxe1.0","gxe","varGxE/varA = 1.0",2,8102,0,"peripheral",3.36755590298127,2.63244409701873,9,0.375607683292696,0.3,3,2,"poolMean",0,1
5,15,8.10814683491174,2.10814683491174,0.107011075918743,28.4901189934802,0.184646962744443,53.0922350172352,6.79165924219525,3.38394689697218,34,8260,1560,240,8,"CB","CB_gxe1.0","gxe","varGxE/varA = 1.0",2,8102,0,"peripheral",3.36755590298127,2.63244409701873,9,0.375607683292696,0.3,3,2,"poolMean",0,1
6,18,8.36932961020857,2.36932961020857,0.115228374473209,30.6778534089294,0.191231888545882,54.9856234760799,6.95945496777674,3.23821756212367,143,9960,1860,290,10,"CB","CB_gxe1.0","gxe","varGxE/varA = 1.0",2,8102,0,"peripheral",3.36755590298127,2.63244409701873,9,0.375607683292696,0.3,3,2,"poolMean",0,1
7,21,8.67793000001131,2.67793000001131,0.113369037025397,30.1828322657214,0.155770487372797,44.7892735489618,7.15915462884683,3.3312141373687,151,11660,2160,340,12,"CB","CB_gxe1.0","gxe","varGxE/varA = 1.0",2,8102,0,"peripheral",3.36755590298127,2.63244409701873,9,0.375607683292696,0.3,3,2,"poolMean",0,1
8,24,8.72746960514501,2.72746960514501,0.133680782116915,35.5905345026562,0.181201414969919,52.1015237188245,7.34159988001275,3.39187395604579,60,13360,2460,390,14,"CB","CB_gxe1.0","gxe","varGxE/varA = 1.0",2,8102,0,"peripheral",3.36755590298127,2.63244409701873,9,0.375607683292696,0.3,3,2,"poolMean",0,1
9,27,8.87009334076168,2.87009334076168,0.127319710415512,33.8969930804896,0.156492605406306,44.9969068605278,7.61812701349725,3.22799866292383,66,15060,2760,440,16,"CB","CB_gxe1.0","gxe","varGxE/varA = 1.0",2,8102,0,"peripheral",3.36755590298127,2.63244409701873,9,0.375607683292696,0.3,3,2,"poolMean",0,1
10,30,9.41357414864304,3.41357414864304,0.138923222348172,36.9862568119818,0.133969087937282,38.5206352495224,7.92757712003537,3.13776891866232,40,16760,3060,490,18,"CB","CB_gxe1.0","gxe","varGxE/varA = 1.0",2,8102,0,"peripheral",3.36755590298127,2.63244409701873,9,0.375607683292696,0.3,3,2,"poolMean",0,1
11,33,9.60848291747872,3.60848291747872,0.0712289313864661,18.9636513188577,0.10964223509907,31.5258438436998,7.98342476848048,2.93494626011661,141,18460,3360,540,20,"CB","CB_gxe1.0","gxe","varGxE/varA = 1.0",2,8102,0,"peripheral",3.36755590298127,2.63244409701873,9,0.375607683292696,0.3,3,2,"poolMean",0,1
12,36,9.89519503104274,3.89519503104274,0.0624936399541295,16.6380089476047,0.094036958419552,27.0388000025042,7.89266252751627,2.90415010336777,47,20160,3660,590,22,"CB","CB_gxe1.0","gxe","varGxE/varA = 1.0",2,8102,0,"peripheral",3.36755590298127,2.63244409701873,9,0.375607683292696,0.3,3,2,"poolMean",0,1
13,39,10.0966868930329,4.09668689303291,0.0613737170953579,16.3398460216086,0.108167008654625,31.1016664408985,7.9259080320765,2.77759110876353,22,21860,3960,640,24,"CB","CB_gxe1.0","gxe","varGxE/varA = 1.0",2,8102,0,"peripheral",3.36755590298127,2.63244409701873,9,0.375607683292696,0.3,3,2,"poolMean",0,1
14,42,10.2043462539926,4.20434625399255,0.0447538835738041,11.915060730781,0.0793364406243455,22.811904882987,8.07992799872225,2.82580679415797,10,23560,4260,690,26,"CB","CB_gxe1.0","gxe","varGxE/varA = 1.0",2,8102,0,"peripheral",3.36755590298127,2.63244409701873,9,0.375607683292696,0.3,3,2,"poolMean",0,1
15,45,10.3626942565993,4.36269425659931,0.0516841551288391,13.7601432100002,0.0772338097629364,22.2073275306754,8.0725693632019,2.80966057240566,60,25260,4560,740,28,"CB","CB_gxe1.0","gxe","varGxE/varA = 1.0",2,8102,0,"peripheral",3.36755590298127,2.63244409701873,9,0.375607683292696,0.3,3,2,"poolMean",0,1
16,48,10.6579431893442,4.65794318934422,0.0429225471056891,11.4274944349957,0.0651853986056524,18.7430025981709,8.33946357085791,2.97103464860807,100,26960,4860,790,30,"CB","CB_gxe1.0","gxe","varGxE/varA = 1.0",2,8102,0,"peripheral",3.36755590298127,2.63244409701873,9,0.375607683292696,0.3,3,2,"poolMean",0,1
17,51,10.7848493148822,4.78484931488224,0.0382414513442774,10.1812218027706,0.059776438274673,17.1877439097909,8.69092246481252,3.01102576733715,134,28660,5160,840,32,"CB","CB_gxe1.0","gxe","varGxE/varA = 1.0",2,8102,0,"peripheral",3.36755590298127,2.63244409701873,9,0.375607683292696,0.3,3,2,"poolMean",0,1
18,54,10.7248060852506,4.72480608525058,0.033911340583561,9.02839374484661,0.0602913940721044,17.3358110851961,8.61564071764386,2.92547305773506,71,30360,5460,890,34,"CB","CB_gxe1.0","gxe","varGxE/varA = 1.0",2,8102,0,"peripheral",3.36755590298127,2.63244409701873,9,0.375607683292696,0.3,3,2,"poolMean",0,1
19,57,10.8084882526902,4.80848825269022,0.0689030704110738,18.3444251744394,0.0567623917215926,16.3211037789673,8.60460830555975,2.86570087801339,89,32060,5760,940,36,"CB","CB_gxe1.0","gxe","varGxE/varA = 1.0",2,8102,0,"peripheral",3.36755590298127,2.63244409701873,9,0.375607683292696,0.3,3,2,"poolMean",0,1
20,60,10.6979912818656,4.69799128186557,0.0465673171277264,12.3978606399908,0.0476855855505723,13.7112155941035,8.43702130373436,3.02646315704582,40,33760,6060,990,38,"CB","CB_gxe1.0","gxe","varGxE/varA = 1.0",2,8102,0,"peripheral",3.36755590298127,2.63244409701873,9,0.375607683292696,0.3,3,2,"poolMean",0,1
1,3,6.17782268650054,0.177822686500541,0.277748564913202,78.7796517309326,0.283400475866127,92.8587118302193,5.06746672212318,3.38348389222538,0,810,260,25,0,"CB","CB_equalBudget","resource_matched","equal genotyping + phenotyping budget",2,8102,0,"peripheral",3.41775864398141,2.58224135601859,7,0.352563839532874,0.3,3,2,"poolMean",0,0
2,6,6.96900606397362,0.969006063973618,0.274092957054488,77.7427876374516,0.238202757220063,78.0492732846017,5.87202886026412,3.37010251594276,0,1710,460,60,0,"CB","CB_equalBudget","resource_matched","equal genotyping + phenotyping budget",2,8102,0,"peripheral",3.41775864398141,2.58224135601859,7,0.352563839532874,0.3,3,2,"poolMean",0,0
3,9,7.43336707288019,1.43336707288019,0.183630652492542,52.0843693828164,0.223104389900735,73.1021575970666,6.46260452656782,3.3445028735043,22,2610,660,95,2,"CB","CB_equalBudget","resource_matched","equal genotyping + phenotyping budget",2,8102,0,"peripheral",3.41775864398141,2.58224135601859,7,0.352563839532874,0.3,3,2,"poolMean",0,0
4,12,7.92670115476877,1.92670115476877,0.163343641458782,46.3302310512623,0.18821001645747,61.6687026666843,6.78876856602816,3.34225655406061,18,3510,860,130,4,"CB","CB_equalBudget","resource_matched","equal genotyping + phenotyping budget",2,8102,0,"peripheral",3.41775864398141,2.58224135601859,7,0.352563839532874,0.3,3,2,"poolMean",0,0
5,15,8.28024691534406,2.28024691534406,0.150098620198347,42.5734585819178,0.170376773068545,55.8254802663361,7.06583595681598,3.3861049191498,16,4410,1060,165,6,"CB","CB_equalBudget","resource_matched","equal genotyping + phenotyping budget",2,8102,0,"peripheral",3.41775864398141,2.58224135601859,7,0.352563839532874,0.3,3,2,"poolMean",0,0
6,18,8.74694919071266,2.74694919071266,0.102642027597133,29.1130331837568,0.143026057311901,46.8637725450119,7.32559751494329,3.33309752367734,13,5310,1260,200,8,"CB","CB_equalBudget","resource_matched","equal genotyping + phenotyping budget",2,8102,0,"peripheral",3.41775864398141,2.58224135601859,7,0.352563839532874,0.3,3,2,"poolMean",0,0
7,21,9.23893362501224,3.23893362501224,0.0892317425646132,25.3093858640863,0.110518067292136,36.2122375812845,7.55118201989595,3.39957778538732,6,6210,1460,235,10,"CB","CB_equalBudget","resource_matched","equal genotyping + phenotyping budget",2,8102,0,"peripheral",3.41775864398141,2.58224135601859,7,0.352563839532874,0.3,3,2,"poolMean",0,0
8,24,9.40095741989817,3.40095741989817,0.0635043890252748,18.0121674160953,0.097179077405566,31.8415977148633,7.85821097676165,3.42049999512862,42,7110,1660,270,12,"CB","CB_equalBudget","resource_matched","equal genotyping + phenotyping budget",2,8102,0,"peripheral",3.41775864398141,2.58224135601859,7,0.352563839532874,0.3,3,2,"poolMean",0,0
9,27,9.57039730450704,3.57039730450704,0.0794955739560727,22.5478523439612,0.0826695314264924,27.0874146291067,7.966473454011,3.45363053128349,29,8010,1860,305,14,"CB","CB_equalBudget","resource_matched","equal genotyping + phenotyping budget",2,8102,0,"peripheral",3.41775864398141,2.58224135601859,7,0.352563839532874,0.3,3,2,"poolMean",0,0
10,30,9.78615414984308,3.78615414984308,0.0491337795014245,13.9361369465807,0.0773654250052502,25.3494765110366,7.97984391373202,3.59115301402952,52,8910,2060,340,16,"CB","CB_equalBudget","resource_matched","equal genotyping + phenotyping budget",2,8102,0,"peripheral",3.41775864398141,2.58224135601859,7,0.352563839532874,0.3,3,2,"poolMean",0,0
11,33,9.91977767877933,3.91977767877933,0.0414325791627696,11.7517948572563,0.0629596379851578,20.6292909803031,8.20483733954865,3.6748780989541,41,9810,2260,375,18,"CB","CB_equalBudget","resource_matched","equal genotyping + phenotyping budget",2,8102,0,"peripheral",3.41775864398141,2.58224135601859,7,0.352563839532874,0.3,3,2,"poolMean",0,0
12,36,9.98914881515188,3.98914881515188,0.041667295241585,11.8183689220062,0.0507700429926216,16.6352606764383,8.12748965813558,3.77669134621662,14,10710,2460,410,19,"CB","CB_equalBudget","resource_matched","equal genotyping + phenotyping budget",2,8102,0,"peripheral",3.41775864398141,2.58224135601859,7,0.352563839532874,0.3,3,2,"poolMean",0,0
13,39,10.2190939579269,4.21909395792693,0.0295528029386002,8.38225581436711,0.0426432004846647,13.9724277216609,8.29955223907576,3.77997486975758,2,11610,2660,445,21,"CB","CB_equalBudget","resource_matched","equal genotyping + phenotyping budget",2,8102,0,"peripheral",3.41775864398141,2.58224135601859,7,0.352563839532874,0.3,3,2,"poolMean",0,0
14,42,10.1492988226614,4.14929882266138,0.0431203563354378,12.230510194287,0.0407115122364443,13.3394927139157,8.40955011004252,3.73390262249229,13,12510,2860,480,23,"CB","CB_equalBudget","resource_matched","equal genotyping + phenotyping budget",2,8102,0,"peripheral",3.41775864398141,2.58224135601859,7,0.352563839532874,0.3,3,2,"poolMean",0,0
15,45,10.314923206787,4.31492320678696,0.0548127971005978,15.546914049161,0.0259707262758988,8.50954177089803,8.4721671451042,3.68600453749781,17,13410,3060,515,25,"CB","CB_equalBudget","resource_matched","equal genotyping + phenotyping budget",2,8102,0,"peripheral",3.41775864398141,2.58224135601859,7,0.352563839532874,0.3,3,2,"poolMean",0,0
16,48,10.5003306421037,4.50033064210374,0.0141337225343624,4.00884065509631,0.0178227432699734,5.83978194204665,8.53883434385263,3.69802750759577,17,14310,3260,550,27,"CB","CB_equalBudget","resource_matched","equal genotyping + phenotyping budget",2,8102,0,"peripheral",3.41775864398141,2.58224135601859,7,0.352563839532874,0.3,3,2,"poolMean",0,0
17,51,10.5597410083928,4.55974100839275,0.014391140940989,4.08185393035667,0.0147154624167452,4.82165345639878,8.62952316620027,3.77584276501091,1,15210,3460,585,28,"CB","CB_equalBudget","resource_matched","equal genotyping + phenotyping budget",2,8102,0,"peripheral",3.41775864398141,2.58224135601859,7,0.352563839532874,0.3,3,2,"poolMean",0,0
18,54,10.6313256303675,4.63132563036751,0.0081096598310869,2.30019614088379,0.00905569600731732,2.96718014814757,8.62240785265217,3.71446878383025,11,16110,3660,620,30,"CB","CB_equalBudget","resource_matched","equal genotyping + phenotyping budget",2,8102,0,"peripheral",3.41775864398141,2.58224135601859,7,0.352563839532874,0.3,3,2,"poolMean",0,0
19,57,10.6988962490472,4.69889624904721,0.00942652535489643,2.6737073681141,0.0113466436795224,3.71782973354876,8.51598390078253,3.75519919748994,20,17010,3860,655,32,"CB","CB_equalBudget","resource_matched","equal genotyping + phenotyping budget",2,8102,0,"peripheral",3.41775864398141,2.58224135601859,7,0.352563839532874,0.3,3,2,"poolMean",0,0
20,60,10.647208523508,4.64720852350796,0.0107265404482814,3.0424391969674,0.0147025380637427,4.81741867603229,8.48093349660288,3.74579419239707,30,17910,4060,690,34,"CB","CB_equalBudget","resource_matched","equal genotyping + phenotyping budget",2,8102,0,"peripheral",3.41775864398141,2.58224135601859,7,0.352563839532874,0.3,3,2,"poolMean",0,0
1,3,6.21771742556936,0.217717425569356,0.418271617489039,118.637129106384,0.295286482851391,96.7532687962352,5.43977826214637,3.24926979971477,0,1460,360,40,0,"CB","CB_lag2","resource_matched","2-cycle bridge development lag",2,8102,0,"peripheral",3.21166456375436,2.78833543624564,7,0.352563839532874,0.3,3,2,"poolMean",2,0
2,6,7.33128375716373,1.33128375716373,0.221282323881506,62.7637605077967,0.224348740070774,73.5098801088317,6.60353993753454,3.26478100135559,16,3160,660,90,0,"CB","CB_lag2","resource_matched","2-cycle bridge development lag",2,8102,0,"peripheral",3.21166456375436,2.78833543624564,7,0.352563839532874,0.3,3,2,"poolMean",2,0
3,9,8.03819749245399,2.03819749245399,0.117961090070003,33.4580795995114,0.175016023896057,57.3455724764266,6.99053672210913,3.28860885853244,60,4860,960,140,0,"CB","CB_lag2","resource_matched","2-cycle bridge development lag",2,8102,0,"peripheral",3.21166456375436,2.78833543624564,7,0.352563839532874,0.3,3,2,"poolMean",2,0
4,12,8.48583659778462,2.48583659778462,0.0794214039667651,22.5268150222081,0.146618553831908,48.0408863027882,7.12250202847098,3.34187437966885,43,6560,1260,190,2,"CB","CB_lag2","resource_matched","2-cycle bridge development lag",2,8102,0,"peripheral",3.21166456375436,2.78833543624564,7,0.352563839532874,0.3,3,2,"poolMean",2,0
5,15,8.64028670707386,2.64028670707386,0.176712113849984,50.1220187765475,0.140206000403326,45.9397555650899,7.44771830751267,3.31330274565434,40,8260,1560,240,4,"CB","CB_lag2","resource_matched","2-cycle bridge development lag",2,8102,0,"peripheral",3.21166456375436,2.78833543624564,7,0.352563839532874,0.3,3,2,"poolMean",2,0
6,18,8.87704295737528,2.87704295737528,0.0994762298255682,28.215097145915,0.127708574225466,41.8448616079693,7.55001754422579,3.37054386605744,9,9960,1860,290,6,"CB","CB_lag2","resource_matched","2-cycle bridge development lag",2,8102,0,"peripheral",3.21166456375436,2.78833543624564,7,0.352563839532874,0.3,3,2,"poolMean",2,0
7,21,9.15641411473554,3.15641411473554,0.10358467849015,29.380403454703,0.106601967842721,34.9290924166181,7.74159202753699,3.37469510600451,11,11660,2160,340,8,"CB","CB_lag2","resource_matched","2-cycle bridge development lag",2,8102,0,"peripheral",3.21166456375436,2.78833543624564,7,0.352563839532874,0.3,3,2,"poolMean",2,0
8,24,9.51732671941656,3.51732671941656,0.0786400237609198,22.3051870166586,0.0934783375745988,30.6290170638529,8.01448769420424,3.41809386911021,80,13360,2460,390,10,"CB","CB_lag2","resource_matched","2-cycle bridge development lag",2,8102,0,"peripheral",3.21166456375436,2.78833543624564,7,0.352563839532874,0.3,3,2,"poolMean",2,0
9,27,9.81223533717722,3.81223533717722,0.140923739325824,39.971126792963,0.0900142734869272,29.4939853462969,8.15049023974641,3.40185266202937,79,15060,2760,440,12,"CB","CB_lag2","resource_matched","2-cycle bridge development lag",2,8102,0,"peripheral",3.21166456375436,2.78833543624564,7,0.352563839532874,0.3,3,2,"poolMean",2,0
10,30,10.0999763822848,4.09997638228478,0.0919088618918451,26.0687148215821,0.0711240188469297,23.3044237139318,8.33240501595695,3.31085833064012,102,16760,3060,490,14,"CB","CB_lag2","resource_matched","2-cycle bridge development lag",2,8102,0,"peripheral",3.21166456375436,2.78833543624564,7,0.352563839532874,0.3,3,2,"poolMean",2,0
11,33,10.5130144982109,4.5130144982109,0.0508991507961551,14.4368608146523,0.0505194496911838,16.553151530031,8.57536676468064,3.38739576100813,73,18460,3360,540,16,"CB","CB_lag2","resource_matched","2-cycle bridge development lag",2,8102,0,"peripheral",3.21166456375436,2.78833543624564,7,0.352563839532874,0.3,3,2,"poolMean",2,0
12,36,10.6629345349438,4.66293453494376,0.0335295278198303,9.51020044036704,0.038376857910704,12.5745222508473,8.66792027844998,3.51503803608689,48,20160,3660,590,18,"CB","CB_lag2","resource_matched","2-cycle bridge development lag",2,8102,0,"peripheral",3.21166456375436,2.78833543624564,7,0.352563839532874,0.3,3,2,"poolMean",2,0
13,39,10.8281319219432,4.82813192194315,0.0285899355388094,8.10915140267629,0.0274436782506413,8.99216771760598,8.76815260656927,3.51160270333128,4,21860,3960,640,20,"CB","CB_lag2","resource_matched","2-cycle bridge development lag",2,8102,0,"peripheral",3.21166456375436,2.78833543624564,7,0.352563839532874,0.3,3,2,"poolMean",2,0
14,42,10.8513997036346,4.85139970363465,0.0220050794748547,6.24144538022109,0.0255497375755084,8.37160104128618,8.77244761604827,3.53892644878961,22,23560,4260,690,22,"CB","CB_lag2","resource_matched","2-cycle bridge development lag",2,8102,0,"peripheral",3.21166456375436,2.78833543624564,7,0.352563839532874,0.3,3,2,"poolMean",2,0
15,45,10.8897896012937,4.88978960129366,0.0158797143803963,4.50406780270941,0.0208921933349191,6.845514830063,8.796380541719,3.64473549737212,55,25260,4560,740,24,"CB","CB_lag2","resource_matched","2-cycle bridge development lag",2,8102,0,"peripheral",3.21166456375436,2.78833543624564,7,0.352563839532874,0.3,3,2,"poolMean",2,0
16,48,10.9585477952729,4.95854779527294,0.0352076433793172,9.98617539052367,0.0203803490541764,6.67780445335254,8.95684304594804,3.6571591957488,81,26960,4860,790,26,"CB","CB_lag2","resource_matched","2-cycle bridge development lag",2,8102,0,"peripheral",3.21166456375436,2.78833543624564,7,0.352563839532874,0.3,3,2,"poolMean",2,0
17,51,11.0762336691196,5.07623366911956,0.019811165789844,5.61917121622358,0.0151702180042788,4.9706582099261,8.85650146907919,3.70623834132844,60,28660,5160,840,28,"CB","CB_lag2","resource_matched","2-cycle bridge development lag",2,8102,0,"peripheral",3.21166456375436,2.78833543624564,7,0.352563839532874,0.3,3,2,"poolMean",2,0
18,54,11.1351836099547,5.13518360995466,0.013328458753562,3.780438394142,0.0126962798731421,4.16005015677119,9.09124997638212,3.75956261644621,25,30360,5460,890,30,"CB","CB_lag2","resource_matched","2-cycle bridge development lag",2,8102,0,"peripheral",3.21166456375436,2.78833543624564,7,0.352563839532874,0.3,3,2,"poolMean",2,0
19,57,11.1842211473575,5.18422114735754,0.00783814959066859,2.22318590614785,0.00909943023194703,2.98151005973151,9.04049135785717,3.83271438542071,15,32060,5760,940,32,"CB","CB_lag2","resource_matched","2-cycle bridge development lag",2,8102,0,"peripheral",3.21166456375436,2.78833543624564,7,0.352563839532874,0.3,3,2,"poolMean",2,0
20,60,11.1978478613831,5.19784786138307,0.0208164991672169,5.90432053236017,0.0189613471631029,6.21285573621637,8.84527009738757,3.85178922435772,24,33760,6060,990,34,"CB","CB_lag2","resource_matched","2-cycle bridge development lag",2,8102,0,"peripheral",3.21166456375436,2.78833543624564,7,0.352563839532874,0.3,3,2,"poolMean",2,0
1,3,6.17782268650054,0.177822686500541,0.277748564913202,78.7796517309326,0.283400475866127,92.8587118302193,5.18823195152717,3.28225608088735,0,810,260,25,0,"CB","CB_equalBudget_lag2","resource_matched","equal budget + 2-cycle lag",2,8102,0,"peripheral",3.32968856975834,2.67031143024166,7,0.352563839532874,0.3,3,2,"poolMean",2,0
2,6,7.00036217694402,1.00036217694402,0.253701092560823,71.9589090296277,0.246422549373728,80.7425620258036,5.98459765148399,3.33051570816633,0,1710,460,60,0,"CB","CB_equalBudget_lag2","resource_matched","equal budget + 2-cycle lag",2,8102,0,"peripheral",3.32968856975834,2.67031143024166,7,0.352563839532874,0.3,3,2,"poolMean",2,0
3,9,7.61133305654953,1.61133305654953,0.158817358415984,45.0464116304177,0.194286152180518,63.6596031209743,6.43641858367711,3.41077965167888,10,2610,660,95,0,"CB","CB_equalBudget_lag2","resource_matched","equal budget + 2-cycle lag",2,8102,0,"peripheral",3.32968856975834,2.67031143024166,7,0.352563839532874,0.3,3,2,"poolMean",2,0
4,12,7.78259416872895,1.78259416872895,0.151399504820685,42.9424370409854,0.162039273467205,53.0936236224849,6.70331984397709,3.36448665621755,15,3510,860,130,0,"CB","CB_equalBudget_lag2","resource_matched","equal budget + 2-cycle lag",2,8102,0,"peripheral",3.32968856975834,2.67031143024166,7,0.352563839532874,0.3,3,2,"poolMean",2,0
5,15,8.08432980081544,2.08432980081544,0.12825348327223,36.3773787584564,0.143615216303689,47.0568157813487,6.74816713917888,3.40907598013735,17,4410,1060,165,2,"CB","CB_equalBudget_lag2","resource_matched","equal budget + 2-cycle lag",2,8102,0,"peripheral",3.32968856975834,2.67031143024166,7,0.352563839532874,0.3,3,2,"poolMean",2,0
6,18,8.37315888108998,2.37315888108998,0.132047189485443,37.4534125962542,0.123170819764512,40.3580255941686,7.04043633234312,3.40016117839164,6,5310,1260,200,4,"CB","CB_equalBudget_lag2","resource_matched","equal budget + 2-cycle lag",2,8102,0,"peripheral",3.32968856975834,2.67031143024166,7,0.352563839532874,0.3,3,2,"poolMean",2,0
7,21,8.65469535690956,2.65469535690956,0.10627581760481,30.1437089366904,0.0864670345917569,28.3317006558677,7.1936319409461,3.44546058839433,20,6210,1460,235,6,"CB","CB_equalBudget_lag2","resource_matched","equal budget + 2-cycle lag",2,8102,0,"peripheral",3.32968856975834,2.67031143024166,7,0.352563839532874,0.3,3,2,"poolMean",2,0
8,24,8.84773776306835,2.84773776306835,0.0459333939881698,13.0283905601405,0.0483890030995648,15.8550915655366,7.44131872248018,3.37992764515472,47,7110,1660,270,8,"CB","CB_equalBudget_lag2","resource_matched","equal budget + 2-cycle lag",2,8102,0,"peripheral",3.32968856975834,2.67031143024166,7,0.352563839532874,0.3,3,2,"poolMean",2,0
9,27,8.96305477334981,2.96305477334981,0.0560341058093107,15.893321868616,0.0420772889507613,13.7870017237421,7.4850223965571,3.39444445799019,49,8010,1860,305,10,"CB","CB_equalBudget_lag2","resource_matched","equal budget + 2-cycle lag",2,8102,0,"peripheral",3.32968856975834,2.67031143024166,7,0.352563839532874,0.3,3,2,"poolMean",2,0
10,30,8.96861307513119,2.96861307513119,0.0586932701472088,16.6475581344286,0.0323470767024547,10.5988102697546,7.57749687699034,3.3574761814863,60,8910,2060,340,12,"CB","CB_equalBudget_lag2","resource_matched","equal budget + 2-cycle lag",2,8102,0,"peripheral",3.32968856975834,2.67031143024166,7,0.352563839532874,0.3,3,2,"poolMean",2,0
11,33,9.14124477137164,3.14124477137164,0.0154421359969692,4.37995456863334,0.0220993897875923,7.24106359256472,7.51117515480365,3.32597495166014,47,9810,2260,375,14,"CB","CB_equalBudget_lag2","resource_matched","equal budget + 2-cycle lag",2,8102,0,"peripheral",3.32968856975834,2.67031143024166,7,0.352563839532874,0.3,3,2,"poolMean",2,0
12,36,9.1942448414829,3.1942448414829,0.022372929542664,6.34578111365783,0.0175762130258399,5.75900409286537,7.48650505414536,3.31139007775184,16,10710,2460,410,16,"CB","CB_equalBudget_lag2","resource_matched","equal budget + 2-cycle lag",2,8102,0,"peripheral",3.32968856975834,2.67031143024166,7,0.352563839532874,0.3,3,2,"poolMean",2,0
13,39,9.25752623275483,3.25752623275483,0.0140370507689372,3.98142100662833,0.017586085570693,5.76223892087596,7.52331806476585,3.42937981365623,4,11610,2660,445,18,"CB","CB_equalBudget_lag2","resource_matched","equal budget + 2-cycle lag",2,8102,0,"peripheral",3.32968856975834,2.67031143024166,7,0.352563839532874,0.3,3,2,"poolMean",2,0
14,42,9.3990667013508,3.3990667013508,0.00665525474861411,1.88767366427366,0.00597087554197117,1.95641101036089,7.53982694765371,3.36613672675345,9,12510,2860,480,20,"CB","CB_equalBudget_lag2","resource_matched","equal budget + 2-cycle lag",2,8102,0,"peripheral",3.32968856975834,2.67031143024166,7,0.352563839532874,0.3,3,2,"poolMean",2,0
15,45,9.4373209097284,3.4373209097284,0.00786046138013327,2.22951434569918,0.0139919894391225,4.58460103600076,7.43847479299111,3.32278813600755,22,13410,3060,515,22,"CB","CB_equalBudget_lag2","resource_matched","equal budget + 2-cycle lag",2,8102,0,"peripheral",3.32968856975834,2.67031143024166,7,0.352563839532874,0.3,3,2,"poolMean",2,0
16,48,9.39352416298349,3.39352416298349,0.0263213617090225,7.46570089090722,0.024891902865036,8.15605558877772,7.6208910632077,3.4568592507361,21,14310,3260,550,24,"CB","CB_equalBudget_lag2","resource_matched","equal budget + 2-cycle lag",2,8102,0,"peripheral",3.32968856975834,2.67031143024166,7,0.352563839532874,0.3,3,2,"poolMean",2,0
17,51,9.44580888178348,3.44580888178348,0.00858784982513666,2.43582831311204,0.0120809002680505,3.95841550093391,7.60466537079917,3.40650819126353,7,15210,3460,585,26,"CB","CB_equalBudget_lag2","resource_matched","equal budget + 2-cycle lag",2,8102,0,"peripheral",3.32968856975834,2.67031143024166,7,0.352563839532874,0.3,3,2,"poolMean",2,0
18,54,9.47703594205528,3.47703594205528,0.00521208111598212,1.4783368376314,0.00842795040869497,2.76149366344069,7.62570437663798,3.39330153581279,12,16110,3660,620,28,"CB","CB_equalBudget_lag2","resource_matched","equal budget + 2-cycle lag",2,8102,0,"peripheral",3.32968856975834,2.67031143024166,7,0.352563839532874,0.3,3,2,"poolMean",2,0
19,57,9.50953420756685,3.50953420756685,0.00378242105843837,1.07283295514646,0.00491817053972693,1.61148275945772,7.64568204955925,3.4634366390057,20,17010,3860,655,29,"CB","CB_equalBudget_lag2","resource_matched","equal budget + 2-cycle lag",2,8102,0,"peripheral",3.32968856975834,2.67031143024166,7,0.352563839532874,0.3,3,2,"poolMean",2,0
20,60,9.51126043526151,3.51126043526151,0.00420196333828117,1.19183049057116,0.00793502451865358,2.59998206739584,7.74449014610898,3.51859383483528,26,17910,4060,690,31,"CB","CB_equalBudget_lag2","resource_matched","equal budget + 2-cycle lag",2,8102,0,"peripheral",3.32968856975834,2.67031143024166,7,0.352563839532874,0.3,3,2,"poolMean",2,0
1,4,6.21771742556936,0.217717425569356,0.418271617489039,118.637129106384,0.295286482851391,96.7532687962352,5.43977826214637,3.24926979971477,0,1460,360,40,0,"CB","CB_cyc4_vs_GSRS3","resource_matched","CB 4-yr cycle vs GS-RS 3-yr cycle",2,8102,0,"peripheral",3.21166456375436,2.78833543624564,7,0.352563839532874,0.3,4,2,"poolMean",0,0
2,8,7.33128375716373,1.33128375716373,0.221282323881506,62.7637605077967,0.224348740070774,73.5098801088317,6.60353993753454,3.26478100135559,16,3160,660,90,2,"CB","CB_cyc4_vs_GSRS3","resource_matched","CB 4-yr cycle vs GS-RS 3-yr cycle",2,8102,0,"peripheral",3.21166456375436,2.78833543624564,7,0.352563839532874,0.3,4,2,"poolMean",0,0
3,12,7.95604232928333,1.95604232928333,0.174349623334173,49.4519300575963,0.190371557269532,62.3769509318403,7.04407848382379,3.28860885853244,72,4860,960,140,4,"CB","CB_cyc4_vs_GSRS3","resource_matched","CB 4-yr cycle vs GS-RS 3-yr cycle",2,8102,0,"peripheral",3.21166456375436,2.78833543624564,7,0.352563839532874,0.3,4,2,"poolMean",0,0
4,16,8.44135474868092,2.44135474868092,0.0948300768371921,26.897278224232,0.147402647604567,48.2978016712635,7.19723703275643,3.34187437966885,51,6560,1260,190,6,"CB","CB_cyc4_vs_GSRS3","resource_matched","CB 4-yr cycle vs GS-RS 3-yr cycle",2,8102,0,"peripheral",3.21166456375436,2.78833543624564,7,0.352563839532874,0.3,4,2,"poolMean",0,0
5,20,8.73938363744145,2.73938363744145,0.103124252522269,29.2498098100197,0.13019329964989,42.6590042146769,7.51818333411398,3.31330274565434,41,8260,1560,240,8,"CB","CB_cyc4_vs_GSRS3","resource_matched","CB 4-yr cycle vs GS-RS 3-yr cycle",2,8102,0,"peripheral",3.21166456375436,2.78833543624564,7,0.352563839532874,0.3,4,2,"poolMean",0,0
6,24,9.10944336406362,3.10944336406362,0.111250458956757,31.5546991728243,0.129173531965886,42.3248681719856,7.67954823910336,3.37054386605744,12,9960,1860,290,10,"CB","CB_cyc4_vs_GSRS3","resource_matched","CB 4-yr cycle vs GS-RS 3-yr cycle",2,8102,0,"peripheral",3.21166456375436,2.78833543624564,7,0.352563839532874,0.3,4,2,"poolMean",0,0
7,28,9.3791964519154,3.3791964519154,0.109339920136512,31.0128004849792,0.131604697117277,43.1214612740783,7.94221979510563,3.37469510600451,17,11660,2160,340,12,"CB","CB_cyc4_vs_GSRS3","resource_matched","CB 4-yr cycle vs GS-RS 3-yr cycle",2,8102,0,"peripheral",3.21166456375436,2.78833543624564,7,0.352563839532874,0.3,4,2,"poolMean",0,0
8,32,9.65274168691805,3.65274168691805,0.10571215732642,29.983834265727,0.112455309564968,36.8469924150877,8.40645669100797,3.41809386911021,130,13360,2460,390,14,"CB","CB_cyc4_vs_GSRS3","resource_matched","CB 4-yr cycle vs GS-RS 3-yr cycle",2,8102,0,"peripheral",3.21166456375436,2.78833543624564,7,0.352563839532874,0.3,4,2,"poolMean",0,0
9,36,10.1579289972677,4.1579289972677,0.083544605998815,23.6963059256181,0.108007981140788,35.3897853045735,8.44996570000866,3.40185266202937,88,15060,2760,440,16,"CB","CB_cyc4_vs_GSRS3","resource_matched","CB 4-yr cycle vs GS-RS 3-yr cycle",2,8102,0,"peripheral",3.21166456375436,2.78833543624564,7,0.352563839532874,0.3,4,2,"poolMean",0,0
10,40,10.5853347485314,4.58533474853136,0.0407626587730256,11.5617809322231,0.0799191904416488,26.1862406978848,8.64520738728803,3.31085833064012,91,16760,3060,490,18,"CB","CB_cyc4_vs_GSRS3","resource_matched","CB 4-yr cycle vs GS-RS 3-yr cycle",2,8102,0,"peripheral",3.21166456375436,2.78833543624564,7,0.352563839532874,0.3,4,2,"poolMean",0,0
11,44,10.8521898594956,4.85218985949555,0.0492179575473284,13.9600129192317,0.0719667308582398,23.5805458748949,8.72297254816456,3.38739576100813,58,18460,3360,540,20,"CB","CB_cyc4_vs_GSRS3","resource_matched","CB 4-yr cycle vs GS-RS 3-yr cycle",2,8102,0,"peripheral",3.21166456375436,2.78833543624564,7,0.352563839532874,0.3,4,2,"poolMean",0,0
12,48,10.94827045572,4.94827045571998,0.0413302147816655,11.722760574773,0.0727715516890185,23.8442526501634,8.65936909477212,3.51503803608689,46,20160,3660,590,22,"CB","CB_cyc4_vs_GSRS3","resource_matched","CB 4-yr cycle vs GS-RS 3-yr cycle",2,8102,0,"peripheral",3.21166456375436,2.78833543624564,7,0.352563839532874,0.3,4,2,"poolMean",0,0
13,52,10.9505455046574,4.95054550465739,0.0367441119479185,10.4219740732919,0.0625397230035097,20.4917020642828,8.72599168081064,3.51160270333128,4,21860,3960,640,23,"CB","CB_cyc4_vs_GSRS3","resource_matched","CB 4-yr cycle vs GS-RS 3-yr cycle",2,8102,0,"peripheral",3.21166456375436,2.78833543624564,7,0.352563839532874,0.3,4,2,"poolMean",0,0
14,56,10.9490614991562,4.9490614991562,0.030850942622818,8.75045570858704,0.0587757760725703,19.258411039149,8.75800868428885,3.53892644878961,19,23560,4260,690,25,"CB","CB_cyc4_vs_GSRS3","resource_matched","CB 4-yr cycle vs GS-RS 3-yr cycle",2,8102,0,"peripheral",3.21166456375436,2.78833543624564,7,0.352563839532874,0.3,4,2,"poolMean",0,0
15,60,11.0490788615708,5.04907886157084,0.0290809824433665,8.24843026496905,0.0563453946867712,18.4620747448936,8.93829743876525,3.64473549737212,89,25260,4560,740,27,"CB","CB_cyc4_vs_GSRS3","resource_matched","CB 4-yr cycle vs GS-RS 3-yr cycle",2,8102,0,"peripheral",3.21166456375436,2.78833543624564,7,0.352563839532874,0.3,4,2,"poolMean",0,0
